u_id,p_id,name,ccv,ccnumber,exp_date
CUST00000,PAY00000,Michael Schmidt,480,2275470631901617,12.28
CUST00001,PAY00001,Gina Chapman,104,3562054846415066,2.27
CUST00002,PAY00002,Amber Lee,520,4390938873011261,2.27
CUST00003,PAY00003,James Lopez,145,378853777442431,2.29
CUST00004,PAY00004,Joshua Walters,250,3552096245226869,1.26
CUST00005,PAY00005,Nancy Lamb,719,341995052538526,3.27
CUST00006,PAY00006,Miss Jacqueline Dawson,645,4368336019635859,5.27
CUST00007,PAY00007,Jennifer Bright,687,4711758503054,7.26
CUST00008,PAY00008,Beverly Hopkins,590,6524725866105204,6.25
CUST00009,PAY00009,Amy Jackson,378,371355952201324,4.27
CUST00010,PAY00010,Jordan Moore,899,371383977950436,1.26
CUST00011,PAY00011,Justin Murphy,519,3533910785566605,5.26
CUST00012,PAY00012,Brooke Robinson,152,180060630202519,3.3
CUST00013,PAY00013,Anna Sanders,797,3575348266174160,1.3
CUST00014,PAY00014,Susan Reyes,124,4910653838173,4.27
CUST00015,PAY00015,Mrs. Jessica Larsen,393,30316186571570,12.27
CUST00016,PAY00016,Jennifer Roberts,472,4907010697011,8.27
CUST00017,PAY00017,John Smith,644,30584324943338,7.26
CUST00018,PAY00018,Patrick Gay,454,4314393989943214,5.27
CUST00019,PAY00019,Michael Morris,575,4554375629864,12.26
CUST00020,PAY00020,Kenneth Wood,476,630469941300,12.25
CUST00021,PAY00021,Michelle Miller,018,3550961170449814,4.3
CUST00022,PAY00022,Joseph Johnson,870,213163025703736,1.26
CUST00023,PAY00023,Lisa Franklin,758,4864982453814119,9.28
CUST00024,PAY00024,Gary Johnson,748,6011619677640436,4.29
CUST00025,PAY00025,Taylor Ward,441,3542989594448246,6.29
CUST00026,PAY00026,Michael James,757,213127764045666,6.25
CUST00027,PAY00027,Donna Valenzuela,247,573398993077,3.26
CUST00028,PAY00028,Kimberly Reynolds,738,4430393074547747,12.26
CUST00029,PAY00029,Diane Lee,899,36811674594393,12.29
CUST00030,PAY00030,Lisa Mercer,954,2291467941278207,11.28
CUST00031,PAY00031,Susan Davidson,464,30298038384701,5.3
CUST00032,PAY00032,Dustin Day,937,4799733761772,1.28
CUST00033,PAY00033,Austin Richardson,478,370560112124487,12.28
CUST00034,PAY00034,Tammy Peterson,608,6011516320959959,4.3
CUST00035,PAY00035,Caroline Burgess,534,4160547609117564,1.27
CUST00036,PAY00036,Mark Casey,094,6011798630907387,11.28
CUST00037,PAY00037,Deborah Cherry,678,4410927312642,5.26
CUST00038,PAY00038,Cesar Burnett,834,4131986442613,7.27
CUST00039,PAY00039,Daniel Rodriguez,373,30457246552844,6.27
CUST00040,PAY00040,Elizabeth Mack,213,30549921752952,2.28
CUST00041,PAY00041,Lisa Wu,289,4167505568934,5.3
CUST00042,PAY00042,Robert Booth,375,6011215217213378,2.27
CUST00043,PAY00043,Andrew Rhodes,975,4535442643767434,10.27
CUST00044,PAY00044,Jamie Schmitt,339,3502798732982224,8.27
CUST00045,PAY00045,Lisa Mcneil,459,3509640528805172,5.25
CUST00046,PAY00046,Sarah Patel,719,348217995852390,1.28
CUST00047,PAY00047,Raymond Young,089,4646814677587384,8.29
CUST00048,PAY00048,Angela Vargas,645,378010627820668,12.25
CUST00049,PAY00049,Mrs. Amanda Smith,624,30458810528947,11.27
CUST00050,PAY00050,Alexandra Greene,020,3575941863130807,3.3
CUST00051,PAY00051,Craig Johnson,995,4350638239635552,5.27
CUST00052,PAY00052,Mary Miller,626,180040957739897,8.26
CUST00053,PAY00053,Linda Hernandez,260,6011571755221003,7.25
CUST00054,PAY00054,Peggy Sullivan,198,6011215872458128,3.27
CUST00055,PAY00055,Tanya Brown,233,36151922537211,1.26
CUST00056,PAY00056,Diana Reyes,015,4322091858963,6.25
CUST00057,PAY00057,Mary Swanson,391,3598893505139154,2.28
CUST00058,PAY00058,Alejandro Woods,314,347366888734180,11.27
CUST00059,PAY00059,Christina Campbell,109,676139343229,7.28
CUST00060,PAY00060,Eric Price,428,4192243315229258,2.3
CUST00061,PAY00061,Melissa Robles,312,2284148563100049,4.27
CUST00062,PAY00062,Kimberly Meyer,343,4200976989614616,6.25
CUST00063,PAY00063,Amanda Vargas,527,676384537368,1.26
CUST00064,PAY00064,Stephanie Frazier,901,4584471410244817,7.27
CUST00065,PAY00065,Amy King,421,213113749471086,3.26
CUST00066,PAY00066,Wayne Turner,681,6011879874265870,11.27
CUST00067,PAY00067,James Willis,782,3549608130224779,7.29
CUST00068,PAY00068,Steven Wilson,423,3573169117617864,4.26
CUST00069,PAY00069,Johnathan Hutchinson,500,4943190620416,5.26
CUST00070,PAY00070,Jacqueline Rodriguez,634,6011467780590993,6.27
CUST00071,PAY00071,Jordan Robbins,662,180053830475969,7.26
CUST00072,PAY00072,Audrey Hutchinson,273,4088061251003199,2.29
CUST00073,PAY00073,Justin Garrett,396,3534238218684004,4.28
CUST00074,PAY00074,Melissa Kelly,276,2713568600180442,6.25
CUST00075,PAY00075,Kelly Acosta,722,38194150355151,10.29
CUST00076,PAY00076,Thomas Mathis,617,3541439850796467,3.3
CUST00077,PAY00077,David Palmer,431,4750757992544337,6.25
CUST00078,PAY00078,Barbara Meadows,062,4295817075635,11.25
CUST00079,PAY00079,Joshua Holder,660,6011101864209291,2.29
CUST00080,PAY00080,Debra Luna,686,5410245088593342,5.27
CUST00081,PAY00081,Angela Alexander,983,572653559482,7.29
CUST00082,PAY00082,Adam Booker,594,3581921946327101,3.3
CUST00083,PAY00083,Christine Mills,414,2702974914956647,11.27
CUST00084,PAY00084,Veronica Evans,547,6011472428661156,10.28
CUST00085,PAY00085,Steven Rodgers,697,36418297179097,6.25
CUST00086,PAY00086,Christopher Bishop,558,4064505850442511,10.29
CUST00087,PAY00087,Carlos Rogers,910,180038464604703,3.26
CUST00088,PAY00088,Aaron Dillon,859,2281474729977390,9.29
CUST00089,PAY00089,Maria Huff,441,2265223552139598,5.25
CUST00090,PAY00090,Joshua Brown DDS,620,2240573792208847,4.26
CUST00091,PAY00091,Daniel Harris,795,3555954323486804,5.27
CUST00092,PAY00092,Michael Foster,151,4047286067920530,5.28
CUST00093,PAY00093,Jeremiah Thomas,479,4667183072317381,10.28
CUST00094,PAY00094,Parker Johnson,311,3545876946477204,7.29
CUST00095,PAY00095,Leah Hooper,497,30163088426267,4.28
CUST00096,PAY00096,Robert Harris,600,4545925815600335,11.26
CUST00097,PAY00097,Laura Scott,652,376939175318596,2.3
CUST00098,PAY00098,Taylor Hernandez,821,6011385495070509,8.26
CUST00099,PAY00099,Jordan Harris,791,374123034857928,11.27
CUST00100,PAY00100,Christina Harris,046,3506049639437292,11.29
CUST00101,PAY00101,Bryan Alvarez,907,180035490311220,7.26
CUST00102,PAY00102,Jeffrey Stewart,954,2271991305031336,8.27
CUST00103,PAY00103,Norman Reed,622,4434075946241,4.28
CUST00104,PAY00104,Mason Watkins,881,346336099965858,11.28
CUST00105,PAY00105,Joshua Gomez,083,4939548722585664,5.26
CUST00106,PAY00106,Russell Massey,726,571581912037,2.26
CUST00107,PAY00107,Nicholas Gibson,306,4682242745143623,10.26
CUST00108,PAY00108,Andrew Robertson,436,4766396558239297,1.29
CUST00109,PAY00109,Pamela Gonzalez,261,4559937360231484,8.25
CUST00110,PAY00110,Ryan Zuniga,092,4349192738538252,8.26
CUST00111,PAY00111,Jennifer Taylor,164,343701945602018,2.3
CUST00112,PAY00112,Jeffrey Bruce,056,4823218171768,11.25
CUST00113,PAY00113,Deanna Gonzalez,217,346624737302240,7.28
CUST00114,PAY00114,Dr. Sylvia Hamilton,206,377857665614622,11.25
CUST00115,PAY00115,Michael Ortiz,931,3597935018843599,9.26
CUST00116,PAY00116,Brian Allen,272,180006629733063,9.28
CUST00117,PAY00117,Julie Douglas,437,4125605612317931,2.26
CUST00118,PAY00118,Robert Murphy,507,213166006089587,3.27
CUST00119,PAY00119,Christian Edwards,888,36499731637932,2.28
CUST00120,PAY00120,Leslie Higgins,843,4633506429553726,1.3
CUST00121,PAY00121,April Hall,295,502087937673,7.26
CUST00122,PAY00122,Dr. Dylan Ellison MD,475,373995551074008,7.28
CUST00123,PAY00123,Angela Williams,438,3556584986685969,3.26
CUST00124,PAY00124,Tyler Acosta,014,6011663584525256,11.28
CUST00125,PAY00125,Joshua Barton,678,4014738062420428,3.26
CUST00126,PAY00126,Theodore Smith,674,6011108035216451,5.28
CUST00127,PAY00127,Stacey Lewis,461,4549367962095330,5.27
CUST00128,PAY00128,Rachel Owens MD,391,4432722893488856,5.26
CUST00129,PAY00129,Eric Brown,303,4585632013372938,7.27
CUST00130,PAY00130,Abigail Keller,791,213126499708788,8.29
CUST00131,PAY00131,Teresa Chapman,881,4148029127412576,5.29
CUST00132,PAY00132,Christian Scott,066,3585313200177370,9.25
CUST00133,PAY00133,Jordan Allen,790,4037239347105,1.29
CUST00134,PAY00134,Austin Rodriguez,186,4235329664417773,4.26
CUST00135,PAY00135,Luis Hurley,175,4146679138719645,3.29
CUST00136,PAY00136,Marc White,357,4313455500623582,12.25
CUST00137,PAY00137,Tamara Michael,283,3598272760084522,10.26
CUST00138,PAY00138,Carrie Jones,181,3587768992309192,8.25
CUST00139,PAY00139,Paul Carson,771,630413963871,10.26
CUST00140,PAY00140,Beth Ward,997,342640681624748,10.26
CUST00141,PAY00141,Kristina Ballard,511,30476864641341,5.27
CUST00142,PAY00142,Susan Mckee,137,4225244509421678,9.25
CUST00143,PAY00143,Jenna Alexander,080,2405683996028791,7.28
CUST00144,PAY00144,Joseph Lopez,953,213114557314483,3.27
CUST00145,PAY00145,Jose Bright,521,4921749643915,10.26
CUST00146,PAY00146,Karen Morgan,041,3514746764882628,8.25
CUST00147,PAY00147,Tina Bauer,161,180060545469732,6.25
CUST00148,PAY00148,Sarah Smith,624,30000650400504,10.25
CUST00149,PAY00149,Paula Hernandez,061,4485661267697337,6.26
CUST00150,PAY00150,Suzanne Rogers,469,4256478904704503,10.27
CUST00151,PAY00151,Brandon Bolton,711,372560489586449,9.29
CUST00152,PAY00152,Richard Roy,885,2705348985282927,10.29
CUST00153,PAY00153,Vanessa King,989,6548374364543020,7.26
CUST00154,PAY00154,Joseph Bennett,559,4831921469260149,9.27
CUST00155,PAY00155,Wayne Smith,177,3588473460633285,8.25
CUST00156,PAY00156,Jonathon Price,214,502040671252,10.26
CUST00157,PAY00157,Norma Smith,015,4445101402431325,4.3
CUST00158,PAY00158,Jacqueline Casey,977,4654188311397206,7.28
CUST00159,PAY00159,Mr. Alexander Lopez,408,5588721628735367,10.25
CUST00160,PAY00160,Joseph West,520,4773901487344687,6.28
CUST00161,PAY00161,Matthew Ruiz,370,3599813378176132,8.27
CUST00162,PAY00162,Timothy Richardson,665,2441243088890040,11.27
CUST00163,PAY00163,Madeline Smith,906,4345099910997814,4.27
CUST00164,PAY00164,Carrie Stanley,206,343184134393253,4.28
CUST00165,PAY00165,Brett Morales,837,675943999440,1.26
CUST00166,PAY00166,Tanner Simmons,179,4912988822605425,5.27
CUST00167,PAY00167,Michael Bradley,033,5518219110709359,9.29
CUST00168,PAY00168,Mrs. Haley Hodges,019,2717207324230698,5.29
CUST00169,PAY00169,Alexander Madden,059,36237462188380,6.26
CUST00170,PAY00170,Mercedes Zimmerman,508,3525451135724495,10.25
CUST00171,PAY00171,Elizabeth Jenkins,529,180003768468015,3.27
CUST00172,PAY00172,Paul Raymond,287,30507074874031,11.27
CUST00173,PAY00173,Bonnie Black,734,4739817071555053,2.29
CUST00174,PAY00174,Derrick Graves,458,180001541408639,9.28
CUST00175,PAY00175,Aaron Johnson,197,2224256037364571,11.26
CUST00176,PAY00176,Danielle Mckinney,855,3580840251838646,2.28
CUST00177,PAY00177,Courtney Boyd,406,6011211886547840,11.29
CUST00178,PAY00178,Roger Sampson,257,4183289016432585,10.27
CUST00179,PAY00179,Devin Ward DDS,191,6011201108534486,10.25
CUST00180,PAY00180,Russell Lopez,898,349138503411231,10.26
CUST00181,PAY00181,Madison Flowers,324,4983784773647208,1.27
CUST00182,PAY00182,Zachary Williamson,293,4002284369538988,4.26
CUST00183,PAY00183,Jennifer Wilson,774,6525370497597674,6.28
CUST00184,PAY00184,Larry Gonzalez,346,4161719989672422,4.3
CUST00185,PAY00185,Xavier Leon,349,3554429165789384,8.27
CUST00186,PAY00186,Johnny Mcdonald,415,3549811658698362,2.27
CUST00187,PAY00187,Shawn Solis,946,502033868915,4.3
CUST00188,PAY00188,Stephen Andrews,328,3554276185834991,5.25
CUST00189,PAY00189,Kayla Thomas,974,5322661362508847,9.29
CUST00190,PAY00190,Dale Reeves,471,4323722384791,6.27
CUST00191,PAY00191,Victoria Zamora,682,4456157066521336,5.29
CUST00192,PAY00192,Heather Rubio,903,36623235647978,4.26
CUST00193,PAY00193,Stephanie Case,215,3569713339691821,1.27
CUST00194,PAY00194,Stacie Lowe,407,3549672433988357,11.26
CUST00195,PAY00195,Chris Huang,053,6573914849313214,10.28
CUST00196,PAY00196,Dr. Paul Ortega DDS,599,4816192543838605,10.25
CUST00197,PAY00197,Jacob Horn,546,3595279197799179,8.28
CUST00198,PAY00198,Dr. Angela Moore,266,675902378867,12.26
CUST00199,PAY00199,Mary Anderson,310,676321299122,4.3
CUST00200,PAY00200,Daniel Montgomery,683,213130679571974,8.27
CUST00201,PAY00201,Justin Smith,885,4777836198173611,7.26
CUST00202,PAY00202,Anthony Morrison,471,4937951991628649,8.25
CUST00203,PAY00203,Summer Brooks,080,341181074481181,12.28
CUST00204,PAY00204,Michael Lopez,521,4174493285670203,6.28
CUST00205,PAY00205,Erica Kirk,049,585202260907,4.3
CUST00206,PAY00206,James Rogers,846,349924531710573,9.26
CUST00207,PAY00207,Tony Conner,772,4759542142721,4.26
CUST00208,PAY00208,Paige Wiggins,182,30548425377555,6.28
CUST00209,PAY00209,Andrea Fernandez,845,3511169332146892,2.28
CUST00210,PAY00210,Vincent Spencer,656,4349456038220,8.27
CUST00211,PAY00211,Albert Porter,893,060427914837,3.3
CUST00212,PAY00212,Brian Elliott,790,3594689136741580,6.29
CUST00213,PAY00213,Lindsey Leonard,734,4964642364148,12.28
CUST00214,PAY00214,Patricia Martinez,009,4980140012497297,7.28
CUST00215,PAY00215,Victoria Gibson,375,4844084638558524,7.25
CUST00216,PAY00216,Patricia Thomas,401,4819266450520796,2.26
CUST00217,PAY00217,Timothy Price,213,4889677187978161,6.26
CUST00218,PAY00218,Christine Peterson,306,4392836470490819,1.26
CUST00219,PAY00219,Belinda Everett,382,180046420857166,12.26
CUST00220,PAY00220,Caroline Morse,630,213167396439713,7.29
CUST00221,PAY00221,William Brown,037,4089627040591276,5.27
CUST00222,PAY00222,Sheryl Smith,094,30141856224171,9.25
CUST00223,PAY00223,Annette Mcdonald DVM,615,589178867109,9.25
CUST00224,PAY00224,Melissa Dunlap,835,2293886053550293,1.26
CUST00225,PAY00225,John Lee,466,5273444365856094,9.29
CUST00226,PAY00226,Terri Harrington,121,36210940710034,5.26
CUST00227,PAY00227,Gregory Jackson,307,4412920349076,9.28
CUST00228,PAY00228,Olivia Schmitt,703,4675289873932,1.26
CUST00229,PAY00229,Bob David,360,213116793860427,2.29
CUST00230,PAY00230,Richard Tucker,574,378714438499915,8.28
CUST00231,PAY00231,Rachel Tate,166,4057023395368992,9.28
CUST00232,PAY00232,Frank Young,910,5231921556972856,1.26
CUST00233,PAY00233,James Bailey,150,4682973507651,9.29
CUST00234,PAY00234,Gina Moody,498,180056845026289,3.26
CUST00235,PAY00235,Paula Carpenter,275,4954414491211318,4.26
CUST00236,PAY00236,Michelle Henson,844,2281360016864518,12.27
CUST00237,PAY00237,Matthew Powell,058,4994502465256527,3.26
CUST00238,PAY00238,Thomas Robbins,779,2281788611205507,8.28
CUST00239,PAY00239,Alexandra Martin,217,6597425005170035,5.28
CUST00240,PAY00240,Taylor Smith,139,2284394955533344,10.27
CUST00241,PAY00241,Cheryl Ford,888,30256969743196,4.3
CUST00242,PAY00242,James Bailey,643,4552697133649,3.3
CUST00243,PAY00243,Thomas Gonzales,928,379521919635688,10.25
CUST00244,PAY00244,Sarah Carter,660,5423982631657829,7.29
CUST00245,PAY00245,Cynthia Stevenson,259,38076704447917,2.26
CUST00246,PAY00246,Pamela Fields,151,676333555123,12.26
CUST00247,PAY00247,Renee Galvan,199,3579873841190551,1.29
CUST00248,PAY00248,April Miles,021,4635617162291,4.28
CUST00249,PAY00249,Robert Gibson,387,38360219914367,7.26
CUST00250,PAY00250,Susan Robinson,520,4857443107474676,7.27
CUST00251,PAY00251,Aaron Gutierrez,579,4734937748267325,10.27
CUST00252,PAY00252,Marcus Yoder,662,6560208297134148,10.28
CUST00253,PAY00253,Madison Ross,690,3555174876186988,10.25
CUST00254,PAY00254,Christine Garza,491,6011627271050720,5.28
CUST00255,PAY00255,Candice Martinez,787,4923328730838555,4.26
CUST00256,PAY00256,Thomas Ford,532,4073146294750703,2.29
CUST00257,PAY00257,Jonathan Becker,208,38713561965645,3.26
CUST00258,PAY00258,Melissa Powers,113,3504390221528680,9.27
CUST00259,PAY00259,Vanessa Campbell,838,4123824453089630,5.28
CUST00260,PAY00260,Nathan Evans,637,4401334421421611,7.29
CUST00261,PAY00261,Cynthia Dawson,471,3507962999113585,4.28
CUST00262,PAY00262,Michele Stewart,993,5129634232971987,7.26
CUST00263,PAY00263,Christine Wall,680,213157907093299,7.29
CUST00264,PAY00264,Christine Mcdonald,961,4181711432746603,8.26
CUST00265,PAY00265,Jeffrey Wilson,184,213139584153398,5.27
CUST00266,PAY00266,Kevin Gibson,223,4502540587808697,5.26
CUST00267,PAY00267,Marilyn Keller,450,2704150551468232,10.25
CUST00268,PAY00268,Mary Gill,437,4922053151986235,3.26
CUST00269,PAY00269,Sharon Decker,259,4368956780575024,5.29
CUST00270,PAY00270,Kimberly Adams,155,6547143849978924,4.26
CUST00271,PAY00271,Kelly Tran,980,501890632620,8.29
CUST00272,PAY00272,Sarah Bates,951,4784996899022,4.28
CUST00273,PAY00273,Christine Bryant,275,4167074364052483,7.28
CUST00274,PAY00274,Jeanette Johnson,368,180097639702792,10.26
CUST00275,PAY00275,Emily Black,616,3598241646716821,5.25
CUST00276,PAY00276,Christopher Graham,192,6577780964271982,4.28
CUST00277,PAY00277,Christopher Fisher,106,502079626664,8.28
CUST00278,PAY00278,Robert Collins,240,3598293500948222,12.27
CUST00279,PAY00279,Jared Johnson,623,4603998952849105,2.28
CUST00280,PAY00280,Jeanne Brewer,458,3596692707145973,3.27
CUST00281,PAY00281,Diana Carter,174,3553861630566735,2.27
CUST00282,PAY00282,Fernando Smith,199,2707274727729116,9.27
CUST00283,PAY00283,Kevin Dominguez,024,4240463696380155,10.26
CUST00284,PAY00284,Christine Harris,830,370907136723010,7.27
CUST00285,PAY00285,Derek Long,640,3564665808464780,5.29
CUST00286,PAY00286,Joshua Miller,986,4211225024458200,12.26
CUST00287,PAY00287,Tammy Garcia DDS,871,4544377270759605,8.29
CUST00288,PAY00288,Sarah Bowen,967,3596780272917312,1.29
CUST00289,PAY00289,Mr. William Donovan,860,30171191071425,5.27
CUST00290,PAY00290,Steven Anderson,526,4354381200002,9.26
CUST00291,PAY00291,Kristen Ward,526,4004420350184329,7.26
CUST00292,PAY00292,Rhonda Davies,518,4772795744339803,3.27
CUST00293,PAY00293,Phyllis Stephens,307,2232682421038580,8.28
CUST00294,PAY00294,Deanna Anderson,520,213138781478392,10.26
CUST00295,PAY00295,Shawn Larson,996,4858735527119008,3.27
CUST00296,PAY00296,Joanna Parker,140,4049297408836370,4.29
CUST00297,PAY00297,Tara Coleman,961,4948525216503386,7.26
CUST00298,PAY00298,Donald Murphy,572,4478174366967,12.27
CUST00299,PAY00299,Patricia Garcia,181,589825004593,5.27
CUST00300,PAY00300,Mr. Joshua Fisher DDS,920,36637637036689,4.29
CUST00301,PAY00301,Christopher Lewis,330,060414832588,3.26
CUST00302,PAY00302,Diane Eaton,136,4071641088738726,3.27
CUST00303,PAY00303,Laura Wilson,863,38177241828559,8.26
CUST00304,PAY00304,Heather Gaines,821,4228114023977504,1.27
CUST00305,PAY00305,Sean Miller,177,38850783164365,6.28
CUST00306,PAY00306,William Collins,472,3503454386877778,12.26
CUST00307,PAY00307,Kevin Decker,074,4944900398558,5.27
CUST00308,PAY00308,Rita Blake,534,4238490585876419,5.29
CUST00309,PAY00309,Angela Villegas,442,378309646260074,8.28
CUST00310,PAY00310,April Green,374,566311867576,6.26
CUST00311,PAY00311,Brittany Ware,551,4702364496244180,5.26
CUST00312,PAY00312,Amy Patterson,278,6011672385265418,1.26
CUST00313,PAY00313,Zachary Tran,811,6530773953312780,2.27
CUST00314,PAY00314,Michael Casey,494,213132019497605,12.28
CUST00315,PAY00315,Brandon Middleton,188,2720701737631851,9.26
CUST00316,PAY00316,Joseph Lindsey,238,378561975425658,5.25
CUST00317,PAY00317,Kirsten Garner,432,345477769443239,9.28
CUST00318,PAY00318,Robert Vasquez,750,6570584456921584,2.29
CUST00319,PAY00319,Kathryn Thomas,935,2236205505537495,3.26
CUST00320,PAY00320,Allison Reid,195,180027484746347,7.27
CUST00321,PAY00321,Andrea Gardner,670,4205427087809710,8.25
CUST00322,PAY00322,Luke Knight,503,3539454671960113,10.25
CUST00323,PAY00323,Angela Garza,677,30518351804435,1.27
CUST00324,PAY00324,Elizabeth Williams,167,3546081489915707,10.25
CUST00325,PAY00325,Taylor Watson,424,4973140406749,11.26
CUST00326,PAY00326,Justin Marshall,253,342313451050417,8.29
CUST00327,PAY00327,Monica Wade,410,348002841369785,9.28
CUST00328,PAY00328,Nicole Murray,505,3556620802638228,9.29
CUST00329,PAY00329,Brittany Smith,752,4098748796938727,1.3
CUST00330,PAY00330,Jonathan Castro,049,372377859499628,4.28
CUST00331,PAY00331,George Gallegos,688,4584006019565,9.27
CUST00332,PAY00332,Sherry Arnold,000,4204709099091,6.28
CUST00333,PAY00333,Ashley Williams,060,30265289592050,3.27
CUST00334,PAY00334,Curtis Campbell,590,4087471382776004,7.29
CUST00335,PAY00335,Veronica Gardner,271,4811073647780566,12.28
CUST00336,PAY00336,Theodore Jackson,753,2404734469277976,8.28
CUST00337,PAY00337,Lisa Baker,391,4933690284402130,7.28
CUST00338,PAY00338,Mr. Taylor Mooney,883,378639937216785,12.27
CUST00339,PAY00339,Kimberly Jordan,747,4106170669565943,3.3
CUST00340,PAY00340,Douglas Brown,251,4644679529561214,8.26
CUST00341,PAY00341,Christine Williams,189,6562445908572211,8.25
CUST00342,PAY00342,Thomas Howard,557,3598383086951128,10.26
CUST00343,PAY00343,John Walker,965,3562175085756496,6.29
CUST00344,PAY00344,April Trevino,653,3524318522460424,4.28
CUST00345,PAY00345,Elijah Yates,134,4718664406785442,6.26
CUST00346,PAY00346,Jill Ortiz,770,4307529327941654,5.26
CUST00347,PAY00347,Becky Neal,342,213108248305082,3.28
CUST00348,PAY00348,Michael Torres,731,3549403415735768,9.29
CUST00349,PAY00349,Kimberly Odonnell,430,180074082604767,5.27
CUST00350,PAY00350,Jamie Miller,078,4263578872061725,9.29
CUST00351,PAY00351,William Klein,345,4576929944797592,7.28
CUST00352,PAY00352,Jeremy Holden,217,4928329837016892,6.26
CUST00353,PAY00353,Dustin Stone,772,4929301629024,4.26
CUST00354,PAY00354,Sally Roth,262,4688478743258716,8.26
CUST00355,PAY00355,Randy Hinton,804,5408924248914283,4.28
CUST00356,PAY00356,Daniel Roberts,328,2259223071713897,10.29
CUST00357,PAY00357,Briana Brown,920,377247580922260,12.29
CUST00358,PAY00358,Jesus Gordon,007,4006973766404184,5.29
CUST00359,PAY00359,Lisa Jackson,454,4250188574864,10.25
CUST00360,PAY00360,Mary Bolton,957,5369657670118331,8.25
CUST00361,PAY00361,David Clark,255,5395176186985404,2.29
CUST00362,PAY00362,Sarah Deleon,855,213192167436763,10.28
CUST00363,PAY00363,Jeff Burns,090,3598503106514255,7.26
CUST00364,PAY00364,Teresa Wade,802,4652834309258577,5.27
CUST00365,PAY00365,Charles Barry,707,3518676595774478,5.27
CUST00366,PAY00366,Dorothy Jenkins,212,4903308129307739,11.25
CUST00367,PAY00367,Jamie Wang,573,213122882503241,1.27
CUST00368,PAY00368,Kimberly Charles,766,574087955930,7.28
CUST00369,PAY00369,Melissa Mayo,969,4846919194906583,12.27
CUST00370,PAY00370,Megan Lucas,463,4425788713015539,12.29
CUST00371,PAY00371,Veronica Dixon,124,6011686807318399,5.26
CUST00372,PAY00372,Brittany Gibson,938,3587568578728306,12.26
CUST00373,PAY00373,Nicholas Gonzales,126,6011557691489309,12.27
CUST00374,PAY00374,Joseph Young,617,4867627306646781,7.26
CUST00375,PAY00375,Christopher Rodriguez,015,343665612182176,10.26
CUST00376,PAY00376,Jeremy Hardy,388,4676955262466881,7.28
CUST00377,PAY00377,Megan Haynes,026,4742560342168208,1.3
CUST00378,PAY00378,Dylan Adams,625,4387518025963444,4.28
CUST00379,PAY00379,Thomas Macdonald,323,4670086702410408,5.26
CUST00380,PAY00380,Daniel Robbins,537,36096164068195,2.27
CUST00381,PAY00381,Joseph Lowery,706,3538706568365156,11.25
CUST00382,PAY00382,Ashley Forbes,258,4049682435933952,3.3
CUST00383,PAY00383,Sean Collins,576,5287576169111855,3.27
CUST00384,PAY00384,Michael Kelley,286,4858060529601163,12.28
CUST00385,PAY00385,Nicole Day,813,38637247330496,2.29
CUST00386,PAY00386,Angela Copeland,159,38143718643533,2.27
CUST00387,PAY00387,Sherry Richardson,381,4428303037567,6.26
CUST00388,PAY00388,Brandon Frank,534,6534061171666674,1.27
CUST00389,PAY00389,Charles Roy,016,4956193024282611,9.28
CUST00390,PAY00390,Emily Brown MD,750,6557012026586064,9.29
CUST00391,PAY00391,Jacob Moore,147,213101995342895,1.26
CUST00392,PAY00392,Melinda Beard,173,3544749428351778,12.26
CUST00393,PAY00393,Daniel Bright,887,346995273785919,12.27
CUST00394,PAY00394,Roy Cobb,677,639032218062,2.28
CUST00395,PAY00395,Thomas Raymond,925,4441871278443606,12.25
CUST00396,PAY00396,Tina Massey,095,4065544735591837,6.29
CUST00397,PAY00397,Steven Miller,122,38661043101125,4.3
CUST00398,PAY00398,Collin Martin,978,213104148567780,6.29
CUST00399,PAY00399,Angelica Ray,336,676332877023,7.26
CUST00400,PAY00400,Richard Acevedo,504,3532746924802696,6.29
CUST00401,PAY00401,Joseph Blake,321,30397031570835,12.27
CUST00402,PAY00402,Andrew Torres,540,30088536813792,7.27
CUST00403,PAY00403,Crystal Padilla,016,213138458684207,6.25
CUST00404,PAY00404,Kevin Phillips,590,4565349509891,11.26
CUST00405,PAY00405,Joy Smith,596,6011352503774969,5.3
CUST00406,PAY00406,Julie Logan,768,4403996779270,4.3
CUST00407,PAY00407,Alexandra Johnson,454,675907093636,11.27
CUST00408,PAY00408,Brent Walker,375,30323118708734,9.26
CUST00409,PAY00409,Matthew Campbell,222,4716941835849557,10.27
CUST00410,PAY00410,Amy Foster,641,213104096092773,9.28
CUST00411,PAY00411,Miss Jessica Walker MD,540,2222815674354450,9.25
CUST00412,PAY00412,Nathan Davis,366,4713897601207574,12.27
CUST00413,PAY00413,Mr. Adam Fisher DDS,535,30507046856454,11.29
CUST00414,PAY00414,Mary Romero,335,347967920248574,5.26
CUST00415,PAY00415,Jessica Wright,612,2230360265860755,1.28
CUST00416,PAY00416,Jennifer Zimmerman,674,3543987252593401,6.26
CUST00417,PAY00417,Megan Davis,989,675990980152,7.25
CUST00418,PAY00418,Lisa Dixon,811,3528644288943717,6.28
CUST00419,PAY00419,Gabriel King,050,4186388716759093,5.29
CUST00420,PAY00420,Jessica Collins,494,501820323415,9.29
CUST00421,PAY00421,Gilbert Baker,083,3583377782976782,6.28
CUST00422,PAY00422,Sharon Berry,818,4092890007935491,2.3
CUST00423,PAY00423,Hannah Stark,853,213156341791492,1.26
CUST00424,PAY00424,Michael Henderson,654,4462928499932726,8.27
CUST00425,PAY00425,Katelyn Sanchez,097,6528346181784189,9.25
CUST00426,PAY00426,Sandra Jimenez,166,4083086953225847,6.25
CUST00427,PAY00427,Jesus Bell,136,3543968518048026,12.28
CUST00428,PAY00428,Gregory Fitzpatrick,361,341733501424778,10.27
CUST00429,PAY00429,Antonio Garcia,260,4303187742231898,4.3
CUST00430,PAY00430,Amanda Chase,562,3515173201648000,6.26
CUST00431,PAY00431,Stephanie Norton,563,213163839578142,10.29
CUST00432,PAY00432,Kelly Burton,249,370539042078658,12.25
CUST00433,PAY00433,Troy Martinez,845,3534484033066700,11.25
CUST00434,PAY00434,Michael Hendricks,977,3515540774222837,9.26
CUST00435,PAY00435,Cathy Rodriguez,401,4689690733678801,1.3
CUST00436,PAY00436,Heather Winters,353,4969496628948896,4.3
CUST00437,PAY00437,Joyce Ferguson,473,5506857867382757,3.3
CUST00438,PAY00438,James Graham,688,676291273537,5.29
CUST00439,PAY00439,Lisa Jones,459,4766145943338811,9.26
CUST00440,PAY00440,Rhonda Smith,531,30221317329890,5.29
CUST00441,PAY00441,Lisa Wood,601,4408725357873639,9.26
CUST00442,PAY00442,Melissa Harris MD,931,4459501973959815,5.28
CUST00443,PAY00443,David Franklin,612,4852198217853228,3.28
CUST00444,PAY00444,Duane Beck,116,6011552316927122,9.25
CUST00445,PAY00445,Paul Miller,096,3564264591086230,11.26
CUST00446,PAY00446,Barbara Lopez,887,6517172608000725,7.27
CUST00447,PAY00447,Linda Johnson,622,180033489626096,9.29
CUST00448,PAY00448,Luis Joyce,983,6011676529170848,9.25
CUST00449,PAY00449,Alejandro Rodriguez,226,3545252407143760,5.28
CUST00450,PAY00450,Nathan Butler,687,4398228534242531,2.26
CUST00451,PAY00451,Taylor Tanner,437,6011516997617450,10.28
CUST00452,PAY00452,Debra Poole,539,4301340834009,6.25
CUST00453,PAY00453,Ryan Carter,991,4524207504809,2.29
CUST00454,PAY00454,Jonathan Peters,277,6011496976595268,11.29
CUST00455,PAY00455,Eric Johnson,051,4180346693837305,5.29
CUST00456,PAY00456,Michelle Duke,307,38041795951839,10.29
CUST00457,PAY00457,Steven Williams,650,4175470257667679,9.27
CUST00458,PAY00458,Carrie Morrison,050,213182157054254,2.26
CUST00459,PAY00459,Mary Brennan,770,4195814309630715,3.27
CUST00460,PAY00460,Jessica Roach,074,4692947067003746,6.25
CUST00461,PAY00461,Jessica Higgins,792,3514262563885325,8.28
CUST00462,PAY00462,Jennifer Vargas,195,30538104572733,2.26
CUST00463,PAY00463,Steven Wilson,737,347391841875466,7.28
CUST00464,PAY00464,Gary Garner,051,4918190677129,12.26
CUST00465,PAY00465,Gregory Webster,857,4496474070395107,1.28
CUST00466,PAY00466,Brenda Green,101,3535860499655707,8.26
CUST00467,PAY00467,Jonathan Wood,911,6011440890044052,6.26
CUST00468,PAY00468,Kathy Norris,746,4450236763466213,2.26
CUST00469,PAY00469,Jonathan Hartman,378,4224735448102578,9.26
CUST00470,PAY00470,Lisa Holland,881,378762831353767,2.26
CUST00471,PAY00471,Bonnie Russell,562,060450085695,5.3
CUST00472,PAY00472,Adrian Wells,950,38489496865339,9.29
CUST00473,PAY00473,Erica Gibson,486,379900589791239,12.25
CUST00474,PAY00474,Joann Garcia,149,6569362504295142,8.29
CUST00475,PAY00475,Martin Frey,901,6558274665327908,5.27
CUST00476,PAY00476,Jermaine Logan,147,3522057352966447,3.27
CUST00477,PAY00477,Joshua Nguyen,815,4064737821700772,3.3
CUST00478,PAY00478,Doris Carr,127,4296437113590,8.26
CUST00479,PAY00479,Jeff Brock,665,2720970372959550,6.29
CUST00480,PAY00480,Mark Miller,287,4768227214593690,4.27
CUST00481,PAY00481,Rebecca Mckay,826,6011573790329502,2.26
CUST00482,PAY00482,Timothy Boyd,939,4180072546632871,1.26
CUST00483,PAY00483,Ashley Macias,282,4558582891018462,6.29
CUST00484,PAY00484,Roger Ritter,698,6011852487665372,1.3
CUST00485,PAY00485,Allison Arias,362,3577382997703060,5.3
CUST00486,PAY00486,Angel Murray,802,4541511245382381,11.28
CUST00487,PAY00487,Sheila Gonzalez DDS,628,30185241954190,6.29
CUST00488,PAY00488,Dr. Laura Barnes,839,5588969040906757,2.29
CUST00489,PAY00489,Kevin Cooper,879,30566272969407,7.27
CUST00490,PAY00490,Crystal Glover,230,30175952811358,11.28
CUST00491,PAY00491,Jane Johnson,144,4885779894826008,11.29
CUST00492,PAY00492,Jennifer Beasley,983,348037174741028,1.27
CUST00493,PAY00493,Brandon Morris,152,6011575312449098,12.28
CUST00494,PAY00494,Isaiah Bell,680,2287063005347545,11.28
CUST00495,PAY00495,Mark Dunn,907,2244375359112651,11.28
CUST00496,PAY00496,Michael Frazier,410,4562057381415,2.27
CUST00497,PAY00497,Jessica Edwards,884,4818767144702128,9.29
CUST00498,PAY00498,Devon Perez,687,503844029150,4.26
CUST00499,PAY00499,Maria Stevenson,333,4521224377449649,11.25
CUST00500,PAY00500,Kristin Bond,827,4367524248571,1.3
CUST00501,PAY00501,Amber Gray,360,3587782280308683,7.26
CUST00502,PAY00502,James Hampton,396,373291381796857,1.29
CUST00503,PAY00503,Kevin Hamilton,082,2419192762395750,9.25
CUST00504,PAY00504,Jonathan Alvarez,427,213102482485601,7.25
CUST00505,PAY00505,Jacqueline Bowers,319,372230838907726,5.28
CUST00506,PAY00506,Elizabeth Bell,984,3562896525901638,6.29
CUST00507,PAY00507,Julie Browning,217,3520858577579168,8.25
CUST00508,PAY00508,Edward Martinez,564,4790738599499911,5.27
CUST00509,PAY00509,Carlos Colon,934,3567488812915938,4.3
CUST00510,PAY00510,Suzanne Reyes,349,4600304496264689,5.26
CUST00511,PAY00511,Caitlin Morton,530,2242338509603898,5.26
CUST00512,PAY00512,Juan Reed,280,340276970512047,9.28
CUST00513,PAY00513,Paul Yates,702,4841920876098512,10.27
CUST00514,PAY00514,Miranda Bass,064,3571080292838823,8.25
CUST00515,PAY00515,Gregory Martin,969,4916950493992,2.26
CUST00516,PAY00516,Kathy Nichols,919,213173846428355,10.29
CUST00517,PAY00517,Corey Carter,261,639035467278,12.27
CUST00518,PAY00518,Karen Lewis DVM,294,180036636549517,8.26
CUST00519,PAY00519,Cody Burnett,714,6532529665337871,4.29
CUST00520,PAY00520,Brandon Everett,611,4177525900492128,8.29
CUST00521,PAY00521,Ashlee Short,561,30097421310962,6.29
CUST00522,PAY00522,Abigail Bennett,556,6011415323053904,1.29
CUST00523,PAY00523,Jessica Simmons,293,4420074752899665,4.3
CUST00524,PAY00524,Patricia Lane,521,3525662080747378,11.27
CUST00525,PAY00525,Cory Wade,375,30301608528028,9.25
CUST00526,PAY00526,Mr. Mark Smith,280,639046681453,5.26
CUST00527,PAY00527,Madeline Watson,117,371014433534957,4.3
CUST00528,PAY00528,William Brown,888,4627512823099642,5.25
CUST00529,PAY00529,Evan Yang,021,30496774002517,7.29
CUST00530,PAY00530,Samantha Campbell,395,5438373098396171,6.27
CUST00531,PAY00531,Mallory Fry,644,2244177076068319,9.25
CUST00532,PAY00532,Stephanie Hoffman,691,180057710016868,9.25
CUST00533,PAY00533,Nicole Davis,110,4180715873861,3.26
CUST00534,PAY00534,Stanley Krause,400,630485329720,7.28
CUST00535,PAY00535,Dakota Nelson,664,180099432642167,2.28
CUST00536,PAY00536,Sheri Mayer,595,180071563137812,11.25
CUST00537,PAY00537,Crystal Sutton,013,4878453475669224,5.27
CUST00538,PAY00538,Julie Weber,698,3537182947148070,11.25
CUST00539,PAY00539,Heather Harmon,839,372400181086507,10.27
CUST00540,PAY00540,Laura Scott,778,378463165392899,8.25
CUST00541,PAY00541,Jake Drake,876,373452132834419,9.28
CUST00542,PAY00542,Kevin Becker,123,180008772274127,9.29
CUST00543,PAY00543,Cindy Potter,113,180099382430613,6.29
CUST00544,PAY00544,John Henderson,109,180029564165950,3.29
CUST00545,PAY00545,William Welch Jr.,186,36275669624088,2.26
CUST00546,PAY00546,Clinton Jimenez,364,4196160767362341,4.29
CUST00547,PAY00547,Wesley Castillo,924,4548416859597661,12.26
CUST00548,PAY00548,Jose Hoffman,153,213123528934519,6.29
CUST00549,PAY00549,Daniel Gonzalez,087,4351993549896466,10.28
CUST00550,PAY00550,Cynthia Porter,887,4752409603182,10.29
CUST00551,PAY00551,Elizabeth Chapman,992,3579343654361665,4.27
CUST00552,PAY00552,Joanna Turner,009,060447532601,11.25
CUST00553,PAY00553,Christopher Wallace,064,676220230954,8.25
CUST00554,PAY00554,Robert Anderson,423,180034683417530,2.26
CUST00555,PAY00555,Sean Hamilton,895,4253892476657,8.29
CUST00556,PAY00556,Margaret Miller MD,370,2655878429153763,6.25
CUST00557,PAY00557,Rachel Burton,149,4908666040228093,11.28
CUST00558,PAY00558,Danielle Adams,858,4743705175454,12.28
CUST00559,PAY00559,Mrs. Laura Dunlap,729,4613015045822508,7.26
CUST00560,PAY00560,George Johnston,314,3576294596432465,2.27
CUST00561,PAY00561,Adam West,387,4685852093412078,11.26
CUST00562,PAY00562,Eric Calhoun,579,5384338344436083,12.29
CUST00563,PAY00563,Lawrence Lawrence,993,4243264806549896,6.25
CUST00564,PAY00564,Amanda Reynolds,429,3596268662084281,6.25
CUST00565,PAY00565,Ann Robertson,797,4198078680575544,10.26
CUST00566,PAY00566,Larry Martin,560,38744699874300,6.29
CUST00567,PAY00567,Stephanie Crane,329,4683216559854094,7.26
CUST00568,PAY00568,Renee Peterson,924,4905977715924616,2.3
CUST00569,PAY00569,Daniel Johnson,760,639088120923,10.25
CUST00570,PAY00570,Crystal Compton,637,3532035135675285,8.29
CUST00571,PAY00571,Nathan Gilmore,428,348844714121813,1.26
CUST00572,PAY00572,Diana Stevenson,276,6593762217053631,3.27
CUST00573,PAY00573,Christy White,175,4261984461629850,8.28
CUST00574,PAY00574,Rebecca Lester,671,2509215217618806,10.26
CUST00575,PAY00575,Benjamin Harrison,417,630408775561,5.28
CUST00576,PAY00576,Terry French,970,180093249691301,3.29
CUST00577,PAY00577,Jordan Holmes,828,180033594187703,5.26
CUST00578,PAY00578,Joseph Santiago,365,3573298269792686,5.26
CUST00579,PAY00579,Brandon Davidson,080,4853648481751762,9.26
CUST00580,PAY00580,Robert Andrade,985,4246581251278857,5.28
CUST00581,PAY00581,John Salazar,592,4129783363075293,2.27
CUST00582,PAY00582,Andrew Bowers,362,4345536030330228,2.26
CUST00583,PAY00583,Daniel Jones,073,4670437675496504,2.28
CUST00584,PAY00584,Jeremy Anderson,968,4118122147317393,6.26
CUST00585,PAY00585,Dana Larson,037,4065153538303209,5.25
CUST00586,PAY00586,Judy Noble,352,4319352915755,3.26
CUST00587,PAY00587,Nathan Rivera,226,3545716998658170,2.28
CUST00588,PAY00588,Lauren Crane,790,6564631538183580,3.27
CUST00589,PAY00589,John Anderson,085,4195055387005607,6.27
CUST00590,PAY00590,Mrs. Christina Lynch,442,30339752733614,2.26
CUST00591,PAY00591,Linda Winters,836,2720073471567950,5.3
CUST00592,PAY00592,David Jones,565,4902830491915311,7.29
CUST00593,PAY00593,Jesse Bender,527,676237231748,2.29
CUST00594,PAY00594,John Johnson,777,2234413105986060,1.27
CUST00595,PAY00595,Douglas Crawford,660,4924876211076,4.28
CUST00596,PAY00596,James Underwood,229,3588470816652092,4.26
CUST00597,PAY00597,Gregory Perez,210,371301629938724,4.27
CUST00598,PAY00598,Johnny Duncan,400,30357329458275,2.3
CUST00599,PAY00599,Jonathan Martin,464,6011035826023749,11.25
CUST00600,PAY00600,Stephanie Clark,236,4928901118762697,5.26
CUST00601,PAY00601,Jennifer White,464,2493710879582124,7.25
CUST00602,PAY00602,Daniel Reese,973,4803486657795128,3.27
CUST00603,PAY00603,James Marquez,023,38742856490613,4.29
CUST00604,PAY00604,Rodney Doyle,454,3571327099868549,1.29
CUST00605,PAY00605,Kyle Thompson,504,4432431264376689,5.27
CUST00606,PAY00606,Yvette Miller,935,30584769096436,7.29
CUST00607,PAY00607,Patrick Krueger,636,2711558042810823,5.26
CUST00608,PAY00608,Jeanette Cardenas,895,180015533255857,8.29
CUST00609,PAY00609,Tyler Jordan,398,3521668690508724,10.26
CUST00610,PAY00610,Matthew Paul,869,060494532660,10.29
CUST00611,PAY00611,Alan Johnson,294,3567774075866367,2.3
CUST00612,PAY00612,Shaun Heath,273,4041662520295,6.26
CUST00613,PAY00613,Cynthia Cox,335,6551977331211663,6.29
CUST00614,PAY00614,Mitchell Atkinson,960,4263806498605017,6.26
CUST00615,PAY00615,Christopher Graham,208,3503918213027328,12.26
CUST00616,PAY00616,Larry Fernandez,813,3581970537130994,11.25
CUST00617,PAY00617,Joanne Adams,469,3588923701043389,6.28
CUST00618,PAY00618,Parker Wilson,436,4628049365224568,4.28
CUST00619,PAY00619,Deborah Holland,304,2260582850846310,11.28
CUST00620,PAY00620,Nathan Flores,952,2258425907174498,4.28
CUST00621,PAY00621,Roger Griffin,792,348145820882706,12.29
CUST00622,PAY00622,Michael Johnson,368,4024849504028,8.28
CUST00623,PAY00623,Richard Lopez,268,213139626181688,4.26
CUST00624,PAY00624,Brandy Kline,857,6532896911352354,6.27
CUST00625,PAY00625,Michelle Cole,496,2720423802712199,4.27
CUST00626,PAY00626,Monica Watkins,522,4447334963458787,5.29
CUST00627,PAY00627,Colleen Hopkins,836,060412014825,2.26
CUST00628,PAY00628,Chad Jackson,569,4747067522447845,7.26
CUST00629,PAY00629,Brittany Smith,748,30331753597858,10.29
CUST00630,PAY00630,Christopher Joseph,964,180094767336915,11.26
CUST00631,PAY00631,Tammy Hernandez,964,3545519513459805,5.27
CUST00632,PAY00632,Kristin Williams,261,4372442211666181,12.27
CUST00633,PAY00633,Kenneth Phillips,711,3511050781582581,12.28
CUST00634,PAY00634,Amanda Hall,400,213194039479526,8.29
CUST00635,PAY00635,Dawn Finley,405,36945535490431,2.26
CUST00636,PAY00636,Kenneth Chang,685,213195679626300,8.29
CUST00637,PAY00637,Darryl Tyler,400,3504189565284052,7.27
CUST00638,PAY00638,Linda Duran,598,2243631989505016,9.29
CUST00639,PAY00639,Roger Wilson,549,4339177593283764,12.26
CUST00640,PAY00640,Alexandria Blanchard,874,4714729056897,7.27
CUST00641,PAY00641,Frank Collins,010,36848255819716,5.26
CUST00642,PAY00642,Karla Booker,939,2715120243935283,11.25
CUST00643,PAY00643,Amber Vance,905,213157089888789,8.27
CUST00644,PAY00644,Margaret Burch,483,3513543031659413,11.27
CUST00645,PAY00645,Cheryl Bowen,104,5356925525215361,8.28
CUST00646,PAY00646,Kathryn Williams,376,3596728292983160,8.27
CUST00647,PAY00647,Edward Wilson,596,4611628642989322,11.29
CUST00648,PAY00648,Charles Barajas,338,2288718943456489,4.28
CUST00649,PAY00649,Jason Allen,591,3590649872572874,11.29
CUST00650,PAY00650,Joel Wells,135,060447484795,4.27
CUST00651,PAY00651,Eric Solis,421,4359684600349484,1.3
CUST00652,PAY00652,Alicia Smith,995,4239998114359,4.27
CUST00653,PAY00653,Angelica Day,740,348052945597849,1.26
CUST00654,PAY00654,Gregory Harris,226,3553961491617153,3.3
CUST00655,PAY00655,Gene Ritter,947,5402353509428245,8.29
CUST00656,PAY00656,Tina Bradshaw,221,5403821434742251,4.28
CUST00657,PAY00657,Samantha Smith,191,180094448624051,2.29
CUST00658,PAY00658,Joel Keller,533,4286904367282,1.28
CUST00659,PAY00659,Rebecca Mccoy,006,3536762477706024,2.3
CUST00660,PAY00660,Joseph Johnson,441,4079492749494511,2.26
CUST00661,PAY00661,Nicholas Williams,791,5335418209040079,5.3
CUST00662,PAY00662,David Anderson,171,4911483613791549,10.28
CUST00663,PAY00663,Joshua Whitney,490,4433919000272,10.28
CUST00664,PAY00664,Denise Avila,395,4775409534389976,1.27
CUST00665,PAY00665,Alexander Harding,539,373843015264353,6.25
CUST00666,PAY00666,Luke Hull,322,4481065942359,9.29
CUST00667,PAY00667,Joseph Brown,670,3538944152566687,10.28
CUST00668,PAY00668,Isaac Mejia,017,36873495378935,12.29
CUST00669,PAY00669,Penny Wise,392,180033533605187,5.25
CUST00670,PAY00670,Bryan Park,188,3503634132776404,12.26
CUST00671,PAY00671,Kevin Munoz,580,4974973164114675,1.28
CUST00672,PAY00672,Stephen Davis,485,4164695210841112,4.26
CUST00673,PAY00673,Miguel Brown,187,2687156681958191,2.26
CUST00674,PAY00674,Randy Ramos,051,372967542814181,2.27
CUST00675,PAY00675,Jason Hammond,153,340198619974794,3.26
CUST00676,PAY00676,Cheryl Horne,845,4506040161244,3.3
CUST00677,PAY00677,Jennifer Day,474,3576458024537969,8.26
CUST00678,PAY00678,Sheila Ruiz,002,30280925917421,5.25
CUST00679,PAY00679,Rachael Walker,297,4059467134370998,11.26
CUST00680,PAY00680,Stacy Newman,144,180054301876040,9.28
CUST00681,PAY00681,Stacey Green,349,180032511661428,12.28
CUST00682,PAY00682,Daniel Bailey,989,2253499345458420,2.28
CUST00683,PAY00683,Robert Ramos,486,4914564838787499,8.25
CUST00684,PAY00684,Sean Olson,540,4926626330513312,7.28
CUST00685,PAY00685,Tracy Fuller,195,676343622236,12.26
CUST00686,PAY00686,Anthony Watson,364,3552395763455565,7.29
CUST00687,PAY00687,Carl Casey,397,3563605579391524,4.28
CUST00688,PAY00688,Jeremy Wang,736,6541454778970337,12.28
CUST00689,PAY00689,Brian Cruz,092,4086023997699039,5.25
CUST00690,PAY00690,Paige Adams,769,3558229315396098,4.3
CUST00691,PAY00691,Brian Hall,960,4886564034997,2.29
CUST00692,PAY00692,Mr. Jeremy Kelly,461,5574747582813730,10.26
CUST00693,PAY00693,Emily Moon,959,4086023232549056,3.28
CUST00694,PAY00694,Ryan Arnold,500,3521611303429417,11.26
CUST00695,PAY00695,Aaron Arellano,005,4884556817499854,10.26
CUST00696,PAY00696,Lori Carter,106,4936176187891980,2.28
CUST00697,PAY00697,Jeremy Hunter,601,3562692901589901,4.26
CUST00698,PAY00698,Catherine Cole,315,4379810791074736,10.26
CUST00699,PAY00699,Joshua Mccoy,780,3525140748297706,2.29
CUST00700,PAY00700,Dr. Dana Flores MD,293,378667307939793,4.28
CUST00701,PAY00701,Annette Harvey,054,340433852646142,12.25
CUST00702,PAY00702,Veronica Walker,630,675928103679,3.27
CUST00703,PAY00703,Terry Moore,607,6011280429823141,5.26
CUST00704,PAY00704,Steven Waller,961,30577710652299,9.26
CUST00705,PAY00705,David Parsons,326,36047473210481,12.27
CUST00706,PAY00706,Jesse Christensen,092,213147690512886,6.26
CUST00707,PAY00707,Dakota Knight,729,3565521431556154,8.25
CUST00708,PAY00708,Benjamin English,070,3540618378587505,9.28
CUST00709,PAY00709,Nicholas Drake,395,4652711003483348,5.26
CUST00710,PAY00710,Amy Myers,196,4390101649695463,6.26
CUST00711,PAY00711,Tonya Anderson,105,6011515683004320,7.25
CUST00712,PAY00712,Chloe Foster,970,3503332190809718,6.28
CUST00713,PAY00713,Rodney Foster,288,060484131119,3.29
CUST00714,PAY00714,Laura Dunlap,302,379420337119542,5.26
CUST00715,PAY00715,Denise Wells,390,180085733887460,9.28
CUST00716,PAY00716,Joseph Gill,542,060432087918,1.26
CUST00717,PAY00717,Charles Medina,568,4899677344264586,4.28
CUST00718,PAY00718,Aaron Pennington,207,3561935955591351,10.28
CUST00719,PAY00719,George Rodriguez,264,639060851057,9.25
CUST00720,PAY00720,Katherine Brooks,133,3594107873409634,7.27
CUST00721,PAY00721,Randy Ross,195,30407493029137,8.28
CUST00722,PAY00722,Brittany Fisher,777,6522465312880777,10.25
CUST00723,PAY00723,Charles Harris,406,213133368531051,1.26
CUST00724,PAY00724,Lucas Hoffman,924,374446931909124,7.26
CUST00725,PAY00725,Patricia Moon,153,372873511773855,7.26
CUST00726,PAY00726,Michael Alvarado,534,4330721621101855,5.26
CUST00727,PAY00727,Melanie Washington,934,2377617984270332,8.27
CUST00728,PAY00728,Lori Chapman,369,4035975810120,9.25
CUST00729,PAY00729,Morgan Santos,960,4765423608440922,4.26
CUST00730,PAY00730,Vanessa Carson,359,30082725672614,7.29
CUST00731,PAY00731,Daniel Brown,608,4122847326350,3.3
CUST00732,PAY00732,Nichole Stewart,764,375317365296784,10.29
CUST00733,PAY00733,David Duncan,858,3542507136957266,5.25
CUST00734,PAY00734,Roberto Sanchez,589,4075418621693288,10.28
CUST00735,PAY00735,Nicholas Moore,092,3562368249926713,7.29
CUST00736,PAY00736,Michael Lawrence,354,38024156288769,3.29
CUST00737,PAY00737,Holly Owens,787,30199967314711,8.27
CUST00738,PAY00738,Jenny Fleming,144,2280998529350060,7.27
CUST00739,PAY00739,Mary Nichols,728,4127079813782020,7.28
CUST00740,PAY00740,Justin Rios,548,343317829452907,7.28
CUST00741,PAY00741,Jennifer Thompson,765,4200838330449953,5.27
CUST00742,PAY00742,Albert Wade,092,379404295168733,2.26
CUST00743,PAY00743,Kimberly Lee,027,213125906100472,3.29
CUST00744,PAY00744,Jose Jones,047,3585788615620751,2.3
CUST00745,PAY00745,Laura Coleman,851,5160001326618462,11.29
CUST00746,PAY00746,Alexander Jones,079,675968398148,11.27
CUST00747,PAY00747,Donna James,951,3581855075338739,11.26
CUST00748,PAY00748,Benjamin Campbell,444,4203698448608347,5.28
CUST00749,PAY00749,Hannah Elliott,673,3549629716224140,12.26
CUST00750,PAY00750,Charles Taylor,731,213132079025114,8.26
CUST00751,PAY00751,James Patterson,729,2271810384194585,8.26
CUST00752,PAY00752,Andrew Robbins,727,4962582500738195,11.26
CUST00753,PAY00753,William Ramos,690,3595951794945989,11.28
CUST00754,PAY00754,Emily Anderson,202,4686381638585205,8.29
CUST00755,PAY00755,Laura Ross,198,4942344537559820,1.26
CUST00756,PAY00756,Lisa Cooper,732,4720280425470399,7.26
CUST00757,PAY00757,Maria Brock,692,3580538785484131,9.25
CUST00758,PAY00758,Brian Friedman,495,376016793780299,8.25
CUST00759,PAY00759,Jose Garcia,364,180050305021484,9.26
CUST00760,PAY00760,Christopher Meyer,706,2277409235654329,8.28
CUST00761,PAY00761,Melissa Hamilton,069,4278044258356,12.29
CUST00762,PAY00762,Mark Scott,380,4851222911298935,3.29
CUST00763,PAY00763,Phyllis Turner,701,639011180812,7.27
CUST00764,PAY00764,Julie Morton,555,180058149759896,10.29
CUST00765,PAY00765,Jessica Walton,359,38088075501800,11.28
CUST00766,PAY00766,Renee Morris MD,574,675994045424,2.28
CUST00767,PAY00767,David Alvarez,761,4251792615996196,9.25
CUST00768,PAY00768,Mary Williams,770,30034484675072,7.26
CUST00769,PAY00769,Jeffrey Hutchinson,135,4628179238799,5.26
CUST00770,PAY00770,Jennifer Tucker,631,4974275850313,7.27
CUST00771,PAY00771,Patricia Brown DDS,045,344345699324756,2.28
CUST00772,PAY00772,Hector Wright,129,639049366110,8.27
CUST00773,PAY00773,Robert Torres,544,4251740038306402,10.28
CUST00774,PAY00774,Gary James PhD,480,6011718492346946,5.26
CUST00775,PAY00775,Ebony Shepard,968,6532883339774203,4.27
CUST00776,PAY00776,Matthew Smith,039,4705866586462141,12.26
CUST00777,PAY00777,Riley Smith,792,180073732465934,5.27
CUST00778,PAY00778,Maxwell Reeves,145,675944037190,3.26
CUST00779,PAY00779,Jonathan Pena,817,4414335233715681,10.28
CUST00780,PAY00780,Kevin Freeman,310,4406871630712350,10.28
CUST00781,PAY00781,Nathaniel Harris,606,4115248588399490,1.28
CUST00782,PAY00782,Jeffrey West,143,4902014201370791,3.26
CUST00783,PAY00783,Caroline Williams,243,4586085977993,7.27
CUST00784,PAY00784,Kimberly Cox,975,3532161261276530,1.28
CUST00785,PAY00785,Alyssa Parker,032,213151139094118,5.26
CUST00786,PAY00786,Alice Gomez,854,4424735397042,11.29
CUST00787,PAY00787,Cory Taylor,298,213104823468874,1.3
CUST00788,PAY00788,Patrick Williams,824,3560534532893686,4.29
CUST00789,PAY00789,Paul Bird,855,639031736510,5.28
CUST00790,PAY00790,Diana Nielsen,234,4140280956915528,3.3
CUST00791,PAY00791,Robert Vaughn,817,566192556991,3.3
CUST00792,PAY00792,Melissa Hammond,866,4907119591334233,9.28
CUST00793,PAY00793,Kristie Garcia,473,4165715283491849,1.27
CUST00794,PAY00794,Alyssa Brown,620,502079737214,3.28
CUST00795,PAY00795,Bonnie Freeman,203,38918709481567,4.26
CUST00796,PAY00796,Brandy Lee,752,6011652315599052,10.27
CUST00797,PAY00797,Kyle Mayer,382,3583974786934534,3.29
CUST00798,PAY00798,Travis Peterson,647,38090701890201,7.25
CUST00799,PAY00799,Joel Clark,131,2274992242864497,6.28
CUST00800,PAY00800,Mary Pacheco,039,3502491397504695,1.28
CUST00801,PAY00801,Bailey Tran,462,213133368563963,5.27
CUST00802,PAY00802,Jennifer Burns,406,4302930669272523,8.25
CUST00803,PAY00803,Heather Weiss,849,38127014519711,1.26
CUST00804,PAY00804,Brian Mckenzie,724,5488807709135121,8.27
CUST00805,PAY00805,William Long,880,4361986592972,11.29
CUST00806,PAY00806,Katie Jacobs,379,6011257626608590,12.27
CUST00807,PAY00807,Carrie Cox,823,4245286360724159,5.29
CUST00808,PAY00808,Cynthia Sanchez,565,2693913817204169,12.26
CUST00809,PAY00809,Ashley Bailey,254,30182714560836,7.29
CUST00810,PAY00810,Scott Nguyen,464,3574910208251215,9.26
CUST00811,PAY00811,Melissa Rodriguez,629,180041821019292,1.3
CUST00812,PAY00812,Troy Blair,754,3530835174871477,12.27
CUST00813,PAY00813,Edward Peterson,466,4000483361470701,6.29
CUST00814,PAY00814,Laura Vargas,689,2229887885650235,3.28
CUST00815,PAY00815,Phillip Johnston,629,4887694088739224,1.3
CUST00816,PAY00816,Meredith Butler,311,4769005711680,7.25
CUST00817,PAY00817,Sierra Brady,477,372191208223781,7.29
CUST00818,PAY00818,Hannah Calhoun,612,4743659749056,6.25
CUST00819,PAY00819,Stephanie Brown,281,6011500638544596,10.27
CUST00820,PAY00820,Jill Wilkinson,803,213159798146152,12.28
CUST00821,PAY00821,Cynthia Schroeder,086,568540799232,3.29
CUST00822,PAY00822,Zachary Jackson,935,5134057682255664,1.26
CUST00823,PAY00823,Travis Smith,699,4302800503305121,9.29
CUST00824,PAY00824,David Klein,734,4155539075096190,3.3
CUST00825,PAY00825,Meghan Benitez,057,180037668606498,1.29
CUST00826,PAY00826,Thomas Thomas,057,376800056577801,3.27
CUST00827,PAY00827,Travis Walker,138,213199322197941,4.26
CUST00828,PAY00828,Vickie Davis,505,587259128797,3.28
CUST00829,PAY00829,Billy Washington,782,6011740605642185,8.28
CUST00830,PAY00830,Samantha Brown MD,798,4507469795670956,7.27
CUST00831,PAY00831,Jennifer Cruz,605,349238457029987,4.27
CUST00832,PAY00832,Randy Coleman,740,3541316186656492,7.29
CUST00833,PAY00833,Haley Davies MD,137,4421452770239925,11.26
CUST00834,PAY00834,Jon Spears,702,3581194629644644,11.27
CUST00835,PAY00835,Logan Taylor,886,5449900702511915,10.29
CUST00836,PAY00836,Timothy Schroeder,968,060491940890,10.29
CUST00837,PAY00837,David Bauer,954,4691402925022265,2.26
CUST00838,PAY00838,Debbie Clark,183,2446690015421734,12.26
CUST00839,PAY00839,Mike Porter,236,4160214321125,12.27
CUST00840,PAY00840,Laura Delgado,844,213113350641308,8.29
CUST00841,PAY00841,Kathryn Jackson,990,30521421149609,12.25
CUST00842,PAY00842,Ruth Williams,763,3522948281730989,10.29
CUST00843,PAY00843,Jennifer Chang,033,180002612123198,9.26
CUST00844,PAY00844,Robert Flores,207,3573848384638071,12.26
CUST00845,PAY00845,Terry Hernandez,211,213169780287385,11.26
CUST00846,PAY00846,Cassandra Martinez,148,180035516923222,5.28
CUST00847,PAY00847,Jamie Baker,608,4260171104389768,10.28
CUST00848,PAY00848,Debra Pineda,683,3505056322520178,1.3
CUST00849,PAY00849,Emily James,495,4609070719940751,1.3
CUST00850,PAY00850,Charles Mercado,312,376949913150060,8.25
CUST00851,PAY00851,Kayla Allen,280,3530760195059722,5.26
CUST00852,PAY00852,Juan Villarreal,811,4792295050424306,11.26
CUST00853,PAY00853,Ryan Brock,138,4159736339628851,10.27
CUST00854,PAY00854,Paul Peterson,365,377189403666825,8.25
CUST00855,PAY00855,Tamara Jensen,676,676383307912,4.27
CUST00856,PAY00856,James Castaneda,436,2233650396380419,3.29
CUST00857,PAY00857,Beth Richardson,822,4679911280310749,12.25
CUST00858,PAY00858,Andrew Sharp,275,6011852772373518,12.28
CUST00859,PAY00859,Lori Contreras,366,4020167402160324,5.25
CUST00860,PAY00860,Wayne Warren,753,30372975800027,8.29
CUST00861,PAY00861,Robert Johnson,181,4007528079624370,10.29
CUST00862,PAY00862,Jessica Todd,442,3582145792624655,6.28
CUST00863,PAY00863,Alexander Adams,546,6541934705268517,12.26
CUST00864,PAY00864,David Medina,522,30400246797001,11.26
CUST00865,PAY00865,Danielle Willis,381,4748379796712898,9.26
CUST00866,PAY00866,Vanessa Gonzales,399,348598883975207,10.26
CUST00867,PAY00867,Jennifer Reid,208,213182722065835,1.3
CUST00868,PAY00868,Anita Chavez,575,3555876790122705,1.26
CUST00869,PAY00869,Brian Flores,994,4234266866524009,7.28
CUST00870,PAY00870,Christian Hall,362,213124924692230,4.3
CUST00871,PAY00871,Jennifer Lewis,189,4774840122038024,8.29
CUST00872,PAY00872,Carrie Davenport,714,4790075393241,3.26
CUST00873,PAY00873,Erin Anderson,752,6011485030771403,5.27
CUST00874,PAY00874,Kelly Coleman,604,4433969181482875,4.29
CUST00875,PAY00875,Johnathan Gutierrez,998,2287830453920282,9.29
CUST00876,PAY00876,Cory Ross,315,3522357458277180,4.29
CUST00877,PAY00877,Crystal Webb,997,2709556526366134,12.29
CUST00878,PAY00878,Joshua Combs,555,3593825555249421,3.27
CUST00879,PAY00879,Victoria Patterson,683,4678038114699,11.27
CUST00880,PAY00880,Karen Callahan,665,180017839831803,6.27
CUST00881,PAY00881,Angel Potts,155,4729149971541,3.28
CUST00882,PAY00882,Karen Thomas,068,4063755721904220,5.28
CUST00883,PAY00883,Scott Garcia,317,180042850597158,2.26
CUST00884,PAY00884,Vanessa Cox,992,3538075188127309,3.3
CUST00885,PAY00885,Colleen Brown,923,3508813164588847,9.25
CUST00886,PAY00886,Matthew Coleman,308,5399413616115732,1.3
CUST00887,PAY00887,Melissa Hall,919,376912110566918,11.26
CUST00888,PAY00888,Jaime Henderson,062,502003618779,9.27
CUST00889,PAY00889,Christina Clay,637,347523160427368,1.27
CUST00890,PAY00890,Shawn Quinn,958,6011342162851018,1.27
CUST00891,PAY00891,Kenneth Turner,053,3584600424940018,6.28
CUST00892,PAY00892,Jennifer Spencer,432,213141826924180,3.26
CUST00893,PAY00893,Stacey Bryant,364,4073777831198342,9.25
CUST00894,PAY00894,Daniel Ho,658,30156482907296,11.26
CUST00895,PAY00895,Sandra Collins,394,180097253223372,12.27
CUST00896,PAY00896,Kristina Chapman,879,4120317609246622,9.25
CUST00897,PAY00897,Tracy Lane,257,060467652255,12.29
CUST00898,PAY00898,Michelle Reynolds,908,503808752839,7.25
CUST00899,PAY00899,Ryan Bates,684,4046622076932,12.25
CUST00900,PAY00900,Carla Terry,966,060463528327,7.29
CUST00901,PAY00901,Ronald Smith,684,6551937647104416,7.29
CUST00902,PAY00902,Eugene Anderson,813,377916833038070,7.25
CUST00903,PAY00903,Karen Cobb,202,675937637659,12.25
CUST00904,PAY00904,Kelly Ingram,968,4159280967868406,8.29
CUST00905,PAY00905,Jerry Flores,148,4932725312386839,9.28
CUST00906,PAY00906,Matthew Li,471,3502884188997906,9.26
CUST00907,PAY00907,Joshua Kelley,487,3539447147716861,5.28
CUST00908,PAY00908,Dominique Grant,022,4203091390894,1.27
CUST00909,PAY00909,Renee Reese,959,6529012059235683,5.3
CUST00910,PAY00910,Sally Sutton,671,180023144969031,5.25
CUST00911,PAY00911,Curtis Jackson,307,3582541398483183,8.28
CUST00912,PAY00912,Donna Campbell,006,2257013434074653,3.26
CUST00913,PAY00913,Lori Jackson,967,6531407725977195,11.25
CUST00914,PAY00914,Robert Lester,149,4068516980607652,11.25
CUST00915,PAY00915,Christina Nunez,763,3577719576722963,1.26
CUST00916,PAY00916,Jennifer Keith,429,6582568373213999,3.26
CUST00917,PAY00917,Christopher Spence,376,4523620516800959,3.27
CUST00918,PAY00918,Kim Shelton,198,4932427951362623,5.29
CUST00919,PAY00919,Christine Ramos,288,3537485343656004,5.28
CUST00920,PAY00920,Michael Bridges,315,213164846648886,4.29
CUST00921,PAY00921,Amanda Jacobs,676,213128101775072,4.3
CUST00922,PAY00922,Ryan Harmon,436,4795497687716,7.27
CUST00923,PAY00923,Keith Rasmussen,681,3538311297914471,10.29
CUST00924,PAY00924,Susan George,019,3591363333255215,2.28
CUST00925,PAY00925,Matthew Barry,671,370567697653780,9.26
CUST00926,PAY00926,Richard Jones,809,2703855859760780,7.28
CUST00927,PAY00927,Theresa Cole,939,3536725417925566,3.29
CUST00928,PAY00928,Ian Fritz,321,377803815510724,6.27
CUST00929,PAY00929,Michael Vega,754,38680238361963,6.28
CUST00930,PAY00930,Donna Rogers,768,2291216858121995,6.26
CUST00931,PAY00931,Austin Roberts,522,587175111612,7.27
CUST00932,PAY00932,Shannon Bolton,673,3512282984297423,3.28
CUST00933,PAY00933,Marissa Dodson,373,630423048036,11.26
CUST00934,PAY00934,Janet Bailey,571,3508143253166457,7.26
CUST00935,PAY00935,Jennifer King,154,4140955561808,10.27
CUST00936,PAY00936,Paul Ellison,459,4942142477644,12.26
CUST00937,PAY00937,Michael Johnson,046,3579530193178564,8.29
CUST00938,PAY00938,Michael Morgan,844,213195928807735,10.29
CUST00939,PAY00939,Gerald Mcclure,501,4552263136116140,11.27
CUST00940,PAY00940,Kevin Smith,434,374438837335033,11.29
CUST00941,PAY00941,Felicia Adkins,199,4509380646227259,1.3
CUST00942,PAY00942,Tiffany Green,293,4601196401206215,8.28
CUST00943,PAY00943,Amanda Brown,280,3597043959814933,12.27
CUST00944,PAY00944,Jeffrey Walker,233,3541197455829857,6.27
CUST00945,PAY00945,James Williams,284,4035856145708174,10.26
CUST00946,PAY00946,Joshua Harrison,062,213125550777302,12.26
CUST00947,PAY00947,Jamie Frost,834,4968726918166,5.27
CUST00948,PAY00948,Debra Sharp,131,3579702353486778,2.3
CUST00949,PAY00949,Travis Carlson,818,4166513703111,7.27
CUST00950,PAY00950,Allison Baker,172,30598525351174,6.29
CUST00951,PAY00951,Aaron Harrison,203,3593840918725652,2.29
CUST00952,PAY00952,Claire Mcclure DDS,856,4845985357573602,5.26
CUST00953,PAY00953,Maria Montgomery,412,3547702288409043,8.29
CUST00954,PAY00954,Robert Nunez,964,6599799502944672,5.27
CUST00955,PAY00955,Thomas Owens,386,213151665982603,8.27
CUST00956,PAY00956,Belinda Robinson,350,30559469210503,1.27
CUST00957,PAY00957,Meghan Little,381,3551536802581355,5.26
CUST00958,PAY00958,Deanna Baker,723,4294663012467876,10.29
CUST00959,PAY00959,Sean Sanders,177,4464882038576775,8.25
CUST00960,PAY00960,Danielle Medina,745,180001241134261,8.29
CUST00961,PAY00961,Mark Massey,914,4748100637827228,9.29
CUST00962,PAY00962,James Stout,966,3549342450089402,9.28
CUST00963,PAY00963,Nicole Wagner,877,345632928412711,5.28
CUST00964,PAY00964,Eileen Sanchez,943,4641518789232,4.28
CUST00965,PAY00965,Kristy Fisher,946,213154123309963,11.27
CUST00966,PAY00966,Melissa Hardin,399,3586482387508423,5.29
CUST00967,PAY00967,Kathryn Roberts,595,3547514668248853,3.28
CUST00968,PAY00968,Jason Chang,694,4637575623993510,4.26
CUST00969,PAY00969,Dakota Kane,097,4578080401566,11.29
CUST00970,PAY00970,Jeffrey Richardson,639,4638879330423137,10.27
CUST00971,PAY00971,Randall Munoz,627,180010391207025,11.26
CUST00972,PAY00972,Lauren Torres,644,3592881926466211,12.28
CUST00973,PAY00973,Gary Hubbard,602,4132592453343369,9.26
CUST00974,PAY00974,Patricia Walsh,494,4787191626597189,4.3
CUST00975,PAY00975,Devon Martinez,773,347054895663614,3.3
CUST00976,PAY00976,Cassandra Scott,254,2283867037418304,7.26
CUST00977,PAY00977,Kelly Berg,820,2692931059955547,2.26
CUST00978,PAY00978,Danielle Ford,464,3504556813075393,7.25
CUST00979,PAY00979,Melissa Johnson,429,213105259315356,8.25
CUST00980,PAY00980,Tony Allison,319,4774210063931373,7.28
CUST00981,PAY00981,Judith Palmer,684,4877762262207159,9.29
CUST00982,PAY00982,John Lewis,786,4074265900989254,1.27
CUST00983,PAY00983,Madison Price,651,3584411373315602,8.27
CUST00984,PAY00984,Sydney Williams,005,30466977085155,9.26
CUST00985,PAY00985,Kristin Melendez,216,4966811819596,6.28
CUST00986,PAY00986,Ashley Thompson,805,4693412872621025,6.25
CUST00987,PAY00987,Benjamin Burgess,154,676229649717,5.28
CUST00988,PAY00988,Amy Webb,117,379197149986074,1.3
CUST00989,PAY00989,James English,416,3519617220823537,5.29
CUST00990,PAY00990,Danielle Hayes,697,4370115542121,10.27
CUST00991,PAY00991,Alison Garcia,797,4947944997921,9.28
CUST00992,PAY00992,Jamie Alvarez,667,4486882973937841,9.25
CUST00993,PAY00993,Vicki Jones,333,4085678927530264,12.27
CUST00994,PAY00994,Anna Smith,164,4847409838090878,1.3
CUST00995,PAY00995,Christopher Blackwell,966,213131218502850,1.26
CUST00996,PAY00996,Benjamin Williams,941,4563309099746248,6.25
CUST00997,PAY00997,Yesenia Hernandez,775,4227846872564823,10.28
CUST00998,PAY00998,Jason Cohen,941,3592175323452597,12.28
CUST00999,PAY00999,Jason Levy,206,4713621586145420,11.25
