shop_id,product_id,collector_id,collection_id
SHOP0086,P00464,CUST00481,COLL00000
SHOP0336,P00828,CUST00868,COLL00001
SHOP0388,P00386,CUST00662,COLL00002
SHOP0293,P00938,CUST00542,COLL00003
SHOP0061,P00383,CUST00277,COLL00004
SHOP0456,P00551,CUST00662,COLL00005
SHOP0139,P00617,CUST00208,COLL00006
SHOP0144,P00386,CUST00084,COLL00007
SHOP0161,P00303,CUST00319,COLL00008
SHOP0145,P00085,CUST00708,COLL00009
SHOP0343,P00612,CUST00741,COLL00010
SHOP0150,P00223,CUST00296,COLL00011
SHOP0087,P00248,CUST00072,COLL00012
SHOP0000,P00324,CUST00519,COLL00013
SHOP0068,P00354,CUST00975,COLL00014
SHOP0176,P00497,CUST00059,COLL00015
SHOP0338,P00288,CUST00256,COLL00016
SHOP0420,P00829,CUST00677,COLL00017
SHOP0132,P00120,CUST00139,COLL00018
SHOP0275,P00956,CUST00002,COLL00019
SHOP0125,P00865,CUST00721,COLL00020
SHOP0338,P00288,CUST00002,COLL00021
SHOP0378,P00344,CUST00256,COLL00022
SHOP0220,P00788,CUST00312,COLL00023
SHOP0097,P00744,CUST00548,COLL00024
SHOP0308,P00036,CUST00753,COLL00025
SHOP0494,P00086,CUST00868,COLL00026
SHOP0457,P00734,CUST00174,COLL00027
SHOP0489,P00395,CUST00529,COLL00028
SHOP0499,P00066,CUST00449,COLL00029
SHOP0165,P00117,CUST00948,COLL00030
SHOP0009,P00585,CUST00974,COLL00031
SHOP0341,P00585,CUST00753,COLL00032
SHOP0491,P00896,CUST00215,COLL00033
SHOP0212,P00877,CUST00479,COLL00034
SHOP0034,P00453,CUST00613,COLL00035
SHOP0225,P00856,CUST00916,COLL00036
SHOP0475,P00328,CUST00798,COLL00037
SHOP0327,P00521,CUST00054,COLL00038
SHOP0144,P00589,CUST00849,COLL00039
SHOP0295,P00321,CUST00109,COLL00040
SHOP0375,P00682,CUST00989,COLL00041
SHOP0254,P00006,CUST00280,COLL00042
SHOP0167,P00033,CUST00753,COLL00043
SHOP0018,P00197,CUST00351,COLL00044
SHOP0350,P00718,CUST00662,COLL00045
SHOP0386,P00565,CUST00716,COLL00046
SHOP0181,P00406,CUST00227,COLL00047
SHOP0162,P00389,CUST00513,COLL00048
SHOP0235,P00401,CUST00082,COLL00049
SHOP0028,P00274,CUST00107,COLL00050
SHOP0450,P00584,CUST00294,COLL00051
SHOP0450,P00362,CUST00296,COLL00052
SHOP0295,P00484,CUST00084,COLL00053
SHOP0200,P00617,CUST00879,COLL00054
SHOP0272,P00686,CUST00363,COLL00055
SHOP0200,P00231,CUST00918,COLL00056
SHOP0137,P00275,CUST00570,COLL00057
SHOP0099,P00086,CUST00327,COLL00058
SHOP0162,P00479,CUST00078,COLL00059
SHOP0128,P00825,CUST00086,COLL00060
SHOP0383,P00995,CUST00800,COLL00061
SHOP0243,P00252,CUST00213,COLL00062
SHOP0338,P00416,CUST00168,COLL00063
SHOP0396,P00299,CUST00266,COLL00064
SHOP0009,P00884,CUST00941,COLL00065
SHOP0043,P00035,CUST00991,COLL00066
SHOP0300,P00897,CUST00307,COLL00067
SHOP0450,P00874,CUST00494,COLL00068
SHOP0288,P00464,CUST00677,COLL00069
SHOP0071,P00837,CUST00436,COLL00070
SHOP0394,P00485,CUST00428,COLL00071
SHOP0069,P00320,CUST00670,COLL00072
SHOP0410,P00343,CUST00067,COLL00073
SHOP0087,P00016,CUST00822,COLL00074
SHOP0491,P00631,CUST00030,COLL00075
SHOP0365,P00410,CUST00449,COLL00076
SHOP0415,P00258,CUST00734,COLL00077
SHOP0132,P00943,CUST00986,COLL00078
SHOP0204,P00863,CUST00280,COLL00079
SHOP0307,P00483,CUST00298,COLL00080
SHOP0354,P00224,CUST00656,COLL00081
SHOP0009,P00516,CUST00789,COLL00082
SHOP0317,P00400,CUST00596,COLL00083
SHOP0041,P00352,CUST00583,COLL00084
SHOP0199,P00388,CUST00904,COLL00085
SHOP0485,P00835,CUST00398,COLL00086
SHOP0477,P00072,CUST00557,COLL00087
SHOP0258,P00783,CUST00811,COLL00088
SHOP0091,P00088,CUST00789,COLL00089
SHOP0016,P00085,CUST00309,COLL00090
SHOP0042,P00746,CUST00687,COLL00091
SHOP0051,P00233,CUST00621,COLL00092
SHOP0470,P00274,CUST00309,COLL00093
SHOP0373,P00542,CUST00687,COLL00094
SHOP0040,P00976,CUST00652,COLL00095
SHOP0106,P00156,CUST00589,COLL00096
SHOP0301,P00305,CUST00948,COLL00097
SHOP0066,P00951,CUST00894,COLL00098
SHOP0176,P00497,CUST00907,COLL00099
SHOP0157,P00412,CUST00716,COLL00100
SHOP0497,P00451,CUST00120,COLL00101
SHOP0249,P00280,CUST00118,COLL00102
SHOP0280,P00630,CUST00865,COLL00103
SHOP0162,P00479,CUST00714,COLL00104
SHOP0472,P00613,CUST00542,COLL00105
SHOP0161,P00303,CUST00244,COLL00106
SHOP0101,P00950,CUST00184,COLL00107
SHOP0244,P00149,CUST00695,COLL00108
SHOP0468,P00668,CUST00481,COLL00109
SHOP0208,P00763,CUST00596,COLL00110
SHOP0059,P00741,CUST00519,COLL00111
SHOP0303,P00486,CUST00879,COLL00112
SHOP0359,P00797,CUST00764,COLL00113
SHOP0313,P00850,CUST00678,COLL00114
SHOP0376,P00865,CUST00371,COLL00115
SHOP0141,P00769,CUST00549,COLL00116
SHOP0204,P00408,CUST00165,COLL00117
SHOP0188,P00914,CUST00922,COLL00118
SHOP0387,P00510,CUST00031,COLL00119
SHOP0369,P00577,CUST00294,COLL00120
SHOP0218,P00829,CUST00310,COLL00121
SHOP0148,P00996,CUST00829,COLL00122
SHOP0252,P00479,CUST00002,COLL00123
SHOP0495,P00238,CUST00346,COLL00124
SHOP0241,P00971,CUST00031,COLL00125
SHOP0472,P00206,CUST00184,COLL00126
SHOP0107,P00760,CUST00816,COLL00127
SHOP0071,P00837,CUST00199,COLL00128
SHOP0404,P00172,CUST00501,COLL00129
SHOP0064,P00224,CUST00708,COLL00130
SHOP0296,P00982,CUST00411,COLL00131
SHOP0048,P00926,CUST00536,COLL00132
SHOP0325,P00313,CUST00837,COLL00133
SHOP0285,P00461,CUST00985,COLL00134
SHOP0453,P00150,CUST00210,COLL00135
SHOP0091,P00852,CUST00355,COLL00136
SHOP0216,P00310,CUST00535,COLL00137
SHOP0280,P00924,CUST00822,COLL00138
SHOP0421,P00175,CUST00644,COLL00139
SHOP0080,P00899,CUST00631,COLL00140
SHOP0067,P00480,CUST00679,COLL00141
SHOP0358,P00814,CUST00652,COLL00142
SHOP0208,P00223,CUST00445,COLL00143
SHOP0068,P00399,CUST00464,COLL00144
SHOP0454,P00834,CUST00922,COLL00145
SHOP0113,P00851,CUST00575,COLL00146
SHOP0404,P00878,CUST00590,COLL00147
SHOP0107,P00227,CUST00002,COLL00148
SHOP0387,P00434,CUST00894,COLL00149
SHOP0395,P00098,CUST00941,COLL00150
SHOP0410,P00310,CUST00717,COLL00151
SHOP0216,P00956,CUST00009,COLL00152
SHOP0454,P00354,CUST00319,COLL00153
SHOP0228,P00679,CUST00893,COLL00154
SHOP0179,P00832,CUST00604,COLL00155
SHOP0186,P00310,CUST00031,COLL00156
SHOP0397,P00172,CUST00198,COLL00157
SHOP0329,P00156,CUST00544,COLL00158
SHOP0116,P00470,CUST00741,COLL00159
SHOP0167,P00184,CUST00290,COLL00160
SHOP0179,P00695,CUST00837,COLL00161
SHOP0459,P00434,CUST00907,COLL00162
SHOP0299,P00778,CUST00554,COLL00163
SHOP0144,P00326,CUST00916,COLL00164
SHOP0359,P00985,CUST00599,COLL00165
SHOP0351,P00427,CUST00204,COLL00166
SHOP0464,P00305,CUST00031,COLL00167
SHOP0121,P00776,CUST00621,COLL00168
SHOP0108,P00324,CUST00084,COLL00169
SHOP0038,P00225,CUST00328,COLL00170
SHOP0480,P00257,CUST00989,COLL00171
SHOP0319,P00774,CUST00168,COLL00172
SHOP0012,P00800,CUST00643,COLL00173
SHOP0133,P00681,CUST00664,COLL00174
SHOP0099,P00720,CUST00299,COLL00175
SHOP0263,P00651,CUST00717,COLL00176
SHOP0379,P00398,CUST00822,COLL00177
SHOP0244,P00523,CUST00082,COLL00178
SHOP0257,P00181,CUST00039,COLL00179
SHOP0327,P00521,CUST00306,COLL00180
SHOP0165,P00851,CUST00845,COLL00181
SHOP0268,P00168,CUST00312,COLL00182
SHOP0096,P00445,CUST00631,COLL00183
SHOP0332,P00647,CUST00215,COLL00184
SHOP0365,P00628,CUST00044,COLL00185
SHOP0393,P00679,CUST00892,COLL00186
SHOP0139,P00305,CUST00549,COLL00187
SHOP0168,P00242,CUST00925,COLL00188
SHOP0135,P00168,CUST00025,COLL00189
SHOP0139,P00626,CUST00904,COLL00190
SHOP0333,P00495,CUST00601,COLL00191
SHOP0121,P00435,CUST00670,COLL00192
SHOP0118,P00613,CUST00199,COLL00193
SHOP0108,P00098,CUST00266,COLL00194
SHOP0035,P00420,CUST00072,COLL00195
SHOP0163,P00584,CUST00519,COLL00196
SHOP0126,P00570,CUST00948,COLL00197
SHOP0165,P00471,CUST00411,COLL00198
SHOP0038,P00852,CUST00721,COLL00199
SHOP0097,P00787,CUST00810,COLL00200
SHOP0119,P00466,CUST00215,COLL00201
SHOP0129,P00907,CUST00528,COLL00202
SHOP0035,P00542,CUST00975,COLL00203
SHOP0149,P00677,CUST00239,COLL00204
SHOP0260,P00747,CUST00907,COLL00205
SHOP0253,P00446,CUST00307,COLL00206
SHOP0410,P00816,CUST00678,COLL00207
SHOP0410,P00203,CUST00361,COLL00208
SHOP0091,P00090,CUST00687,COLL00209
SHOP0005,P00062,CUST00265,COLL00210
SHOP0487,P00612,CUST00067,COLL00211
SHOP0361,P00127,CUST00218,COLL00212
SHOP0142,P00645,CUST00370,COLL00213
SHOP0116,P00571,CUST00783,COLL00214
SHOP0294,P00287,CUST00174,COLL00215
SHOP0192,P00601,CUST00916,COLL00216
SHOP0471,P00786,CUST00199,COLL00217
SHOP0195,P00032,CUST00583,COLL00218
SHOP0351,P00436,CUST00741,COLL00219
SHOP0145,P00809,CUST00543,COLL00220
SHOP0285,P00954,CUST00168,COLL00221
SHOP0000,P00291,CUST00296,COLL00222
SHOP0372,P00832,CUST00292,COLL00223
SHOP0124,P00045,CUST00859,COLL00224
SHOP0309,P00144,CUST00306,COLL00225
SHOP0086,P00539,CUST00290,COLL00226
SHOP0466,P00454,CUST00587,COLL00227
SHOP0086,P00208,CUST00527,COLL00228
SHOP0242,P00050,CUST00534,COLL00229
SHOP0236,P00578,CUST00010,COLL00230
SHOP0075,P00576,CUST00332,COLL00231
SHOP0480,P00939,CUST00449,COLL00232
SHOP0413,P00963,CUST00977,COLL00233
SHOP0475,P00051,CUST00165,COLL00234
SHOP0478,P00269,CUST00077,COLL00235
SHOP0134,P00606,CUST00029,COLL00236
SHOP0027,P00734,CUST00213,COLL00237
SHOP0118,P00638,CUST00086,COLL00238
SHOP0493,P00087,CUST00519,COLL00239
SHOP0445,P00483,CUST00355,COLL00240
SHOP0376,P00894,CUST00449,COLL00241
SHOP0052,P00387,CUST00237,COLL00242
SHOP0475,P00596,CUST00892,COLL00243
SHOP0109,P00266,CUST00005,COLL00244
SHOP0075,P00150,CUST00136,COLL00245
SHOP0287,P00135,CUST00866,COLL00246
SHOP0168,P00812,CUST00995,COLL00247
SHOP0363,P00590,CUST00826,COLL00248
SHOP0052,P00387,CUST00526,COLL00249
SHOP0027,P00130,CUST00995,COLL00250
SHOP0002,P00576,CUST00587,COLL00251
SHOP0310,P00685,CUST00811,COLL00252
SHOP0071,P00563,CUST00826,COLL00253
SHOP0233,P00850,CUST00361,COLL00254
SHOP0409,P00631,CUST00218,COLL00255
SHOP0482,P00712,CUST00557,COLL00256
SHOP0362,P00156,CUST00664,COLL00257
SHOP0395,P00098,CUST00359,COLL00258
SHOP0059,P00429,CUST00884,COLL00259
SHOP0361,P00642,CUST00687,COLL00260
SHOP0290,P00696,CUST00935,COLL00261
SHOP0459,P00539,CUST00411,COLL00262
SHOP0339,P00592,CUST00575,COLL00263
SHOP0060,P00482,CUST00916,COLL00264
SHOP0427,P00919,CUST00717,COLL00265
SHOP0439,P00838,CUST00649,COLL00266
SHOP0445,P00496,CUST00088,COLL00267
SHOP0291,P00506,CUST00837,COLL00268
SHOP0075,P00216,CUST00810,COLL00269
SHOP0189,P00299,CUST00174,COLL00270
SHOP0133,P00003,CUST00333,COLL00271
SHOP0193,P00801,CUST00208,COLL00272
SHOP0201,P00383,CUST00359,COLL00273
SHOP0018,P00311,CUST00003,COLL00274
SHOP0125,P00443,CUST00310,COLL00275
SHOP0284,P00836,CUST00662,COLL00276
SHOP0152,P00087,CUST00429,COLL00277
SHOP0351,P00366,CUST00918,COLL00278
SHOP0399,P00827,CUST00787,COLL00279
SHOP0006,P00874,CUST00139,COLL00280
SHOP0389,P00826,CUST00867,COLL00281
SHOP0187,P00618,CUST00494,COLL00282
SHOP0056,P00036,CUST00266,COLL00283
SHOP0376,P00542,CUST00896,COLL00284
SHOP0151,P00403,CUST00451,COLL00285
SHOP0293,P00938,CUST00060,COLL00286
SHOP0492,P00187,CUST00535,COLL00287
SHOP0362,P00340,CUST00734,COLL00288
SHOP0309,P00754,CUST00218,COLL00289
SHOP0176,P00173,CUST00662,COLL00290
SHOP0284,P00033,CUST00479,COLL00291
SHOP0064,P00944,CUST00070,COLL00292
SHOP0114,P00270,CUST00899,COLL00293
SHOP0290,P00084,CUST00900,COLL00294
SHOP0462,P00135,CUST00543,COLL00295
SHOP0302,P00478,CUST00519,COLL00296
SHOP0311,P00799,CUST00924,COLL00297
SHOP0431,P00709,CUST00753,COLL00298
SHOP0310,P00604,CUST00787,COLL00299
SHOP0282,P00645,CUST00250,COLL00300
SHOP0491,P00609,CUST00465,COLL00301
SHOP0257,P00661,CUST00734,COLL00302
SHOP0237,P00907,CUST00031,COLL00303
SHOP0000,P00106,CUST00060,COLL00304
SHOP0179,P00139,CUST00519,COLL00305
SHOP0130,P00452,CUST00481,COLL00306
SHOP0051,P00158,CUST00836,COLL00307
SHOP0071,P00223,CUST00621,COLL00308
SHOP0187,P00198,CUST00963,COLL00309
SHOP0179,P00933,CUST00866,COLL00310
SHOP0204,P00890,CUST00737,COLL00311
SHOP0196,P00372,CUST00865,COLL00312
SHOP0418,P00544,CUST00713,COLL00313
SHOP0424,P00739,CUST00916,COLL00314
SHOP0082,P00836,CUST00331,COLL00315
SHOP0140,P00706,CUST00534,COLL00316
SHOP0259,P00848,CUST00266,COLL00317
SHOP0067,P00263,CUST00946,COLL00318
SHOP0131,P00999,CUST00902,COLL00319
SHOP0268,P00620,CUST00985,COLL00320
SHOP0049,P00691,CUST00464,COLL00321
SHOP0434,P00138,CUST00055,COLL00322
SHOP0001,P00691,CUST00118,COLL00323
SHOP0074,P00805,CUST00635,COLL00324
SHOP0232,P00117,CUST00922,COLL00325
SHOP0351,P00573,CUST00259,COLL00326
SHOP0233,P00515,CUST00938,COLL00327
SHOP0269,P00812,CUST00479,COLL00328
SHOP0170,P00250,CUST00280,COLL00329
SHOP0001,P00691,CUST00643,COLL00330
SHOP0497,P00160,CUST00823,COLL00331
SHOP0102,P00347,CUST00687,COLL00332
SHOP0432,P00338,CUST00359,COLL00333
SHOP0146,P00598,CUST00351,COLL00334
SHOP0044,P00073,CUST00973,COLL00335
SHOP0091,P00090,CUST00836,COLL00336
SHOP0167,P00333,CUST00687,COLL00337
SHOP0225,P00147,CUST00599,COLL00338
SHOP0201,P00763,CUST00494,COLL00339
SHOP0034,P00453,CUST00060,COLL00340
SHOP0385,P00171,CUST00787,COLL00341
SHOP0407,P00677,CUST00063,COLL00342
SHOP0162,P00568,CUST00543,COLL00343
SHOP0135,P00797,CUST00907,COLL00344
SHOP0347,P00651,CUST00211,COLL00345
SHOP0369,P00577,CUST00820,COLL00346
SHOP0353,P00117,CUST00635,COLL00347
SHOP0385,P00981,CUST00309,COLL00348
SHOP0462,P00022,CUST00120,COLL00349
SHOP0155,P00608,CUST00554,COLL00350
SHOP0056,P00006,CUST00904,COLL00351
SHOP0452,P00816,CUST00023,COLL00352
SHOP0059,P00741,CUST00010,COLL00353
SHOP0310,P00758,CUST00174,COLL00354
SHOP0070,P00751,CUST00621,COLL00355
SHOP0432,P00019,CUST00883,COLL00356
SHOP0443,P00029,CUST00678,COLL00357
SHOP0136,P00197,CUST00023,COLL00358
SHOP0048,P00571,CUST00973,COLL00359
SHOP0212,P00178,CUST00660,COLL00360
SHOP0117,P00133,CUST00310,COLL00361
SHOP0059,P00741,CUST00811,COLL00362
SHOP0432,P00448,CUST00155,COLL00363
SHOP0043,P00563,CUST00007,COLL00364
SHOP0255,P00723,CUST00465,COLL00365
SHOP0461,P00746,CUST00110,COLL00366
SHOP0054,P00876,CUST00811,COLL00367
SHOP0289,P00533,CUST00294,COLL00368
SHOP0117,P00267,CUST00523,COLL00369
SHOP0352,P00244,CUST00749,COLL00370
SHOP0272,P00686,CUST00948,COLL00371
SHOP0284,P00033,CUST00290,COLL00372
SHOP0487,P00867,CUST00139,COLL00373
SHOP0232,P00117,CUST00717,COLL00374
SHOP0361,P00192,CUST00721,COLL00375
SHOP0053,P00020,CUST00973,COLL00376
SHOP0043,P00647,CUST00617,COLL00377
SHOP0134,P00657,CUST00365,COLL00378
SHOP0450,P00874,CUST00583,COLL00379
SHOP0299,P00681,CUST00827,COLL00380
SHOP0380,P00719,CUST00451,COLL00381
SHOP0102,P00873,CUST00290,COLL00382
SHOP0393,P00679,CUST00333,COLL00383
SHOP0349,P00735,CUST00599,COLL00384
SHOP0196,P00072,CUST00836,COLL00385
SHOP0066,P00050,CUST00294,COLL00386
SHOP0112,P00481,CUST00332,COLL00387
SHOP0158,P00300,CUST00941,COLL00388
SHOP0178,P00700,CUST00155,COLL00389
SHOP0208,P00799,CUST00003,COLL00390
SHOP0231,P00596,CUST00884,COLL00391
SHOP0110,P00633,CUST00429,COLL00392
SHOP0341,P00954,CUST00947,COLL00393
SHOP0141,P00910,CUST00764,COLL00394
SHOP0107,P00472,CUST00822,COLL00395
SHOP0491,P00896,CUST00714,COLL00396
SHOP0134,P00667,CUST00109,COLL00397
SHOP0214,P00023,CUST00305,COLL00398
SHOP0247,P00621,CUST00039,COLL00399
SHOP0484,P00887,CUST00918,COLL00400
SHOP0300,P00108,CUST00543,COLL00401
SHOP0177,P00686,CUST00787,COLL00402
SHOP0425,P00147,CUST00942,COLL00403
SHOP0363,P00734,CUST00734,COLL00404
SHOP0381,P00554,CUST00077,COLL00405
SHOP0485,P00843,CUST00514,COLL00406
SHOP0364,P00031,CUST00065,COLL00407
SHOP0425,P00980,CUST00165,COLL00408
SHOP0121,P00435,CUST00218,COLL00409
SHOP0218,P00041,CUST00280,COLL00410
SHOP0325,P00337,CUST00636,COLL00411
SHOP0231,P00945,CUST00901,COLL00412
SHOP0343,P00612,CUST00425,COLL00413
SHOP0325,P00337,CUST00299,COLL00414
SHOP0445,P00857,CUST00198,COLL00415
SHOP0284,P00127,CUST00713,COLL00416
SHOP0223,P00082,CUST00948,COLL00417
SHOP0296,P00213,CUST00382,COLL00418
SHOP0115,P00537,CUST00221,COLL00419
SHOP0059,P00051,CUST00526,COLL00420
SHOP0174,P00265,CUST00168,COLL00421
SHOP0462,P00022,CUST00985,COLL00422
SHOP0003,P00290,CUST00823,COLL00423
SHOP0248,P00181,CUST00137,COLL00424
SHOP0482,P00356,CUST00039,COLL00425
SHOP0195,P00639,CUST00959,COLL00426
SHOP0253,P00228,CUST00557,COLL00427
SHOP0484,P00314,CUST00381,COLL00428
SHOP0223,P00246,CUST00350,COLL00429
SHOP0243,P00076,CUST00025,COLL00430
SHOP0470,P00819,CUST00479,COLL00431
SHOP0058,P00248,CUST00158,COLL00432
SHOP0071,P00563,CUST00468,COLL00433
SHOP0458,P00713,CUST00986,COLL00434
SHOP0498,P00663,CUST00798,COLL00435
SHOP0062,P00339,CUST00306,COLL00436
SHOP0433,P00487,CUST00109,COLL00437
SHOP0354,P00393,CUST00141,COLL00438
SHOP0268,P00168,CUST00827,COLL00439
SHOP0048,P00283,CUST00213,COLL00440
SHOP0475,P00939,CUST00519,COLL00441
SHOP0445,P00967,CUST00528,COLL00442
SHOP0284,P00868,CUST00078,COLL00443
SHOP0030,P00227,CUST00559,COLL00444
SHOP0269,P00142,CUST00570,COLL00445
SHOP0018,P00958,CUST00662,COLL00446
SHOP0482,P00437,CUST00824,COLL00447
SHOP0270,P00761,CUST00925,COLL00448
SHOP0009,P00482,CUST00662,COLL00449
SHOP0492,P00743,CUST00528,COLL00450
SHOP0431,P00115,CUST00275,COLL00451
SHOP0118,P00613,CUST00978,COLL00452
SHOP0408,P00902,CUST00604,COLL00453
SHOP0167,P00381,CUST00086,COLL00454
SHOP0216,P00342,CUST00250,COLL00455
SHOP0098,P00947,CUST00067,COLL00456
SHOP0402,P00675,CUST00076,COLL00457
SHOP0315,P00776,CUST00398,COLL00458
SHOP0041,P00629,CUST00298,COLL00459
SHOP0200,P00575,CUST00529,COLL00460
SHOP0244,P00459,CUST00534,COLL00461
SHOP0094,P00986,CUST00210,COLL00462
SHOP0201,P00877,CUST00237,COLL00463
SHOP0189,P00975,CUST00292,COLL00464
SHOP0326,P00987,CUST00977,COLL00465
SHOP0256,P00296,CUST00286,COLL00466
SHOP0105,P00122,CUST00199,COLL00467
SHOP0056,P00303,CUST00660,COLL00468
SHOP0286,P00291,CUST00995,COLL00469
SHOP0387,P00112,CUST00215,COLL00470
SHOP0355,P00114,CUST00559,COLL00471
SHOP0491,P00182,CUST00296,COLL00472
SHOP0095,P00555,CUST00995,COLL00473
SHOP0443,P00514,CUST00318,COLL00474
SHOP0022,P00261,CUST00837,COLL00475
SHOP0462,P00282,CUST00578,COLL00476
SHOP0432,P00338,CUST00879,COLL00477
SHOP0026,P00786,CUST00097,COLL00478
SHOP0166,P00274,CUST00294,COLL00479
SHOP0021,P00103,CUST00139,COLL00480
SHOP0321,P00098,CUST00296,COLL00481
SHOP0342,P00071,CUST00072,COLL00482
SHOP0394,P00161,CUST00096,COLL00483
SHOP0379,P00311,CUST00973,COLL00484
SHOP0293,P00938,CUST00829,COLL00485
SHOP0222,P00082,CUST00643,COLL00486
SHOP0150,P00649,CUST00527,COLL00487
SHOP0085,P00390,CUST00936,COLL00488
SHOP0061,P00589,CUST00935,COLL00489
SHOP0040,P00897,CUST00859,COLL00490
SHOP0090,P00668,CUST00067,COLL00491
SHOP0402,P00809,CUST00221,COLL00492
SHOP0351,P00295,CUST00810,COLL00493
SHOP0328,P00864,CUST00101,COLL00494
SHOP0142,P00988,CUST00896,COLL00495
SHOP0353,P00856,CUST00351,COLL00496
SHOP0007,P00327,CUST00548,COLL00497
SHOP0327,P00671,CUST00601,COLL00498
SHOP0080,P00038,CUST00893,COLL00499
SHOP0320,P00864,CUST00542,COLL00500
SHOP0440,P00767,CUST00917,COLL00501
SHOP0339,P00389,CUST00613,COLL00502
SHOP0119,P00904,CUST00377,COLL00503
SHOP0452,P00842,CUST00363,COLL00504
SHOP0324,P00482,CUST00249,COLL00505
SHOP0337,P00276,CUST00787,COLL00506
SHOP0450,P00783,CUST00689,COLL00507
SHOP0280,P00487,CUST00025,COLL00508
SHOP0039,P00374,CUST00002,COLL00509
SHOP0468,P00891,CUST00208,COLL00510
SHOP0110,P00197,CUST00023,COLL00511
SHOP0317,P00216,CUST00973,COLL00512
SHOP0074,P00099,CUST00118,COLL00513
SHOP0252,P00084,CUST00307,COLL00514
SHOP0385,P00981,CUST00601,COLL00515
SHOP0040,P00271,CUST00055,COLL00516
SHOP0386,P00632,CUST00670,COLL00517
SHOP0483,P00537,CUST00318,COLL00518
SHOP0112,P00455,CUST00613,COLL00519
SHOP0392,P00359,CUST00296,COLL00520
SHOP0314,P00612,CUST00741,COLL00521
SHOP0226,P00021,CUST00398,COLL00522
SHOP0326,P00300,CUST00312,COLL00523
SHOP0113,P00851,CUST00948,COLL00524
SHOP0409,P00889,CUST00049,COLL00525
SHOP0463,P00493,CUST00120,COLL00526
SHOP0217,P00005,CUST00204,COLL00527
SHOP0369,P00017,CUST00596,COLL00528
SHOP0220,P00590,CUST00734,COLL00529
SHOP0257,P00871,CUST00247,COLL00530
SHOP0295,P00768,CUST00479,COLL00531
SHOP0031,P00906,CUST00894,COLL00532
SHOP0461,P00197,CUST00294,COLL00533
SHOP0055,P00687,CUST00631,COLL00534
SHOP0471,P00389,CUST00761,COLL00535
SHOP0313,P00912,CUST00893,COLL00536
SHOP0184,P00743,CUST00215,COLL00537
SHOP0084,P00907,CUST00925,COLL00538
SHOP0094,P00481,CUST00493,COLL00539
SHOP0204,P00505,CUST00259,COLL00540
SHOP0492,P00895,CUST00244,COLL00541
SHOP0101,P00948,CUST00559,COLL00542
SHOP0453,P00150,CUST00137,COLL00543
SHOP0442,P00002,CUST00281,COLL00544
SHOP0170,P00059,CUST00904,COLL00545
SHOP0294,P00570,CUST00239,COLL00546
SHOP0018,P00206,CUST00439,COLL00547
SHOP0126,P00048,CUST00904,COLL00548
SHOP0481,P00358,CUST00695,COLL00549
SHOP0236,P00659,CUST00950,COLL00550
SHOP0241,P00226,CUST00631,COLL00551
SHOP0122,P00357,CUST00298,COLL00552
SHOP0263,P00183,CUST00554,COLL00553
SHOP0487,P00867,CUST00802,COLL00554
SHOP0151,P00634,CUST00603,COLL00555
SHOP0315,P00556,CUST00333,COLL00556
SHOP0107,P00472,CUST00787,COLL00557
SHOP0413,P00633,CUST00109,COLL00558
SHOP0065,P00178,CUST00599,COLL00559
SHOP0454,P00939,CUST00867,COLL00560
SHOP0041,P00301,CUST00697,COLL00561
SHOP0080,P00739,CUST00408,COLL00562
SHOP0413,P00890,CUST00109,COLL00563
SHOP0277,P00779,CUST00088,COLL00564
SHOP0424,P00313,CUST00294,COLL00565
SHOP0245,P00896,CUST00975,COLL00566
SHOP0263,P00576,CUST00359,COLL00567
SHOP0031,P00085,CUST00327,COLL00568
SHOP0023,P00361,CUST00351,COLL00569
SHOP0468,P00208,CUST00787,COLL00570
SHOP0043,P00758,CUST00059,COLL00571
SHOP0011,P00365,CUST00029,COLL00572
SHOP0254,P00778,CUST00227,COLL00573
SHOP0380,P00794,CUST00554,COLL00574
SHOP0009,P00941,CUST00082,COLL00575
SHOP0121,P00979,CUST00120,COLL00576
SHOP0284,P00707,CUST00894,COLL00577
SHOP0177,P00206,CUST00652,COLL00578
SHOP0038,P00225,CUST00327,COLL00579
SHOP0216,P00486,CUST00536,COLL00580
SHOP0345,P00166,CUST00049,COLL00581
SHOP0203,P00502,CUST00244,COLL00582
SHOP0355,P00114,CUST00713,COLL00583
SHOP0422,P00356,CUST00687,COLL00584
SHOP0414,P00356,CUST00536,COLL00585
SHOP0036,P00096,CUST00429,COLL00586
SHOP0319,P00231,CUST00761,COLL00587
SHOP0144,P00326,CUST00204,COLL00588
SHOP0487,P00444,CUST00660,COLL00589
SHOP0441,P00735,CUST00002,COLL00590
SHOP0306,P00210,CUST00449,COLL00591
SHOP0206,P00307,CUST00298,COLL00592
SHOP0349,P00690,CUST00836,COLL00593
SHOP0281,P00158,CUST00009,COLL00594
SHOP0019,P00707,CUST00959,COLL00595
SHOP0443,P00828,CUST00941,COLL00596
SHOP0027,P00481,CUST00256,COLL00597
SHOP0324,P00351,CUST00687,COLL00598
SHOP0467,P00385,CUST00344,COLL00599
SHOP0284,P00868,CUST00088,COLL00600
SHOP0061,P00892,CUST00362,COLL00601
SHOP0078,P00998,CUST00265,COLL00602
SHOP0168,P00239,CUST00499,COLL00603
SHOP0158,P00300,CUST00883,COLL00604
SHOP0059,P00383,CUST00196,COLL00605
SHOP0058,P00578,CUST00644,COLL00606
SHOP0209,P00287,CUST00578,COLL00607
SHOP0335,P00334,CUST00631,COLL00608
SHOP0191,P00099,CUST00845,COLL00609
SHOP0356,P00693,CUST00307,COLL00610
SHOP0376,P00407,CUST00067,COLL00611
SHOP0167,P00530,CUST00377,COLL00612
SHOP0109,P00434,CUST00963,COLL00613
SHOP0234,P00539,CUST00398,COLL00614
SHOP0077,P00373,CUST00802,COLL00615
SHOP0265,P00652,CUST00596,COLL00616
SHOP0486,P00932,CUST00535,COLL00617
SHOP0250,P00254,CUST00323,COLL00618
SHOP0270,P00889,CUST00995,COLL00619
SHOP0012,P00591,CUST00896,COLL00620
SHOP0424,P00739,CUST00244,COLL00621
SHOP0287,P00018,CUST00617,COLL00622
SHOP0009,P00149,CUST00697,COLL00623
SHOP0486,P00253,CUST00522,COLL00624
SHOP0487,P00603,CUST00697,COLL00625
SHOP0011,P00623,CUST00249,COLL00626
SHOP0141,P00779,CUST00549,COLL00627
SHOP0041,P00117,CUST00479,COLL00628
SHOP0282,P00577,CUST00084,COLL00629
SHOP0453,P00890,CUST00649,COLL00630
SHOP0180,P00222,CUST00382,COLL00631
SHOP0477,P00195,CUST00481,COLL00632
SHOP0296,P00213,CUST00677,COLL00633
SHOP0089,P00806,CUST00307,COLL00634
SHOP0282,P00536,CUST00570,COLL00635
SHOP0059,P00429,CUST00362,COLL00636
SHOP0380,P00599,CUST00141,COLL00637
SHOP0244,P00149,CUST00904,COLL00638
SHOP0208,P00534,CUST00635,COLL00639
SHOP0361,P00502,CUST00309,COLL00640
SHOP0187,P00694,CUST00139,COLL00641
SHOP0111,P00053,CUST00636,COLL00642
SHOP0192,P00004,CUST00613,COLL00643
SHOP0068,P00912,CUST00714,COLL00644
SHOP0105,P00122,CUST00321,COLL00645
SHOP0451,P00864,CUST00030,COLL00646
SHOP0416,P00039,CUST00088,COLL00647
SHOP0074,P00292,CUST00866,COLL00648
SHOP0059,P00465,CUST00963,COLL00649
SHOP0203,P00322,CUST00829,COLL00650
SHOP0006,P00670,CUST00292,COLL00651
SHOP0338,P00023,CUST00296,COLL00652
SHOP0205,P00876,CUST00643,COLL00653
SHOP0387,P00888,CUST00595,COLL00654
SHOP0313,P00127,CUST00596,COLL00655
SHOP0175,P00187,CUST00084,COLL00656
SHOP0065,P00813,CUST00938,COLL00657
SHOP0329,P00463,CUST00799,COLL00658
SHOP0234,P00638,CUST00902,COLL00659
SHOP0402,P00957,CUST00292,COLL00660
SHOP0016,P00551,CUST00994,COLL00661
SHOP0395,P00892,CUST00323,COLL00662
SHOP0190,P00585,CUST00761,COLL00663
SHOP0224,P00473,CUST00430,COLL00664
SHOP0288,P00464,CUST00306,COLL00665
SHOP0404,P00886,CUST00543,COLL00666
SHOP0159,P00869,CUST00741,COLL00667
SHOP0074,P00757,CUST00938,COLL00668
SHOP0325,P00359,CUST00535,COLL00669
SHOP0355,P00703,CUST00787,COLL00670
SHOP0060,P00817,CUST00495,COLL00671
SHOP0279,P00362,CUST00916,COLL00672
SHOP0216,P00310,CUST00950,COLL00673
SHOP0156,P00484,CUST00542,COLL00674
SHOP0311,P00799,CUST00677,COLL00675
SHOP0448,P00503,CUST00002,COLL00676
SHOP0209,P00370,CUST00059,COLL00677
SHOP0425,P00134,CUST00998,COLL00678
SHOP0433,P00465,CUST00290,COLL00679
SHOP0491,P00896,CUST00959,COLL00680
SHOP0176,P00497,CUST00076,COLL00681
SHOP0482,P00934,CUST00918,COLL00682
SHOP0165,P00801,CUST00917,COLL00683
SHOP0208,P00634,CUST00494,COLL00684
SHOP0185,P00359,CUST00033,COLL00685
SHOP0296,P00951,CUST00740,COLL00686
SHOP0117,P00068,CUST00259,COLL00687
SHOP0036,P00267,CUST00082,COLL00688
SHOP0449,P00245,CUST00055,COLL00689
SHOP0416,P00360,CUST00708,COLL00690
SHOP0111,P00207,CUST00290,COLL00691
SHOP0304,P00376,CUST00250,COLL00692
SHOP0425,P00710,CUST00826,COLL00693
SHOP0459,P00700,CUST00065,COLL00694
SHOP0027,P00734,CUST00501,COLL00695
SHOP0406,P00960,CUST00077,COLL00696
SHOP0309,P00465,CUST00664,COLL00697
SHOP0121,P00979,CUST00275,COLL00698
SHOP0007,P00358,CUST00067,COLL00699
SHOP0442,P00965,CUST00753,COLL00700
SHOP0450,P00299,CUST00655,COLL00701
SHOP0074,P00757,CUST00922,COLL00702
SHOP0405,P00841,CUST00328,COLL00703
SHOP0219,P00320,CUST00331,COLL00704
SHOP0374,P00166,CUST00816,COLL00705
SHOP0412,P00028,CUST00298,COLL00706
SHOP0342,P00144,CUST00527,COLL00707
SHOP0348,P00000,CUST00836,COLL00708
SHOP0431,P00622,CUST00239,COLL00709
SHOP0390,P00967,CUST00493,COLL00710
SHOP0378,P00705,CUST00199,COLL00711
SHOP0265,P00831,CUST00973,COLL00712
SHOP0360,P00569,CUST00816,COLL00713
SHOP0329,P00343,CUST00328,COLL00714
SHOP0326,P00477,CUST00256,COLL00715
SHOP0146,P00763,CUST00084,COLL00716
SHOP0416,P00494,CUST00811,COLL00717
SHOP0477,P00195,CUST00824,COLL00718
SHOP0159,P00650,CUST00767,COLL00719
SHOP0221,P00032,CUST00231,COLL00720
SHOP0397,P00190,CUST00451,COLL00721
SHOP0045,P00923,CUST00907,COLL00722
SHOP0349,P00160,CUST00845,COLL00723
SHOP0115,P00838,CUST00950,COLL00724
SHOP0409,P00534,CUST00799,COLL00725
SHOP0169,P00173,CUST00005,COLL00726
SHOP0341,P00579,CUST00543,COLL00727
SHOP0355,P00688,CUST00307,COLL00728
SHOP0129,P00232,CUST00501,COLL00729
SHOP0312,P00260,CUST00664,COLL00730
SHOP0071,P00596,CUST00067,COLL00731
SHOP0239,P00979,CUST00025,COLL00732
SHOP0237,P00611,CUST00578,COLL00733
SHOP0188,P00150,CUST00155,COLL00734
SHOP0415,P00804,CUST00208,COLL00735
SHOP0337,P00605,CUST00031,COLL00736
SHOP0415,P00796,CUST00254,COLL00737
SHOP0451,P00864,CUST00599,COLL00738
SHOP0083,P00742,CUST00306,COLL00739
SHOP0175,P00118,CUST00425,COLL00740
SHOP0138,P00094,CUST00237,COLL00741
SHOP0138,P00849,CUST00884,COLL00742
SHOP0167,P00530,CUST00072,COLL00743
SHOP0275,P00956,CUST00380,COLL00744
SHOP0301,P00305,CUST00901,COLL00745
SHOP0397,P00017,CUST00198,COLL00746
SHOP0177,P00686,CUST00331,COLL00747
SHOP0129,P00741,CUST00294,COLL00748
SHOP0450,P00141,CUST00168,COLL00749
SHOP0427,P00735,CUST00306,COLL00750
SHOP0067,P00513,CUST00689,COLL00751
SHOP0103,P00026,CUST00218,COLL00752
SHOP0228,P00739,CUST00523,COLL00753
SHOP0346,P00577,CUST00649,COLL00754
SHOP0154,P00885,CUST00802,COLL00755
SHOP0417,P00555,CUST00319,COLL00756
SHOP0338,P00201,CUST00994,COLL00757
SHOP0479,P00137,CUST00481,COLL00758
SHOP0348,P00292,CUST00590,COLL00759
SHOP0499,P00348,CUST00950,COLL00760
SHOP0441,P00967,CUST00063,COLL00761
SHOP0138,P00206,CUST00536,COLL00762
SHOP0453,P00971,CUST00318,COLL00763
SHOP0168,P00578,CUST00613,COLL00764
SHOP0194,P00589,CUST00664,COLL00765
SHOP0216,P00133,CUST00066,COLL00766
SHOP0494,P00345,CUST00309,COLL00767
SHOP0476,P00395,CUST00523,COLL00768
SHOP0344,P00857,CUST00708,COLL00769
SHOP0130,P00312,CUST00063,COLL00770
SHOP0286,P00796,CUST00822,COLL00771
SHOP0230,P00191,CUST00084,COLL00772
SHOP0267,P00897,CUST00557,COLL00773
SHOP0289,P00732,CUST00570,COLL00774
SHOP0158,P00461,CUST00596,COLL00775
SHOP0361,P00486,CUST00570,COLL00776
SHOP0081,P00160,CUST00323,COLL00777
SHOP0078,P00998,CUST00986,COLL00778
SHOP0176,P00906,CUST00916,COLL00779
SHOP0490,P00032,CUST00398,COLL00780
SHOP0315,P00264,CUST00211,COLL00781
SHOP0366,P00529,CUST00677,COLL00782
SHOP0402,P00340,CUST00749,COLL00783
SHOP0252,P00730,CUST00942,COLL00784
SHOP0129,P00741,CUST00575,COLL00785
SHOP0041,P00166,CUST00221,COLL00786
SHOP0248,P00092,CUST00107,COLL00787
SHOP0050,P00376,CUST00991,COLL00788
SHOP0165,P00855,CUST00837,COLL00789
SHOP0361,P00486,CUST00799,COLL00790
SHOP0162,P00418,CUST00254,COLL00791
SHOP0380,P00794,CUST00332,COLL00792
SHOP0271,P00119,CUST00296,COLL00793
SHOP0465,P00556,CUST00764,COLL00794
SHOP0291,P00661,CUST00250,COLL00795
SHOP0163,P00680,CUST00904,COLL00796
SHOP0153,P00150,CUST00357,COLL00797
SHOP0295,P00749,CUST00799,COLL00798
SHOP0408,P00466,CUST00859,COLL00799
SHOP0475,P00672,CUST00767,COLL00800
SHOP0059,P00383,CUST00479,COLL00801
SHOP0153,P00810,CUST00894,COLL00802
SHOP0242,P00445,CUST00689,COLL00803
SHOP0091,P00035,CUST00168,COLL00804
SHOP0229,P00761,CUST00065,COLL00805
SHOP0315,P00798,CUST00589,COLL00806
SHOP0280,P00924,CUST00692,COLL00807
SHOP0024,P00296,CUST00361,COLL00808
SHOP0098,P00742,CUST00866,COLL00809
SHOP0077,P00342,CUST00060,COLL00810
SHOP0026,P00815,CUST00493,COLL00811
SHOP0259,P00021,CUST00290,COLL00812
SHOP0374,P00279,CUST00991,COLL00813
SHOP0101,P00415,CUST00536,COLL00814
SHOP0438,P00459,CUST00158,COLL00815
SHOP0389,P00826,CUST00120,COLL00816
SHOP0353,P00608,CUST00528,COLL00817
SHOP0393,P00711,CUST00644,COLL00818
SHOP0238,P00967,CUST00796,COLL00819
SHOP0092,P00144,CUST00070,COLL00820
SHOP0287,P00472,CUST00380,COLL00821
SHOP0355,P00124,CUST00265,COLL00822
SHOP0172,P00118,CUST00030,COLL00823
SHOP0446,P00995,CUST00636,COLL00824
SHOP0434,P00138,CUST00109,COLL00825
SHOP0052,P00951,CUST00218,COLL00826
SHOP0058,P00448,CUST00946,COLL00827
SHOP0328,P00487,CUST00363,COLL00828
SHOP0068,P00399,CUST00208,COLL00829
SHOP0384,P00186,CUST00260,COLL00830
SHOP0352,P00031,CUST00617,COLL00831
SHOP0369,P00772,CUST00363,COLL00832
SHOP0000,P00919,CUST00644,COLL00833
SHOP0230,P00123,CUST00859,COLL00834
SHOP0023,P00323,CUST00789,COLL00835
SHOP0221,P00999,CUST00328,COLL00836
SHOP0354,P00989,CUST00030,COLL00837
SHOP0459,P00661,CUST00158,COLL00838
SHOP0450,P00783,CUST00554,COLL00839
SHOP0023,P00320,CUST00749,COLL00840
SHOP0230,P00628,CUST00697,COLL00841
SHOP0084,P00838,CUST00714,COLL00842
SHOP0221,P00290,CUST00783,COLL00843
SHOP0447,P00587,CUST00290,COLL00844
SHOP0169,P00961,CUST00917,COLL00845
SHOP0394,P00509,CUST00989,COLL00846
SHOP0482,P00332,CUST00989,COLL00847
SHOP0067,P00498,CUST00350,COLL00848
SHOP0161,P00594,CUST00398,COLL00849
SHOP0182,P00743,CUST00118,COLL00850
SHOP0360,P00748,CUST00066,COLL00851
SHOP0350,P00640,CUST00184,COLL00852
SHOP0331,P00336,CUST00306,COLL00853
SHOP0433,P00465,CUST00333,COLL00854
SHOP0142,P00988,CUST00314,COLL00855
SHOP0384,P00810,CUST00227,COLL00856
SHOP0289,P00076,CUST00557,COLL00857
SHOP0254,P00706,CUST00575,COLL00858
SHOP0381,P00668,CUST00494,COLL00859
SHOP0053,P00020,CUST00363,COLL00860
SHOP0439,P00042,CUST00802,COLL00861
SHOP0015,P00474,CUST00380,COLL00862
SHOP0496,P00643,CUST00867,COLL00863
SHOP0440,P00830,CUST00789,COLL00864
SHOP0157,P00377,CUST00714,COLL00865
SHOP0453,P00971,CUST00321,COLL00866
SHOP0005,P00550,CUST00668,COLL00867
SHOP0159,P00251,CUST00713,COLL00868
SHOP0448,P00132,CUST00975,COLL00869
SHOP0099,P00593,CUST00660,COLL00870
SHOP0473,P00918,CUST00798,COLL00871
SHOP0433,P00465,CUST00601,COLL00872
SHOP0436,P00038,CUST00587,COLL00873
SHOP0285,P00529,CUST00490,COLL00874
SHOP0415,P00530,CUST00998,COLL00875
SHOP0138,P00185,CUST00209,COLL00876
SHOP0366,P00161,CUST00660,COLL00877
SHOP0178,P00051,CUST00542,COLL00878
SHOP0248,P00520,CUST00362,COLL00879
SHOP0402,P00555,CUST00070,COLL00880
SHOP0428,P00833,CUST00526,COLL00881
SHOP0456,P00019,CUST00800,COLL00882
SHOP0240,P00745,CUST00439,COLL00883
SHOP0141,P00671,CUST00247,COLL00884
SHOP0358,P00004,CUST00247,COLL00885
SHOP0009,P00482,CUST00845,COLL00886
SHOP0358,P00047,CUST00030,COLL00887
SHOP0083,P00823,CUST00299,COLL00888
SHOP0269,P00516,CUST00290,COLL00889
SHOP0233,P00850,CUST00514,COLL00890
SHOP0424,P00553,CUST00101,COLL00891
SHOP0031,P00166,CUST00947,COLL00892
SHOP0062,P00339,CUST00361,COLL00893
SHOP0086,P00443,CUST00136,COLL00894
SHOP0032,P00679,CUST00307,COLL00895
SHOP0000,P00353,CUST00865,COLL00896
SHOP0250,P00359,CUST00716,COLL00897
SHOP0289,P00571,CUST00604,COLL00898
SHOP0230,P00325,CUST00599,COLL00899
SHOP0486,P00764,CUST00007,COLL00900
SHOP0118,P00944,CUST00941,COLL00901
SHOP0480,P00966,CUST00063,COLL00902
SHOP0009,P00715,CUST00596,COLL00903
SHOP0109,P00197,CUST00445,COLL00904
SHOP0261,P00862,CUST00044,COLL00905
SHOP0482,P00934,CUST00076,COLL00906
SHOP0124,P00641,CUST00002,COLL00907
SHOP0009,P00941,CUST00734,COLL00908
SHOP0030,P00342,CUST00883,COLL00909
SHOP0282,P00536,CUST00059,COLL00910
SHOP0143,P00562,CUST00583,COLL00911
SHOP0451,P00245,CUST00494,COLL00912
SHOP0248,P00092,CUST00310,COLL00913
SHOP0188,P00339,CUST00445,COLL00914
SHOP0038,P00225,CUST00513,COLL00915
SHOP0484,P00396,CUST00589,COLL00916
SHOP0110,P00891,CUST00010,COLL00917
SHOP0459,P00289,CUST00464,COLL00918
SHOP0363,P00389,CUST00361,COLL00919
SHOP0103,P00848,CUST00070,COLL00920
SHOP0475,P00265,CUST00076,COLL00921
SHOP0344,P00042,CUST00049,COLL00922
SHOP0335,P00649,CUST00023,COLL00923
SHOP0305,P00402,CUST00527,COLL00924
SHOP0210,P00299,CUST00950,COLL00925
SHOP0145,P00971,CUST00430,COLL00926
SHOP0265,P00253,CUST00033,COLL00927
SHOP0281,P00603,CUST00590,COLL00928
SHOP0432,P00970,CUST00362,COLL00929
SHOP0406,P00083,CUST00331,COLL00930
SHOP0111,P00207,CUST00978,COLL00931
SHOP0277,P00265,CUST00867,COLL00932
SHOP0369,P00334,CUST00617,COLL00933
SHOP0470,P00670,CUST00490,COLL00934
SHOP0192,P00568,CUST00761,COLL00935
SHOP0124,P00097,CUST00254,COLL00936
SHOP0205,P00425,CUST00044,COLL00937
SHOP0241,P00292,CUST00731,COLL00938
SHOP0366,P00240,CUST00425,COLL00939
SHOP0247,P00924,CUST00465,COLL00940
SHOP0382,P00592,CUST00210,COLL00941
SHOP0018,P00265,CUST00740,COLL00942
SHOP0044,P00588,CUST00798,COLL00943
SHOP0111,P00071,CUST00904,COLL00944
SHOP0278,P00811,CUST00044,COLL00945
SHOP0409,P00030,CUST00239,COLL00946
SHOP0339,P00389,CUST00033,COLL00947
SHOP0141,P00671,CUST00355,COLL00948
SHOP0165,P00673,CUST00362,COLL00949
SHOP0078,P00740,CUST00521,COLL00950
SHOP0216,P00486,CUST00570,COLL00951
SHOP0244,P00403,CUST00381,COLL00952
SHOP0451,P00586,CUST00959,COLL00953
SHOP0461,P00684,CUST00155,COLL00954
SHOP0486,P00764,CUST00652,COLL00955
SHOP0115,P00656,CUST00305,COLL00956
SHOP0116,P00489,CUST00066,COLL00957
SHOP0457,P00364,CUST00371,COLL00958
SHOP0172,P00546,CUST00002,COLL00959
SHOP0459,P00700,CUST00534,COLL00960
SHOP0104,P00023,CUST00076,COLL00961
SHOP0452,P00816,CUST00529,COLL00962
SHOP0454,P00834,CUST00904,COLL00963
SHOP0420,P00374,CUST00689,COLL00964
SHOP0207,P00470,CUST00514,COLL00965
SHOP0190,P00159,CUST00749,COLL00966
SHOP0009,P00966,CUST00254,COLL00967
SHOP0433,P00314,CUST00408,COLL00968
SHOP0265,P00902,CUST00464,COLL00969
SHOP0210,P00122,CUST00604,COLL00970
SHOP0261,P00534,CUST00231,COLL00971
SHOP0146,P00763,CUST00527,COLL00972
SHOP0382,P00384,CUST00868,COLL00973
SHOP0342,P00233,CUST00072,COLL00974
SHOP0062,P00419,CUST00884,COLL00975
SHOP0157,P00846,CUST00066,COLL00976
SHOP0055,P00123,CUST00266,COLL00977
SHOP0108,P00324,CUST00643,COLL00978
SHOP0250,P00359,CUST00824,COLL00979
SHOP0145,P00085,CUST00959,COLL00980
SHOP0157,P00360,CUST00351,COLL00981
SHOP0023,P00320,CUST00601,COLL00982
SHOP0395,P00178,CUST00985,COLL00983
SHOP0411,P00830,CUST00660,COLL00984
SHOP0073,P00020,CUST00429,COLL00985
SHOP0184,P00243,CUST00493,COLL00986
SHOP0459,P00546,CUST00626,COLL00987
SHOP0054,P00557,CUST00030,COLL00988
SHOP0341,P00552,CUST00137,COLL00989
SHOP0425,P00710,CUST00717,COLL00990
SHOP0249,P00503,CUST00428,COLL00991
SHOP0229,P00060,CUST00237,COLL00992
SHOP0471,P00109,CUST00866,COLL00993
SHOP0154,P00933,CUST00946,COLL00994
SHOP0355,P00227,CUST00292,COLL00995
SHOP0141,P00910,CUST00697,COLL00996
SHOP0353,P00117,CUST00294,COLL00997
SHOP0468,P00593,CUST00603,COLL00998
SHOP0439,P00502,CUST00687,COLL00999
SHOP0129,P00530,CUST00196,COLL01000
SHOP0055,P00555,CUST00328,COLL01001
SHOP0398,P00621,CUST00479,COLL01002
SHOP0239,P00518,CUST00445,COLL01003
SHOP0004,P00837,CUST00462,COLL01004
SHOP0173,P00918,CUST00198,COLL01005
SHOP0469,P00030,CUST00076,COLL01006
SHOP0281,P00603,CUST00570,COLL01007
SHOP0475,P00965,CUST00689,COLL01008
SHOP0291,P00934,CUST00892,COLL01009
SHOP0248,P00119,CUST00578,COLL01010
SHOP0436,P00517,CUST00678,COLL01011
SHOP0324,P00482,CUST00381,COLL01012
SHOP0210,P00549,CUST00826,COLL01013
SHOP0238,P00800,CUST00692,COLL01014
SHOP0395,P00593,CUST00761,COLL01015
SHOP0371,P00110,CUST00787,COLL01016
SHOP0493,P00801,CUST00603,COLL01017
SHOP0070,P00261,CUST00936,COLL01018
SHOP0362,P00805,CUST00286,COLL01019
SHOP0470,P00602,CUST00174,COLL01020
SHOP0155,P00325,CUST00081,COLL01021
SHOP0287,P00781,CUST00030,COLL01022
SHOP0375,P00683,CUST00635,COLL01023
SHOP0142,P00343,CUST00995,COLL01024
SHOP0302,P00984,CUST00604,COLL01025
SHOP0435,P00253,CUST00430,COLL01026
SHOP0075,P00576,CUST00519,COLL01027
SHOP0460,P00462,CUST00899,COLL01028
SHOP0234,P00526,CUST00049,COLL01029
SHOP0493,P00340,CUST00542,COLL01030
SHOP0305,P00870,CUST00536,COLL01031
SHOP0433,P00998,CUST00380,COLL01032
SHOP0237,P00135,CUST00350,COLL01033
SHOP0345,P00514,CUST00695,COLL01034
SHOP0480,P00478,CUST00101,COLL01035
SHOP0255,P00594,CUST00235,COLL01036
SHOP0207,P00470,CUST00917,COLL01037
SHOP0096,P00896,CUST00323,COLL01038
SHOP0415,P00258,CUST00935,COLL01039
SHOP0022,P00261,CUST00678,COLL01040
SHOP0451,P00836,CUST00823,COLL01041
SHOP0005,P00550,CUST00995,COLL01042
SHOP0405,P00464,CUST00318,COLL01043
SHOP0394,P00290,CUST00096,COLL01044
SHOP0481,P00203,CUST00025,COLL01045
SHOP0197,P00657,CUST00985,COLL01046
SHOP0056,P00960,CUST00351,COLL01047
SHOP0179,P00455,CUST00425,COLL01048
SHOP0066,P00001,CUST00601,COLL01049
SHOP0280,P00075,CUST00716,COLL01050
SHOP0138,P00209,CUST00521,COLL01051
SHOP0072,P00685,CUST00025,COLL01052
SHOP0319,P00597,CUST00664,COLL01053
SHOP0022,P00979,CUST00499,COLL01054
SHOP0330,P00220,CUST00894,COLL01055
SHOP0391,P00562,CUST00449,COLL01056
SHOP0063,P00920,CUST00523,COLL01057
SHOP0431,P00901,CUST00192,COLL01058
SHOP0147,P00460,CUST00430,COLL01059
SHOP0361,P00502,CUST00649,COLL01060
SHOP0421,P00212,CUST00904,COLL01061
SHOP0397,P00262,CUST00824,COLL01062
SHOP0427,P00419,CUST00941,COLL01063
SHOP0338,P00023,CUST00816,COLL01064
SHOP0397,P00117,CUST00494,COLL01065
SHOP0333,P00806,CUST00055,COLL01066
SHOP0186,P00642,CUST00319,COLL01067
SHOP0044,P00309,CUST00210,COLL01068
SHOP0170,P00140,CUST00054,COLL01069
SHOP0424,P00486,CUST00656,COLL01070
SHOP0107,P00294,CUST00107,COLL01071
SHOP0297,P00450,CUST00868,COLL01072
SHOP0280,P00607,CUST00731,COLL01073
SHOP0206,P00237,CUST00479,COLL01074
SHOP0216,P00352,CUST00380,COLL01075
SHOP0319,P00707,CUST00174,COLL01076
SHOP0117,P00267,CUST00986,COLL01077
SHOP0265,P00652,CUST00589,COLL01078
SHOP0470,P00573,CUST00184,COLL01079
SHOP0148,P00736,CUST00196,COLL01080
SHOP0152,P00821,CUST00879,COLL01081
SHOP0069,P00741,CUST00613,COLL01082
SHOP0088,P00759,CUST00892,COLL01083
SHOP0111,P00202,CUST00344,COLL01084
SHOP0304,P00540,CUST00636,COLL01085
SHOP0478,P00769,CUST00065,COLL01086
SHOP0002,P00425,CUST00023,COLL01087
SHOP0023,P00477,CUST00215,COLL01088
SHOP0402,P00277,CUST00464,COLL01089
SHOP0192,P00588,CUST00942,COLL01090
SHOP0443,P00029,CUST00430,COLL01091
SHOP0325,P00055,CUST00451,COLL01092
SHOP0176,P00497,CUST00866,COLL01093
SHOP0143,P00506,CUST00761,COLL01094
SHOP0154,P00082,CUST00664,COLL01095
SHOP0416,P00360,CUST00155,COLL01096
SHOP0243,P00473,CUST00101,COLL01097
SHOP0277,P00995,CUST00107,COLL01098
SHOP0395,P00098,CUST00664,COLL01099
SHOP0266,P00294,CUST00237,COLL01100
SHOP0495,P00734,CUST00211,COLL01101
SHOP0400,P00180,CUST00286,COLL01102
SHOP0337,P00267,CUST00025,COLL01103
SHOP0342,P00235,CUST00065,COLL01104
SHOP0339,P00062,CUST00643,COLL01105
SHOP0494,P00112,CUST00802,COLL01106
SHOP0153,P00835,CUST00916,COLL01107
SHOP0015,P00610,CUST00963,COLL01108
SHOP0259,P00195,CUST00265,COLL01109
SHOP0205,P00644,CUST00617,COLL01110
SHOP0041,P00166,CUST00363,COLL01111
SHOP0477,P00091,CUST00734,COLL01112
SHOP0217,P00061,CUST00432,COLL01113
SHOP0447,P00059,CUST00237,COLL01114
SHOP0058,P00906,CUST00077,COLL01115
SHOP0436,P00568,CUST00946,COLL01116
SHOP0456,P00551,CUST00235,COLL01117
SHOP0461,P00632,CUST00978,COLL01118
SHOP0178,P00114,CUST00247,COLL01119
SHOP0487,P00677,CUST00196,COLL01120
SHOP0393,P00804,CUST00767,COLL01121
SHOP0157,P00104,CUST00596,COLL01122
SHOP0306,P00668,CUST00254,COLL01123
SHOP0376,P00542,CUST00215,COLL01124
SHOP0395,P00142,CUST00328,COLL01125
SHOP0351,P00295,CUST00312,COLL01126
SHOP0228,P00433,CUST00731,COLL01127
SHOP0165,P00960,CUST00631,COLL01128
SHOP0402,P00555,CUST00513,COLL01129
SHOP0295,P00842,CUST00942,COLL01130
SHOP0043,P00563,CUST00827,COLL01131
SHOP0020,P00585,CUST00211,COLL01132
SHOP0470,P00038,CUST00290,COLL01133
SHOP0458,P00154,CUST00527,COLL01134
SHOP0098,P00440,CUST00141,COLL01135
SHOP0110,P00981,CUST00670,COLL01136
SHOP0204,P00890,CUST00109,COLL01137
SHOP0424,P00339,CUST00942,COLL01138
SHOP0490,P00203,CUST00761,COLL01139
SHOP0115,P00537,CUST00033,COLL01140
SHOP0276,P00860,CUST00319,COLL01141
SHOP0311,P00434,CUST00868,COLL01142
SHOP0319,P00707,CUST00029,COLL01143
SHOP0162,P00355,CUST00070,COLL01144
SHOP0067,P00261,CUST00428,COLL01145
SHOP0450,P00171,CUST00449,COLL01146
SHOP0371,P00501,CUST00023,COLL01147
SHOP0376,P00494,CUST00464,COLL01148
SHOP0440,P00431,CUST00664,COLL01149
SHOP0006,P00214,CUST00907,COLL01150
SHOP0272,P00279,CUST00522,COLL01151
SHOP0448,P00209,CUST00465,COLL01152
SHOP0452,P00185,CUST00941,COLL01153
SHOP0433,P00740,CUST00359,COLL01154
SHOP0012,P00800,CUST00247,COLL01155
SHOP0133,P00003,CUST00884,COLL01156
SHOP0236,P00613,CUST00656,COLL01157
SHOP0030,P00342,CUST00479,COLL01158
SHOP0410,P00203,CUST00599,COLL01159
SHOP0306,P00726,CUST00370,COLL01160
SHOP0123,P00920,CUST00935,COLL01161
SHOP0024,P00671,CUST00328,COLL01162
SHOP0255,P00594,CUST00836,COLL01163
SHOP0059,P00383,CUST00883,COLL01164
SHOP0154,P00532,CUST00687,COLL01165
SHOP0445,P00423,CUST00884,COLL01166
SHOP0337,P00895,CUST00989,COLL01167
SHOP0089,P00418,CUST00109,COLL01168
SHOP0446,P00144,CUST00513,COLL01169
SHOP0425,P00999,CUST00948,COLL01170
SHOP0224,P00491,CUST00557,COLL01171
SHOP0116,P00470,CUST00239,COLL01172
SHOP0072,P00791,CUST00428,COLL01173
SHOP0350,P00448,CUST00029,COLL01174
SHOP0133,P00362,CUST00359,COLL01175
SHOP0091,P00852,CUST00082,COLL01176
SHOP0098,P00447,CUST00002,COLL01177
SHOP0403,P00620,CUST00249,COLL01178
SHOP0364,P00063,CUST00005,COLL01179
SHOP0083,P00333,CUST00398,COLL01180
SHOP0358,P00300,CUST00604,COLL01181
SHOP0264,P00235,CUST00237,COLL01182
SHOP0481,P00299,CUST00717,COLL01183
SHOP0339,P00139,CUST00783,COLL01184
SHOP0388,P00302,CUST00088,COLL01185
SHOP0208,P00799,CUST00549,COLL01186
SHOP0453,P00363,CUST00823,COLL01187
SHOP0080,P00415,CUST00519,COLL01188
SHOP0252,P00314,CUST00054,COLL01189
SHOP0279,P00983,CUST00670,COLL01190
SHOP0387,P00474,CUST00827,COLL01191
SHOP0160,P00095,CUST00044,COLL01192
SHOP0122,P00357,CUST00529,COLL01193
SHOP0173,P00050,CUST00495,COLL01194
SHOP0289,P00281,CUST00867,COLL01195
SHOP0058,P00578,CUST00081,COLL01196
SHOP0116,P00470,CUST00499,COLL01197
SHOP0454,P00354,CUST00137,COLL01198
SHOP0068,P00912,CUST00196,COLL01199
SHOP0225,P00453,CUST00963,COLL01200
SHOP0366,P00529,CUST00381,COLL01201
SHOP0257,P00204,CUST00783,COLL01202
SHOP0492,P00998,CUST00250,COLL01203
SHOP0317,P00696,CUST00120,COLL01204
SHOP0216,P00511,CUST00820,COLL01205
SHOP0184,P00244,CUST00196,COLL01206
SHOP0190,P00071,CUST00677,COLL01207
SHOP0086,P00592,CUST00535,COLL01208
SHOP0291,P00478,CUST00029,COLL01209
SHOP0452,P00945,CUST00120,COLL01210
SHOP0384,P00104,CUST00867,COLL01211
SHOP0351,P00295,CUST00449,COLL01212
SHOP0078,P00958,CUST00155,COLL01213
SHOP0435,P00474,CUST00596,COLL01214
SHOP0031,P00526,CUST00065,COLL01215
SHOP0273,P00933,CUST00824,COLL01216
SHOP0422,P00951,CUST00652,COLL01217
SHOP0045,P00365,CUST00513,COLL01218
SHOP0165,P00801,CUST00904,COLL01219
SHOP0002,P00425,CUST00280,COLL01220
SHOP0452,P00437,CUST00548,COLL01221
SHOP0055,P00123,CUST00076,COLL01222
SHOP0103,P00252,CUST00204,COLL01223
SHOP0271,P00654,CUST00398,COLL01224
SHOP0228,P00739,CUST00363,COLL01225
SHOP0287,P00472,CUST00590,COLL01226
SHOP0441,P00905,CUST00867,COLL01227
SHOP0453,P00066,CUST00289,COLL01228
SHOP0360,P00607,CUST00947,COLL01229
SHOP0000,P00324,CUST00656,COLL01230
SHOP0096,P00445,CUST00118,COLL01231
SHOP0399,P00759,CUST00717,COLL01232
SHOP0466,P00454,CUST00767,COLL01233
SHOP0253,P00310,CUST00355,COLL01234
SHOP0178,P00700,CUST00656,COLL01235
SHOP0033,P00709,CUST00978,COLL01236
SHOP0004,P00686,CUST00137,COLL01237
SHOP0443,P00797,CUST00548,COLL01238
SHOP0321,P00440,CUST00065,COLL01239
SHOP0390,P00068,CUST00823,COLL01240
SHOP0395,P00671,CUST00543,COLL01241
SHOP0441,P00761,CUST00031,COLL01242
SHOP0296,P00982,CUST00333,COLL01243
SHOP0035,P00613,CUST00031,COLL01244
SHOP0406,P00221,CUST00261,COLL01245
SHOP0292,P00857,CUST00277,COLL01246
SHOP0165,P00211,CUST00643,COLL01247
SHOP0142,P00848,CUST00281,COLL01248
SHOP0453,P00597,CUST00519,COLL01249
SHOP0265,P00862,CUST00309,COLL01250
SHOP0369,P00123,CUST00449,COLL01251
SHOP0389,P00852,CUST00761,COLL01252
SHOP0329,P00299,CUST00787,COLL01253
SHOP0485,P00616,CUST00662,COLL01254
SHOP0411,P00830,CUST00078,COLL01255
SHOP0301,P00189,CUST00359,COLL01256
SHOP0279,P00745,CUST00797,COLL01257
SHOP0454,P00471,CUST00065,COLL01258
SHOP0447,P00173,CUST00604,COLL01259
SHOP0355,P00843,CUST00595,COLL01260
SHOP0259,P00848,CUST00554,COLL01261
SHOP0468,P00593,CUST00260,COLL01262
SHOP0259,P00541,CUST00192,COLL01263
SHOP0325,P00046,CUST00076,COLL01264
SHOP0033,P00114,CUST00346,COLL01265
SHOP0092,P00435,CUST00714,COLL01266
SHOP0434,P00495,CUST00231,COLL01267
SHOP0305,P00132,CUST00327,COLL01268
SHOP0161,P00836,CUST00003,COLL01269
SHOP0402,P00558,CUST00655,COLL01270
SHOP0434,P00105,CUST00583,COLL01271
SHOP0151,P00634,CUST00859,COLL01272
SHOP0084,P00907,CUST00328,COLL01273
SHOP0439,P00740,CUST00002,COLL01274
SHOP0223,P00617,CUST00007,COLL01275
SHOP0220,P00337,CUST00039,COLL01276
SHOP0317,P00452,CUST00088,COLL01277
SHOP0365,P00410,CUST00973,COLL01278
SHOP0474,P00481,CUST00714,COLL01279
SHOP0058,P00803,CUST00110,COLL01280
SHOP0475,P00861,CUST00235,COLL01281
SHOP0126,P00259,CUST00199,COLL01282
SHOP0066,P00050,CUST00323,COLL01283
SHOP0339,P00139,CUST00749,COLL01284
SHOP0219,P00439,CUST00689,COLL01285
SHOP0308,P00100,CUST00677,COLL01286
SHOP0185,P00864,CUST00439,COLL01287
SHOP0389,P00563,CUST00031,COLL01288
SHOP0275,P00256,CUST00210,COLL01289
SHOP0284,P00872,CUST00575,COLL01290
SHOP0107,P00875,CUST00946,COLL01291
SHOP0479,P00137,CUST00086,COLL01292
SHOP0086,P00073,CUST00948,COLL01293
SHOP0127,P00488,CUST00917,COLL01294
SHOP0302,P00773,CUST00590,COLL01295
SHOP0369,P00388,CUST00086,COLL01296
SHOP0158,P00394,CUST00495,COLL01297
SHOP0280,P00542,CUST00549,COLL01298
SHOP0429,P00505,CUST00065,COLL01299
SHOP0025,P00385,CUST00425,COLL01300
SHOP0007,P00874,CUST00174,COLL01301
SHOP0117,P00003,CUST00521,COLL01302
SHOP0271,P00570,CUST00010,COLL01303
SHOP0457,P00205,CUST00950,COLL01304
SHOP0064,P00120,CUST00810,COLL01305
SHOP0073,P00598,CUST00714,COLL01306
SHOP0284,P00932,CUST00899,COLL01307
SHOP0143,P00990,CUST00925,COLL01308
SHOP0173,P00481,CUST00946,COLL01309
SHOP0056,P00969,CUST00974,COLL01310
SHOP0309,P00294,CUST00714,COLL01311
SHOP0445,P00857,CUST00974,COLL01312
SHOP0198,P00063,CUST00749,COLL01313
SHOP0009,P00715,CUST00544,COLL01314
SHOP0376,P00549,CUST00942,COLL01315
SHOP0278,P00557,CUST00380,COLL01316
SHOP0341,P00552,CUST00644,COLL01317
SHOP0220,P00084,CUST00066,COLL01318
SHOP0221,P00580,CUST00003,COLL01319
SHOP0386,P00484,CUST00030,COLL01320
SHOP0280,P00545,CUST00211,COLL01321
SHOP0193,P00625,CUST00827,COLL01322
SHOP0234,P00638,CUST00039,COLL01323
SHOP0364,P00679,CUST00559,COLL01324
SHOP0234,P00944,CUST00697,COLL01325
SHOP0472,P00974,CUST00578,COLL01326
SHOP0397,P00949,CUST00893,COLL01327
SHOP0246,P00194,CUST00947,COLL01328
SHOP0417,P00555,CUST00963,COLL01329
SHOP0062,P00797,CUST00155,COLL01330
SHOP0049,P00068,CUST00589,COLL01331
SHOP0106,P00225,CUST00866,COLL01332
SHOP0339,P00572,CUST00865,COLL01333
SHOP0413,P00510,CUST00947,COLL01334
SHOP0340,P00672,CUST00025,COLL01335
SHOP0027,P00987,CUST00626,COLL01336
SHOP0089,P00726,CUST00292,COLL01337
SHOP0457,P00779,CUST00836,COLL01338
SHOP0031,P00779,CUST00055,COLL01339
SHOP0353,P00744,CUST00281,COLL01340
SHOP0132,P00474,CUST00299,COLL01341
SHOP0403,P00715,CUST00088,COLL01342
SHOP0133,P00013,CUST00942,COLL01343
SHOP0174,P00210,CUST00884,COLL01344
SHOP0418,P00754,CUST00741,COLL01345
SHOP0178,P00114,CUST00925,COLL01346
SHOP0045,P00892,CUST00249,COLL01347
SHOP0235,P00246,CUST00721,COLL01348
SHOP0163,P00584,CUST00978,COLL01349
SHOP0216,P00535,CUST00836,COLL01350
SHOP0124,P00641,CUST00063,COLL01351
SHOP0405,P00603,CUST00796,COLL01352
SHOP0013,P00331,CUST00995,COLL01353
SHOP0063,P00579,CUST00141,COLL01354
SHOP0117,P00003,CUST00513,COLL01355
SHOP0312,P00451,CUST00275,COLL01356
SHOP0020,P00722,CUST00305,COLL01357
SHOP0330,P00220,CUST00005,COLL01358
SHOP0218,P00889,CUST00344,COLL01359
SHOP0088,P00314,CUST00082,COLL01360
SHOP0225,P00167,CUST00299,COLL01361
SHOP0068,P00964,CUST00259,COLL01362
SHOP0497,P00502,CUST00031,COLL01363
SHOP0264,P00043,CUST00787,COLL01364
SHOP0001,P00986,CUST00192,COLL01365
SHOP0464,P00105,CUST00741,COLL01366
SHOP0270,P00174,CUST00849,COLL01367
SHOP0083,P00333,CUST00072,COLL01368
SHOP0005,P00407,CUST00549,COLL01369
SHOP0413,P00076,CUST00462,COLL01370
SHOP0452,P00667,CUST00559,COLL01371
SHOP0007,P00327,CUST00275,COLL01372
SHOP0112,P00455,CUST00767,COLL01373
SHOP0016,P00147,CUST00584,COLL01374
SHOP0108,P00749,CUST00210,COLL01375
SHOP0152,P00821,CUST00823,COLL01376
SHOP0118,P00751,CUST00260,COLL01377
SHOP0219,P00671,CUST00668,COLL01378
SHOP0280,P00542,CUST00523,COLL01379
SHOP0005,P00422,CUST00559,COLL01380
SHOP0337,P00267,CUST00985,COLL01381
SHOP0029,P00734,CUST00942,COLL01382
SHOP0430,P00091,CUST00429,COLL01383
SHOP0174,P00106,CUST00902,COLL01384
SHOP0148,P00493,CUST00631,COLL01385
SHOP0329,P00841,CUST00007,COLL01386
SHOP0273,P00933,CUST00859,COLL01387
SHOP0138,P00185,CUST00359,COLL01388
SHOP0310,P00946,CUST00811,COLL01389
SHOP0065,P00957,CUST00486,COLL01390
SHOP0339,P00572,CUST00845,COLL01391
SHOP0255,P00594,CUST00670,COLL01392
SHOP0247,P00175,CUST00522,COLL01393
SHOP0154,P00276,CUST00827,COLL01394
SHOP0047,P00215,CUST00289,COLL01395
SHOP0287,P00336,CUST00286,COLL01396
SHOP0067,P00631,CUST00002,COLL01397
SHOP0286,P00796,CUST00049,COLL01398
SHOP0083,P00742,CUST00749,COLL01399
SHOP0459,P00498,CUST00009,COLL01400
SHOP0188,P00845,CUST00097,COLL01401
SHOP0370,P00371,CUST00899,COLL01402
SHOP0497,P00494,CUST00584,COLL01403
SHOP0261,P00131,CUST00309,COLL01404
SHOP0327,P00185,CUST00357,COLL01405
SHOP0331,P00570,CUST00029,COLL01406
SHOP0101,P00950,CUST00554,COLL01407
SHOP0070,P00672,CUST00346,COLL01408
SHOP0200,P00449,CUST00557,COLL01409
SHOP0199,P00339,CUST00327,COLL01410
SHOP0466,P00889,CUST00549,COLL01411
SHOP0371,P00990,CUST00436,COLL01412
SHOP0384,P00228,CUST00355,COLL01413
SHOP0203,P00555,CUST00256,COLL01414
SHOP0160,P00788,CUST00578,COLL01415
SHOP0381,P00068,CUST00244,COLL01416
SHOP0128,P00825,CUST00587,COLL01417
SHOP0463,P00493,CUST00896,COLL01418
SHOP0283,P00319,CUST00753,COLL01419
SHOP0019,P00009,CUST00513,COLL01420
SHOP0477,P00177,CUST00737,COLL01421
SHOP0286,P00633,CUST00631,COLL01422
SHOP0231,P00622,CUST00332,COLL01423
SHOP0027,P00987,CUST00323,COLL01424
SHOP0146,P00712,CUST00603,COLL01425
SHOP0481,P00265,CUST00660,COLL01426
SHOP0231,P00145,CUST00490,COLL01427
SHOP0166,P00582,CUST00493,COLL01428
SHOP0048,P00283,CUST00894,COLL01429
SHOP0047,P00292,CUST00411,COLL01430
SHOP0483,P00633,CUST00544,COLL01431
SHOP0028,P00712,CUST00081,COLL01432
SHOP0450,P00299,CUST00029,COLL01433
SHOP0177,P00617,CUST00544,COLL01434
SHOP0390,P00843,CUST00884,COLL01435
SHOP0053,P00654,CUST00259,COLL01436
SHOP0319,P00231,CUST00059,COLL01437
SHOP0286,P00728,CUST00764,COLL01438
SHOP0457,P00010,CUST00346,COLL01439
SHOP0233,P00156,CUST00237,COLL01440
SHOP0199,P00109,CUST00249,COLL01441
SHOP0280,P00602,CUST00975,COLL01442
SHOP0068,P00599,CUST00796,COLL01443
SHOP0212,P00877,CUST00494,COLL01444
SHOP0337,P00267,CUST00925,COLL01445
SHOP0082,P00808,CUST00621,COLL01446
SHOP0434,P00080,CUST00513,COLL01447
SHOP0136,P00542,CUST00196,COLL01448
SHOP0062,P00012,CUST00529,COLL01449
SHOP0490,P00665,CUST00328,COLL01450
SHOP0214,P00868,CUST00737,COLL01451
SHOP0085,P00928,CUST00617,COLL01452
SHOP0119,P00516,CUST00946,COLL01453
SHOP0169,P00961,CUST00542,COLL01454
SHOP0382,P00523,CUST00554,COLL01455
SHOP0308,P00668,CUST00215,COLL01456
SHOP0422,P00635,CUST00837,COLL01457
SHOP0072,P00068,CUST00583,COLL01458
SHOP0445,P00063,CUST00596,COLL01459
SHOP0102,P00358,CUST00494,COLL01460
SHOP0206,P00673,CUST00995,COLL01461
SHOP0181,P00936,CUST00275,COLL01462
SHOP0179,P00982,CUST00254,COLL01463
SHOP0234,P00512,CUST00741,COLL01464
SHOP0324,P00670,CUST00227,COLL01465
SHOP0431,P00043,CUST00554,COLL01466
SHOP0470,P00243,CUST00493,COLL01467
SHOP0302,P00478,CUST00299,COLL01468
SHOP0412,P00028,CUST00668,COLL01469
SHOP0354,P00393,CUST00884,COLL01470
SHOP0188,P00911,CUST00950,COLL01471
SHOP0102,P00327,CUST00544,COLL01472
SHOP0476,P00362,CUST00430,COLL01473
SHOP0123,P00971,CUST00799,COLL01474
SHOP0042,P00267,CUST00096,COLL01475
SHOP0325,P00987,CUST00820,COLL01476
SHOP0252,P00582,CUST00494,COLL01477
SHOP0063,P00561,CUST00060,COLL01478
SHOP0146,P00188,CUST00204,COLL01479
SHOP0443,P00816,CUST00030,COLL01480
SHOP0325,P00313,CUST00977,COLL01481
SHOP0443,P00816,CUST00527,COLL01482
SHOP0285,P00529,CUST00514,COLL01483
SHOP0220,P00972,CUST00989,COLL01484
SHOP0017,P00133,CUST00357,COLL01485
SHOP0414,P00911,CUST00916,COLL01486
SHOP0211,P00006,CUST00309,COLL01487
SHOP0002,P00111,CUST00445,COLL01488
SHOP0288,P00420,CUST00294,COLL01489
SHOP0453,P00971,CUST00060,COLL01490
SHOP0232,P00564,CUST00307,COLL01491
SHOP0295,P00484,CUST00118,COLL01492
SHOP0041,P00564,CUST00280,COLL01493
SHOP0353,P00412,CUST00333,COLL01494
SHOP0116,P00470,CUST00174,COLL01495
SHOP0314,P00926,CUST00826,COLL01496
SHOP0106,P00477,CUST00380,COLL01497
SHOP0031,P00451,CUST00359,COLL01498
SHOP0135,P00797,CUST00290,COLL01499
SHOP0332,P00647,CUST00650,COLL01500
SHOP0429,P00360,CUST00741,COLL01501
SHOP0298,P00817,CUST00896,COLL01502
SHOP0441,P00062,CUST00281,COLL01503
SHOP0001,P00626,CUST00811,COLL01504
SHOP0197,P00725,CUST00595,COLL01505
SHOP0072,P00895,CUST00893,COLL01506
SHOP0419,P00582,CUST00445,COLL01507
SHOP0487,P00603,CUST00072,COLL01508
SHOP0075,P00494,CUST00249,COLL01509
SHOP0487,P00444,CUST00959,COLL01510
SHOP0073,P00297,CUST00789,COLL01511
SHOP0301,P00305,CUST00534,COLL01512
SHOP0107,P00273,CUST00767,COLL01513
SHOP0084,P00904,CUST00192,COLL01514
SHOP0114,P00350,CUST00734,COLL01515
SHOP0437,P00767,CUST00741,COLL01516
SHOP0173,P00928,CUST00904,COLL01517
SHOP0173,P00523,CUST00590,COLL01518
SHOP0405,P00559,CUST00587,COLL01519
SHOP0103,P00242,CUST00543,COLL01520
SHOP0176,P00173,CUST00088,COLL01521
SHOP0395,P00892,CUST00486,COLL01522
SHOP0361,P00282,CUST00660,COLL01523
SHOP0222,P00829,CUST00559,COLL01524
SHOP0177,P00547,CUST00365,COLL01525
SHOP0346,P00577,CUST00797,COLL01526
SHOP0299,P00203,CUST00687,COLL01527
SHOP0076,P00459,CUST00924,COLL01528
SHOP0233,P00156,CUST00697,COLL01529
SHOP0289,P00732,CUST00277,COLL01530
SHOP0301,P00161,CUST00679,COLL01531
SHOP0489,P00395,CUST00859,COLL01532
SHOP0199,P00388,CUST00753,COLL01533
SHOP0275,P00218,CUST00845,COLL01534
SHOP0233,P00251,CUST00827,COLL01535
SHOP0257,P00258,CUST00523,COLL01536
SHOP0097,P00506,CUST00328,COLL01537
SHOP0012,P00529,CUST00321,COLL01538
SHOP0119,P00466,CUST00922,COLL01539
SHOP0103,P00252,CUST00660,COLL01540
SHOP0475,P00051,CUST00025,COLL01541
SHOP0329,P00156,CUST00003,COLL01542
SHOP0310,P00604,CUST00883,COLL01543
SHOP0391,P00687,CUST00904,COLL01544
SHOP0455,P00938,CUST00946,COLL01545
SHOP0216,P00339,CUST00029,COLL01546
SHOP0449,P00245,CUST00950,COLL01547
SHOP0162,P00355,CUST00626,COLL01548
SHOP0257,P00377,CUST00318,COLL01549
SHOP0210,P00627,CUST00894,COLL01550
SHOP0262,P00546,CUST00900,COLL01551
SHOP0154,P00997,CUST00260,COLL01552
SHOP0201,P00506,CUST00896,COLL01553
SHOP0368,P00043,CUST00465,COLL01554
SHOP0157,P00377,CUST00078,COLL01555
SHOP0338,P00201,CUST00513,COLL01556
SHOP0137,P00422,CUST00120,COLL01557
SHOP0200,P00458,CUST00425,COLL01558
SHOP0425,P00253,CUST00974,COLL01559
SHOP0475,P00776,CUST00535,COLL01560
SHOP0347,P00202,CUST00479,COLL01561
SHOP0401,P00170,CUST00994,COLL01562
SHOP0051,P00973,CUST00168,COLL01563
SHOP0121,P00700,CUST00925,COLL01564
SHOP0351,P00430,CUST00286,COLL01565
SHOP0120,P00798,CUST00513,COLL01566
SHOP0071,P00596,CUST00652,COLL01567
SHOP0265,P00712,CUST00003,COLL01568
SHOP0081,P00272,CUST00439,COLL01569
SHOP0320,P00864,CUST00139,COLL01570
SHOP0030,P00569,CUST00184,COLL01571
SHOP0188,P00372,CUST00947,COLL01572
SHOP0076,P00607,CUST00382,COLL01573
SHOP0220,P00018,CUST00716,COLL01574
SHOP0173,P00481,CUST00529,COLL01575
SHOP0159,P00138,CUST00265,COLL01576
SHOP0124,P00566,CUST00695,COLL01577
SHOP0424,P00892,CUST00800,COLL01578
SHOP0179,P00695,CUST00067,COLL01579
SHOP0053,P00906,CUST00250,COLL01580
SHOP0403,P00206,CUST00522,COLL01581
SHOP0207,P00189,CUST00101,COLL01582
SHOP0214,P00952,CUST00067,COLL01583
SHOP0383,P00356,CUST00319,COLL01584
SHOP0028,P00079,CUST00535,COLL01585
SHOP0314,P00735,CUST00687,COLL01586
SHOP0187,P00618,CUST00521,COLL01587
SHOP0089,P00284,CUST00344,COLL01588
SHOP0185,P00253,CUST00429,COLL01589
SHOP0288,P00464,CUST00824,COLL01590
SHOP0432,P00019,CUST00168,COLL01591
SHOP0265,P00039,CUST00023,COLL01592
SHOP0004,P00744,CUST00066,COLL01593
SHOP0173,P00624,CUST00947,COLL01594
SHOP0130,P00406,CUST00118,COLL01595
SHOP0241,P00523,CUST00464,COLL01596
SHOP0387,P00188,CUST00868,COLL01597
SHOP0482,P00115,CUST00578,COLL01598
SHOP0390,P00163,CUST00816,COLL01599
SHOP0312,P00260,CUST00005,COLL01600
SHOP0111,P00013,CUST00215,COLL01601
SHOP0075,P00216,CUST00584,COLL01602
SHOP0336,P00393,CUST00826,COLL01603
SHOP0114,P00959,CUST00824,COLL01604
SHOP0177,P00373,CUST00266,COLL01605
SHOP0087,P00944,CUST00196,COLL01606
SHOP0354,P00480,CUST00677,COLL01607
SHOP0257,P00258,CUST00544,COLL01608
SHOP0081,P00694,CUST00059,COLL01609
SHOP0232,P00247,CUST00697,COLL01610
SHOP0024,P00796,CUST00370,COLL01611
SHOP0316,P00138,CUST00082,COLL01612
SHOP0379,P00060,CUST00977,COLL01613
SHOP0156,P00386,CUST00549,COLL01614
SHOP0034,P00080,CUST00883,COLL01615
SHOP0331,P00570,CUST00896,COLL01616
SHOP0010,P00510,CUST00344,COLL01617
SHOP0466,P00873,CUST00049,COLL01618
SHOP0130,P00286,CUST00275,COLL01619
SHOP0032,P00820,CUST00677,COLL01620
SHOP0400,P00656,CUST00603,COLL01621
SHOP0498,P00716,CUST00670,COLL01622
SHOP0145,P00399,CUST00192,COLL01623
SHOP0364,P00765,CUST00494,COLL01624
SHOP0117,P00003,CUST00977,COLL01625
SHOP0482,P00258,CUST00451,COLL01626
SHOP0028,P00274,CUST00377,COLL01627
SHOP0130,P00406,CUST00631,COLL01628
SHOP0001,P00909,CUST00643,COLL01629
SHOP0080,P00541,CUST00292,COLL01630
SHOP0211,P00992,CUST00783,COLL01631
SHOP0469,P00030,CUST00084,COLL01632
SHOP0414,P00877,CUST00595,COLL01633
SHOP0383,P00980,CUST00942,COLL01634
SHOP0083,P00333,CUST00425,COLL01635
SHOP0385,P00293,CUST00227,COLL01636
SHOP0026,P00590,CUST00679,COLL01637
SHOP0086,P00189,CUST00003,COLL01638
SHOP0319,P00774,CUST00449,COLL01639
SHOP0224,P00473,CUST00827,COLL01640
SHOP0371,P00110,CUST00495,COLL01641
SHOP0355,P00114,CUST00799,COLL01642
SHOP0459,P00484,CUST00902,COLL01643
SHOP0484,P00056,CUST00529,COLL01644
SHOP0469,P00908,CUST00371,COLL01645
SHOP0169,P00880,CUST00286,COLL01646
SHOP0349,P00132,CUST00323,COLL01647
SHOP0191,P00936,CUST00789,COLL01648
SHOP0007,P00028,CUST00289,COLL01649
SHOP0133,P00373,CUST00589,COLL01650
SHOP0280,P00545,CUST00892,COLL01651
SHOP0207,P00799,CUST00542,COLL01652
SHOP0058,P00906,CUST00292,COLL01653
SHOP0309,P00465,CUST00849,COLL01654
SHOP0433,P00629,CUST00465,COLL01655
SHOP0281,P00871,CUST00697,COLL01656
SHOP0158,P00369,CUST00529,COLL01657
SHOP0431,P00074,CUST00644,COLL01658
SHOP0329,P00601,CUST00086,COLL01659
SHOP0285,P00002,CUST00527,COLL01660
SHOP0445,P00857,CUST00986,COLL01661
SHOP0439,P00716,CUST00462,COLL01662
SHOP0312,P00338,CUST00281,COLL01663
SHOP0033,P00114,CUST00670,COLL01664
SHOP0314,P00735,CUST00679,COLL01665
SHOP0290,P00889,CUST00211,COLL01666
SHOP0276,P00688,CUST00118,COLL01667
SHOP0057,P00343,CUST00003,COLL01668
SHOP0470,P00934,CUST00350,COLL01669
SHOP0288,P00420,CUST00740,COLL01670
SHOP0118,P00841,CUST00583,COLL01671
SHOP0299,P00897,CUST00077,COLL01672
SHOP0187,P00408,CUST00239,COLL01673
SHOP0425,P00024,CUST00481,COLL01674
SHOP0343,P00756,CUST00621,COLL01675
SHOP0337,P00167,CUST00977,COLL01676
SHOP0144,P00836,CUST00589,COLL01677
SHOP0135,P00787,CUST00141,COLL01678
SHOP0401,P00726,CUST00370,COLL01679
SHOP0414,P00012,CUST00708,COLL01680
SHOP0338,P00329,CUST00922,COLL01681
SHOP0356,P00426,CUST00950,COLL01682
SHOP0037,P00343,CUST00314,COLL01683
SHOP0485,P00273,CUST00486,COLL01684
SHOP0175,P00162,CUST00425,COLL01685
SHOP0487,P00840,CUST00501,COLL01686
SHOP0150,P00288,CUST00381,COLL01687
SHOP0114,P00707,CUST00261,COLL01688
SHOP0150,P00223,CUST00277,COLL01689
SHOP0033,P00114,CUST00636,COLL01690
SHOP0414,P00356,CUST00521,COLL01691
SHOP0029,P00664,CUST00986,COLL01692
SHOP0475,P00075,CUST00072,COLL01693
SHOP0397,P00017,CUST00664,COLL01694
SHOP0037,P00516,CUST00749,COLL01695
SHOP0083,P00742,CUST00084,COLL01696
SHOP0004,P00837,CUST00714,COLL01697
SHOP0231,P00622,CUST00734,COLL01698
SHOP0213,P00673,CUST00309,COLL01699
SHOP0490,P00476,CUST00110,COLL01700
SHOP0340,P00555,CUST00060,COLL01701
SHOP0267,P00572,CUST00938,COLL01702
SHOP0350,P00804,CUST00210,COLL01703
SHOP0484,P00491,CUST00601,COLL01704
SHOP0107,P00073,CUST00030,COLL01705
SHOP0495,P00238,CUST00377,COLL01706
SHOP0177,P00010,CUST00737,COLL01707
SHOP0445,P00063,CUST00894,COLL01708
SHOP0491,P00437,CUST00761,COLL01709
SHOP0136,P00961,CUST00025,COLL01710
SHOP0345,P00711,CUST00731,COLL01711
SHOP0157,P00372,CUST00695,COLL01712
SHOP0000,P00872,CUST00428,COLL01713
SHOP0378,P00434,CUST00621,COLL01714
SHOP0063,P00261,CUST00101,COLL01715
SHOP0242,P00434,CUST00991,COLL01716
SHOP0263,P00192,CUST00603,COLL01717
SHOP0071,P00752,CUST00136,COLL01718
SHOP0413,P00479,CUST00363,COLL01719
SHOP0226,P00459,CUST00583,COLL01720
SHOP0078,P00958,CUST00296,COLL01721
SHOP0215,P00005,CUST00948,COLL01722
SHOP0348,P00000,CUST00865,COLL01723
SHOP0227,P00435,CUST00307,COLL01724
SHOP0133,P00916,CUST00789,COLL01725
SHOP0469,P00030,CUST00938,COLL01726
SHOP0492,P00835,CUST00059,COLL01727
SHOP0231,P00398,CUST00031,COLL01728
SHOP0297,P00305,CUST00408,COLL01729
SHOP0299,P00706,CUST00462,COLL01730
SHOP0228,P00815,CUST00265,COLL01731
SHOP0387,P00944,CUST00867,COLL01732
SHOP0490,P00922,CUST00365,COLL01733
SHOP0154,P00997,CUST00168,COLL01734
SHOP0336,P00949,CUST00554,COLL01735
SHOP0228,P00064,CUST00845,COLL01736
SHOP0154,P00082,CUST00411,COLL01737
SHOP0228,P00815,CUST00030,COLL01738
SHOP0088,P00435,CUST00797,COLL01739
SHOP0354,P00393,CUST00942,COLL01740
SHOP0447,P00192,CUST00086,COLL01741
SHOP0489,P00044,CUST00925,COLL01742
SHOP0459,P00908,CUST00820,COLL01743
SHOP0468,P00572,CUST00823,COLL01744
SHOP0158,P00394,CUST00428,COLL01745
SHOP0205,P00824,CUST00946,COLL01746
SHOP0448,P00503,CUST00411,COLL01747
SHOP0232,P00925,CUST00357,COLL01748
SHOP0228,P00099,CUST00158,COLL01749
SHOP0325,P00478,CUST00963,COLL01750
SHOP0405,P00442,CUST00589,COLL01751
SHOP0473,P00803,CUST00168,COLL01752
SHOP0309,P00144,CUST00740,COLL01753
SHOP0301,P00414,CUST00845,COLL01754
SHOP0286,P00534,CUST00259,COLL01755
SHOP0187,P00442,CUST00408,COLL01756
SHOP0183,P00660,CUST00210,COLL01757
SHOP0138,P00635,CUST00670,COLL01758
SHOP0086,P00723,CUST00589,COLL01759
SHOP0037,P00781,CUST00227,COLL01760
SHOP0283,P00494,CUST00521,COLL01761
SHOP0309,P00901,CUST00617,COLL01762
SHOP0283,P00685,CUST00439,COLL01763
SHOP0384,P00186,CUST00209,COLL01764
SHOP0229,P00892,CUST00989,COLL01765
SHOP0494,P00142,CUST00231,COLL01766
SHOP0362,P00459,CUST00603,COLL01767
SHOP0075,P00891,CUST00717,COLL01768
SHOP0179,P00832,CUST00137,COLL01769
SHOP0355,P00227,CUST00678,COLL01770
SHOP0386,P00632,CUST00662,COLL01771
SHOP0105,P00710,CUST00261,COLL01772
SHOP0132,P00991,CUST00584,COLL01773
SHOP0387,P00829,CUST00361,COLL01774
SHOP0115,P00477,CUST00209,COLL01775
SHOP0360,P00765,CUST00321,COLL01776
SHOP0136,P00542,CUST00468,COLL01777
SHOP0289,P00533,CUST00740,COLL01778
SHOP0340,P00672,CUST00211,COLL01779
SHOP0051,P00026,CUST00357,COLL01780
SHOP0450,P00065,CUST00286,COLL01781
SHOP0186,P00112,CUST00973,COLL01782
SHOP0202,P00657,CUST00583,COLL01783
SHOP0493,P00340,CUST00029,COLL01784
SHOP0444,P00012,CUST00883,COLL01785
SHOP0028,P00160,CUST00668,COLL01786
SHOP0343,P00107,CUST00066,COLL01787
SHOP0098,P00159,CUST00998,COLL01788
SHOP0142,P00343,CUST00708,COLL01789
SHOP0062,P00254,CUST00783,COLL01790
SHOP0255,P00142,CUST00731,COLL01791
SHOP0330,P00369,CUST00656,COLL01792
SHOP0386,P00161,CUST00259,COLL01793
SHOP0346,P00441,CUST00810,COLL01794
SHOP0320,P00864,CUST00490,COLL01795
SHOP0308,P00668,CUST00088,COLL01796
SHOP0471,P00638,CUST00306,COLL01797
SHOP0223,P00945,CUST00003,COLL01798
SHOP0428,P00683,CUST00244,COLL01799
SHOP0465,P00177,CUST00601,COLL01800
SHOP0012,P00730,CUST00382,COLL01801
SHOP0295,P00842,CUST00626,COLL01802
SHOP0150,P00975,CUST00721,COLL01803
SHOP0067,P00480,CUST00892,COLL01804
SHOP0498,P00530,CUST00816,COLL01805
SHOP0479,P00634,CUST00998,COLL01806
SHOP0433,P00465,CUST00425,COLL01807
SHOP0225,P00147,CUST00963,COLL01808
SHOP0156,P00473,CUST00963,COLL01809
SHOP0247,P00924,CUST00328,COLL01810
SHOP0442,P00752,CUST00139,COLL01811
SHOP0339,P00957,CUST00514,COLL01812
SHOP0337,P00169,CUST00359,COLL01813
SHOP0196,P00372,CUST00289,COLL01814
SHOP0354,P00507,CUST00361,COLL01815
SHOP0290,P00119,CUST00139,COLL01816
SHOP0150,P00273,CUST00398,COLL01817
SHOP0339,P00181,CUST00380,COLL01818
SHOP0153,P00833,CUST00007,COLL01819
SHOP0461,P00174,CUST00210,COLL01820
SHOP0086,P00539,CUST00631,COLL01821
SHOP0363,P00600,CUST00837,COLL01822
SHOP0404,P00125,CUST00204,COLL01823
SHOP0491,P00300,CUST00521,COLL01824
SHOP0134,P00170,CUST00918,COLL01825
SHOP0011,P00571,CUST00977,COLL01826
SHOP0479,P00340,CUST00494,COLL01827
SHOP0437,P00713,CUST00643,COLL01828
SHOP0348,P00396,CUST00277,COLL01829
SHOP0030,P00426,CUST00298,COLL01830
SHOP0143,P00902,CUST00554,COLL01831
SHOP0056,P00960,CUST00883,COLL01832
SHOP0077,P00191,CUST00192,COLL01833
SHOP0490,P00590,CUST00519,COLL01834
SHOP0029,P00164,CUST00436,COLL01835
SHOP0335,P00180,CUST00650,COLL01836
SHOP0449,P00560,CUST00082,COLL01837
SHOP0166,P00602,CUST00649,COLL01838
SHOP0003,P00250,CUST00894,COLL01839
SHOP0063,P00375,CUST00495,COLL01840
SHOP0482,P00332,CUST00060,COLL01841
SHOP0458,P00375,CUST00941,COLL01842
SHOP0121,P00990,CUST00439,COLL01843
SHOP0141,P00419,CUST00199,COLL01844
SHOP0041,P00697,CUST00670,COLL01845
SHOP0432,P00448,CUST00221,COLL01846
SHOP0020,P00722,CUST00350,COLL01847
SHOP0441,P00736,CUST00137,COLL01848
SHOP0437,P00985,CUST00096,COLL01849
SHOP0434,P00080,CUST00714,COLL01850
SHOP0226,P00548,CUST00522,COLL01851
SHOP0427,P00959,CUST00941,COLL01852
SHOP0451,P00586,CUST00523,COLL01853
SHOP0023,P00323,CUST00357,COLL01854
SHOP0446,P00579,CUST00884,COLL01855
SHOP0492,P00844,CUST00286,COLL01856
SHOP0238,P00119,CUST00464,COLL01857
SHOP0257,P00222,CUST00462,COLL01858
SHOP0360,P00607,CUST00294,COLL01859
SHOP0488,P00420,CUST00249,COLL01860
SHOP0418,P00544,CUST00713,COLL01861
SHOP0442,P00114,CUST00307,COLL01862
SHOP0293,P00185,CUST00361,COLL01863
SHOP0121,P00186,CUST00737,COLL01864
SHOP0178,P00700,CUST00603,COLL01865
SHOP0193,P00137,CUST00845,COLL01866
SHOP0087,P00944,CUST00941,COLL01867
SHOP0210,P00026,CUST00904,COLL01868
SHOP0091,P00649,CUST00265,COLL01869
SHOP0475,P00596,CUST00590,COLL01870
SHOP0120,P00399,CUST00974,COLL01871
SHOP0497,P00451,CUST00328,COLL01872
SHOP0489,P00163,CUST00827,COLL01873
SHOP0020,P00934,CUST00494,COLL01874
SHOP0208,P00634,CUST00025,COLL01875
SHOP0436,P00259,CUST00521,COLL01876
SHOP0479,P00340,CUST00110,COLL01877
SHOP0303,P00332,CUST00587,COLL01878
SHOP0168,P00239,CUST00734,COLL01879
SHOP0113,P00851,CUST00464,COLL01880
SHOP0377,P00004,CUST00924,COLL01881
SHOP0395,P00892,CUST00687,COLL01882
SHOP0018,P00206,CUST00155,COLL01883
SHOP0261,P00862,CUST00687,COLL01884
SHOP0335,P00964,CUST00914,COLL01885
SHOP0282,P00021,CUST00365,COLL01886
SHOP0218,P00829,CUST00328,COLL01887
SHOP0492,P00743,CUST00548,COLL01888
SHOP0369,P00772,CUST00883,COLL01889
SHOP0344,P00281,CUST00977,COLL01890
SHOP0399,P00827,CUST00139,COLL01891
SHOP0010,P00454,CUST00800,COLL01892
SHOP0264,P00763,CUST00451,COLL01893
SHOP0187,P00566,CUST00924,COLL01894
SHOP0285,P00674,CUST00689,COLL01895
SHOP0205,P00708,CUST00430,COLL01896
SHOP0238,P00256,CUST00277,COLL01897
SHOP0182,P00758,CUST00662,COLL01898
SHOP0330,P00230,CUST00536,COLL01899
SHOP0420,P00045,CUST00522,COLL01900
SHOP0312,P00273,CUST00086,COLL01901
SHOP0212,P00877,CUST00449,COLL01902
SHOP0485,P00616,CUST00536,COLL01903
SHOP0363,P00221,CUST00655,COLL01904
SHOP0477,P00057,CUST00816,COLL01905
SHOP0301,P00305,CUST00636,COLL01906
SHOP0461,P00684,CUST00499,COLL01907
SHOP0476,P00292,CUST00055,COLL01908
SHOP0373,P00253,CUST00543,COLL01909
SHOP0166,P00642,CUST00286,COLL01910
SHOP0243,P00052,CUST00824,COLL01911
SHOP0461,P00514,CUST00281,COLL01912
SHOP0142,P00744,CUST00298,COLL01913
SHOP0269,P00509,CUST00963,COLL01914
SHOP0443,P00797,CUST00810,COLL01915
SHOP0092,P00993,CUST00314,COLL01916
SHOP0383,P00167,CUST00575,COLL01917
SHOP0280,P00343,CUST00072,COLL01918
SHOP0108,P00035,CUST00575,COLL01919
SHOP0438,P00477,CUST00292,COLL01920
SHOP0135,P00322,CUST00946,COLL01921
SHOP0083,P00539,CUST00204,COLL01922
SHOP0304,P00066,CUST00942,COLL01923
SHOP0421,P00482,CUST00049,COLL01924
SHOP0200,P00788,CUST00033,COLL01925
SHOP0374,P00457,CUST00662,COLL01926
SHOP0317,P00020,CUST00636,COLL01927
SHOP0428,P00548,CUST00277,COLL01928
SHOP0159,P00725,CUST00826,COLL01929
SHOP0167,P00812,CUST00811,COLL01930
SHOP0155,P00608,CUST00678,COLL01931
SHOP0256,P00411,CUST00086,COLL01932
SHOP0012,P00591,CUST00816,COLL01933
SHOP0107,P00273,CUST00481,COLL01934
SHOP0005,P00407,CUST00299,COLL01935
SHOP0123,P00284,CUST00590,COLL01936
SHOP0257,P00181,CUST00975,COLL01937
SHOP0257,P00222,CUST00613,COLL01938
SHOP0317,P00216,CUST00084,COLL01939
SHOP0476,P00146,CUST00495,COLL01940
SHOP0133,P00123,CUST00811,COLL01941
SHOP0191,P00799,CUST00359,COLL01942
SHOP0218,P00829,CUST00678,COLL01943
SHOP0195,P00796,CUST00899,COLL01944
SHOP0495,P00555,CUST00025,COLL01945
SHOP0468,P00233,CUST00408,COLL01946
SHOP0204,P00505,CUST00859,COLL01947
SHOP0424,P00123,CUST00244,COLL01948
SHOP0435,P00803,CUST00527,COLL01949
SHOP0337,P00377,CUST00432,COLL01950
SHOP0155,P00408,CUST00826,COLL01951
SHOP0039,P00569,CUST00986,COLL01952
SHOP0075,P00514,CUST00692,COLL01953
SHOP0282,P00021,CUST00428,COLL01954
SHOP0148,P00404,CUST00603,COLL01955
SHOP0198,P00877,CUST00429,COLL01956
SHOP0050,P00213,CUST00994,COLL01957
SHOP0453,P00777,CUST00465,COLL01958
SHOP0179,P00061,CUST00859,COLL01959
SHOP0173,P00928,CUST00451,COLL01960
SHOP0077,P00373,CUST00601,COLL01961
SHOP0284,P00566,CUST00617,COLL01962
SHOP0108,P00327,CUST00595,COLL01963
SHOP0152,P00785,CUST00995,COLL01964
SHOP0469,P00798,CUST00063,COLL01965
SHOP0288,P00850,CUST00266,COLL01966
SHOP0295,P00289,CUST00244,COLL01967
SHOP0260,P00426,CUST00494,COLL01968
SHOP0149,P00999,CUST00067,COLL01969
SHOP0107,P00294,CUST00799,COLL01970
SHOP0143,P00987,CUST00985,COLL01971
SHOP0356,P00775,CUST00554,COLL01972
SHOP0168,P00193,CUST00155,COLL01973
SHOP0444,P00240,CUST00613,COLL01974
SHOP0466,P00994,CUST00344,COLL01975
SHOP0407,P00095,CUST00985,COLL01976
SHOP0493,P00735,CUST00714,COLL01977
SHOP0165,P00940,CUST00534,COLL01978
SHOP0216,P00133,CUST00199,COLL01979
SHOP0410,P00209,CUST00247,COLL01980
SHOP0487,P00091,CUST00796,COLL01981
SHOP0262,P00470,CUST00003,COLL01982
SHOP0000,P00919,CUST00884,COLL01983
SHOP0042,P00596,CUST00033,COLL01984
SHOP0493,P00974,CUST00231,COLL01985
SHOP0101,P00415,CUST00306,COLL01986
SHOP0398,P00907,CUST00256,COLL01987
SHOP0286,P00321,CUST00110,COLL01988
SHOP0023,P00361,CUST00514,COLL01989
SHOP0140,P00487,CUST00174,COLL01990
SHOP0042,P00596,CUST00199,COLL01991
SHOP0301,P00529,CUST00029,COLL01992
SHOP0211,P00063,CUST00798,COLL01993
SHOP0317,P00696,CUST00643,COLL01994
SHOP0048,P00620,CUST00708,COLL01995
SHOP0194,P00001,CUST00595,COLL01996
SHOP0320,P00596,CUST00493,COLL01997
SHOP0259,P00751,CUST00522,COLL01998
SHOP0492,P00835,CUST00196,COLL01999
