shop_id,product_id,buyer_id,list_id,name
SHOP0416,P00301,CUST00282,LIST00000,LIST00000
SHOP0314,P00612,CUST00538,LIST00001,LIST00001
SHOP0038,P00225,CUST00868,LIST00002,LIST00002
SHOP0170,P00790,CUST00886,LIST00003,LIST00003
SHOP0245,P00485,CUST00193,LIST00004,LIST00004
SHOP0285,P00312,CUST00468,LIST00005,LIST00005
SHOP0447,P00696,CUST00805,LIST00006,LIST00006
SHOP0384,P00270,CUST00939,LIST00007,LIST00007
SHOP0232,P00247,CUST00601,LIST00008,LIST00008
SHOP0306,P00726,CUST00311,LIST00009,LIST00009
SHOP0453,P00597,CUST00593,LIST00010,LIST00010
SHOP0438,P00616,CUST00386,LIST00011,LIST00011
SHOP0456,P00551,CUST00858,LIST00012,LIST00012
SHOP0424,P00715,CUST00105,LIST00013,LIST00013
SHOP0219,P00630,CUST00764,LIST00014,LIST00014
SHOP0468,P00668,CUST00314,LIST00015,LIST00015
SHOP0421,P00905,CUST00606,LIST00016,LIST00016
SHOP0105,P00753,CUST00899,LIST00017,LIST00017
SHOP0101,P00506,CUST00275,LIST00018,LIST00018
SHOP0449,P00354,CUST00050,LIST00019,LIST00019
SHOP0134,P00606,CUST00308,LIST00020,LIST00020
SHOP0253,P00446,CUST00342,LIST00021,LIST00021
SHOP0321,P00642,CUST00568,LIST00022,LIST00022
SHOP0095,P00286,CUST00929,LIST00023,LIST00023
SHOP0449,P00251,CUST00547,LIST00024,LIST00024
SHOP0031,P00906,CUST00504,LIST00025,LIST00025
SHOP0309,P00927,CUST00701,LIST00026,LIST00026
SHOP0041,P00510,CUST00348,LIST00027,LIST00027
SHOP0190,P00716,CUST00263,LIST00028,LIST00028
SHOP0016,P00449,CUST00886,LIST00029,LIST00029
SHOP0117,P00467,CUST00743,LIST00030,LIST00030
SHOP0228,P00073,CUST00106,LIST00031,LIST00031
SHOP0112,P00563,CUST00721,LIST00032,LIST00032
SHOP0195,P00868,CUST00172,LIST00033,LIST00033
SHOP0435,P00400,CUST00268,LIST00034,LIST00034
SHOP0056,P00960,CUST00794,LIST00035,LIST00035
SHOP0140,P00868,CUST00502,LIST00036,LIST00036
SHOP0394,P00161,CUST00576,LIST00037,LIST00037
SHOP0363,P00389,CUST00323,LIST00038,LIST00038
SHOP0396,P00819,CUST00572,LIST00039,LIST00039
SHOP0416,P00360,CUST00762,LIST00040,LIST00040
SHOP0128,P00267,CUST00610,LIST00041,LIST00041
SHOP0398,P00179,CUST00257,LIST00042,LIST00042
SHOP0353,P00886,CUST00227,LIST00043,LIST00043
SHOP0471,P00392,CUST00825,LIST00044,LIST00044
SHOP0182,P00140,CUST00087,LIST00045,LIST00045
SHOP0486,P00188,CUST00934,LIST00046,LIST00046
SHOP0228,P00739,CUST00419,LIST00047,LIST00047
SHOP0247,P00507,CUST00450,LIST00048,LIST00048
SHOP0027,P00481,CUST00029,LIST00049,LIST00049
SHOP0086,P00574,CUST00212,LIST00050,LIST00050
SHOP0353,P00608,CUST00691,LIST00051,LIST00051
SHOP0389,P00544,CUST00599,LIST00052,LIST00052
SHOP0151,P00634,CUST00313,LIST00053,LIST00053
SHOP0043,P00647,CUST00605,LIST00054,LIST00054
SHOP0405,P00571,CUST00438,LIST00055,LIST00055
SHOP0484,P00274,CUST00635,LIST00056,LIST00056
SHOP0154,P00276,CUST00213,LIST00057,LIST00057
SHOP0086,P00752,CUST00406,LIST00058,LIST00058
SHOP0048,P00926,CUST00931,LIST00059,LIST00059
SHOP0095,P00569,CUST00621,LIST00060,LIST00060
SHOP0127,P00824,CUST00951,LIST00061,LIST00061
SHOP0333,P00425,CUST00514,LIST00062,LIST00062
SHOP0385,P00920,CUST00938,LIST00063,LIST00063
SHOP0019,P00967,CUST00988,LIST00064,LIST00064
SHOP0298,P00081,CUST00184,LIST00065,LIST00065
SHOP0029,P00186,CUST00635,LIST00066,LIST00066
SHOP0338,P00416,CUST00113,LIST00067,LIST00067
SHOP0202,P00941,CUST00645,LIST00068,LIST00068
SHOP0476,P00395,CUST00863,LIST00069,LIST00069
SHOP0489,P00647,CUST00815,LIST00070,LIST00070
SHOP0078,P00998,CUST00197,LIST00071,LIST00071
SHOP0307,P00739,CUST00408,LIST00072,LIST00072
SHOP0390,P00853,CUST00225,LIST00073,LIST00073
SHOP0266,P00398,CUST00728,LIST00074,LIST00074
SHOP0007,P00229,CUST00915,LIST00075,LIST00075
SHOP0339,P00780,CUST00998,LIST00076,LIST00076
SHOP0384,P00504,CUST00841,LIST00077,LIST00077
SHOP0280,P00542,CUST00433,LIST00078,LIST00078
SHOP0130,P00406,CUST00565,LIST00079,LIST00079
SHOP0402,P00601,CUST00605,LIST00080,LIST00080
SHOP0314,P00081,CUST00683,LIST00081,LIST00081
SHOP0137,P00483,CUST00044,LIST00082,LIST00082
SHOP0124,P00641,CUST00580,LIST00083,LIST00083
SHOP0370,P00313,CUST00268,LIST00084,LIST00084
SHOP0092,P00144,CUST00294,LIST00085,LIST00085
SHOP0421,P00228,CUST00464,LIST00086,LIST00086
SHOP0487,P00444,CUST00202,LIST00087,LIST00087
SHOP0081,P00935,CUST00071,LIST00088,LIST00088
SHOP0007,P00874,CUST00850,LIST00089,LIST00089
SHOP0429,P00226,CUST00700,LIST00090,LIST00090
SHOP0218,P00829,CUST00117,LIST00091,LIST00091
SHOP0278,P00849,CUST00284,LIST00092,LIST00092
SHOP0175,P00187,CUST00452,LIST00093,LIST00093
SHOP0360,P00249,CUST00658,LIST00094,LIST00094
SHOP0051,P00023,CUST00599,LIST00095,LIST00095
SHOP0425,P00147,CUST00843,LIST00096,LIST00096
SHOP0165,P00506,CUST00320,LIST00097,LIST00097
SHOP0327,P00857,CUST00410,LIST00098,LIST00098
SHOP0278,P00932,CUST00881,LIST00099,LIST00099
SHOP0397,P00859,CUST00041,LIST00100,LIST00100
SHOP0162,P00731,CUST00283,LIST00101,LIST00101
SHOP0066,P00560,CUST00384,LIST00102,LIST00102
SHOP0481,P00203,CUST00857,LIST00103,LIST00103
SHOP0376,P00865,CUST00025,LIST00104,LIST00104
SHOP0102,P00327,CUST00379,LIST00105,LIST00105
SHOP0096,P00883,CUST00904,LIST00106,LIST00106
SHOP0093,P00996,CUST00523,LIST00107,LIST00107
SHOP0224,P00978,CUST00087,LIST00108,LIST00108
SHOP0329,P00919,CUST00925,LIST00109,LIST00109
SHOP0380,P00719,CUST00742,LIST00110,LIST00110
SHOP0430,P00983,CUST00385,LIST00111,LIST00111
SHOP0257,P00181,CUST00250,LIST00112,LIST00112
SHOP0494,P00155,CUST00597,LIST00113,LIST00113
SHOP0417,P00231,CUST00874,LIST00114,LIST00114
SHOP0456,P00429,CUST00745,LIST00115,LIST00115
SHOP0029,P00664,CUST00607,LIST00116,LIST00116
SHOP0154,P00571,CUST00871,LIST00117,LIST00117
SHOP0074,P00292,CUST00932,LIST00118,LIST00118
SHOP0429,P00117,CUST00016,LIST00119,LIST00119
SHOP0057,P00471,CUST00004,LIST00120,LIST00120
SHOP0269,P00516,CUST00735,LIST00121,LIST00121
SHOP0029,P00951,CUST00386,LIST00122,LIST00122
SHOP0429,P00457,CUST00454,LIST00123,LIST00123
SHOP0009,P00715,CUST00790,LIST00124,LIST00124
SHOP0264,P00374,CUST00363,LIST00125,LIST00125
SHOP0211,P00297,CUST00971,LIST00126,LIST00126
SHOP0196,P00447,CUST00850,LIST00127,LIST00127
SHOP0079,P00107,CUST00481,LIST00128,LIST00128
SHOP0001,P00627,CUST00839,LIST00129,LIST00129
SHOP0130,P00406,CUST00464,LIST00130,LIST00130
SHOP0357,P00549,CUST00280,LIST00131,LIST00131
SHOP0224,P00560,CUST00083,LIST00132,LIST00132
SHOP0019,P00135,CUST00692,LIST00133,LIST00133
SHOP0031,P00085,CUST00592,LIST00134,LIST00134
SHOP0209,P00871,CUST00142,LIST00135,LIST00135
SHOP0332,P00442,CUST00693,LIST00136,LIST00136
SHOP0032,P00417,CUST00500,LIST00137,LIST00137
SHOP0325,P00282,CUST00535,LIST00138,LIST00138
SHOP0457,P00845,CUST00771,LIST00139,LIST00139
SHOP0372,P00554,CUST00885,LIST00140,LIST00140
SHOP0092,P00993,CUST00895,LIST00141,LIST00141
SHOP0458,P00685,CUST00476,LIST00142,LIST00142
SHOP0056,P00016,CUST00872,LIST00143,LIST00143
SHOP0207,P00820,CUST00261,LIST00144,LIST00144
SHOP0459,P00356,CUST00496,LIST00145,LIST00145
SHOP0006,P00599,CUST00453,LIST00146,LIST00146
SHOP0448,P00069,CUST00545,LIST00147,LIST00147
SHOP0182,P00418,CUST00341,LIST00148,LIST00148
SHOP0270,P00174,CUST00098,LIST00149,LIST00149
SHOP0031,P00792,CUST00343,LIST00150,LIST00150
SHOP0020,P00275,CUST00546,LIST00151,LIST00151
SHOP0108,P00749,CUST00239,LIST00152,LIST00152
SHOP0376,P00485,CUST00739,LIST00153,LIST00153
SHOP0394,P00588,CUST00752,LIST00154,LIST00154
SHOP0329,P00299,CUST00579,LIST00155,LIST00155
SHOP0023,P00320,CUST00420,LIST00156,LIST00156
SHOP0419,P00582,CUST00435,LIST00157,LIST00157
SHOP0442,P00114,CUST00773,LIST00158,LIST00158
SHOP0041,P00166,CUST00183,LIST00159,LIST00159
SHOP0243,P00540,CUST00960,LIST00160,LIST00160
SHOP0118,P00638,CUST00958,LIST00161,LIST00161
SHOP0013,P00331,CUST00808,LIST00162,LIST00162
SHOP0153,P00445,CUST00855,LIST00163,LIST00163
SHOP0055,P00123,CUST00790,LIST00164,LIST00164
SHOP0498,P00551,CUST00984,LIST00165,LIST00165
SHOP0334,P00247,CUST00996,LIST00166,LIST00166
SHOP0457,P00205,CUST00938,LIST00167,LIST00167
SHOP0468,P00618,CUST00789,LIST00168,LIST00168
SHOP0352,P00701,CUST00487,LIST00169,LIST00169
SHOP0288,P00850,CUST00160,LIST00170,LIST00170
SHOP0113,P00605,CUST00114,LIST00171,LIST00171
SHOP0191,P00790,CUST00933,LIST00172,LIST00172
SHOP0187,P00471,CUST00409,LIST00173,LIST00173
SHOP0103,P00242,CUST00270,LIST00174,LIST00174
SHOP0283,P00319,CUST00438,LIST00175,LIST00175
SHOP0365,P00613,CUST00870,LIST00176,LIST00176
SHOP0339,P00780,CUST00682,LIST00177,LIST00177
SHOP0471,P00392,CUST00164,LIST00178,LIST00178
SHOP0430,P00520,CUST00770,LIST00179,LIST00179
SHOP0454,P00808,CUST00579,LIST00180,LIST00180
SHOP0339,P00535,CUST00648,LIST00181,LIST00181
SHOP0302,P00912,CUST00028,LIST00182,LIST00182
SHOP0268,P00487,CUST00782,LIST00183,LIST00183
SHOP0007,P00637,CUST00130,LIST00184,LIST00184
SHOP0375,P00700,CUST00708,LIST00185,LIST00185
SHOP0295,P00768,CUST00740,LIST00186,LIST00186
SHOP0141,P00840,CUST00840,LIST00187,LIST00187
SHOP0354,P00480,CUST00834,LIST00188,LIST00188
SHOP0324,P00596,CUST00174,LIST00189,LIST00189
SHOP0499,P00759,CUST00921,LIST00190,LIST00190
SHOP0459,P00773,CUST00195,LIST00191,LIST00191
SHOP0469,P00798,CUST00231,LIST00192,LIST00192
SHOP0085,P00702,CUST00659,LIST00193,LIST00193
SHOP0211,P00297,CUST00229,LIST00194,LIST00194
SHOP0186,P00348,CUST00842,LIST00195,LIST00195
SHOP0228,P00739,CUST00432,LIST00196,LIST00196
SHOP0274,P00041,CUST00634,LIST00197,LIST00197
SHOP0462,P00430,CUST00620,LIST00198,LIST00198
SHOP0499,P00066,CUST00469,LIST00199,LIST00199
SHOP0444,P00240,CUST00682,LIST00200,LIST00200
SHOP0495,P00705,CUST00810,LIST00201,LIST00201
SHOP0161,P00138,CUST00762,LIST00202,LIST00202
SHOP0030,P00260,CUST00140,LIST00203,LIST00203
SHOP0476,P00146,CUST00391,LIST00204,LIST00204
SHOP0145,P00247,CUST00991,LIST00205,LIST00205
SHOP0225,P00167,CUST00828,LIST00206,LIST00206
SHOP0356,P00775,CUST00068,LIST00207,LIST00207
SHOP0150,P00288,CUST00224,LIST00208,LIST00208
SHOP0005,P00892,CUST00776,LIST00209,LIST00209
SHOP0075,P00576,CUST00203,LIST00210,LIST00210
SHOP0341,P00370,CUST00200,LIST00211,LIST00211
SHOP0338,P00288,CUST00864,LIST00212,LIST00212
SHOP0140,P00948,CUST00952,LIST00213,LIST00213
SHOP0324,P00677,CUST00158,LIST00214,LIST00214
SHOP0305,P00778,CUST00312,LIST00215,LIST00215
SHOP0086,P00464,CUST00584,LIST00216,LIST00216
SHOP0154,P00617,CUST00315,LIST00217,LIST00217
SHOP0307,P00221,CUST00085,LIST00218,LIST00218
SHOP0062,P00743,CUST00641,LIST00219,LIST00219
SHOP0143,P00902,CUST00653,LIST00220,LIST00220
SHOP0378,P00982,CUST00347,LIST00221,LIST00221
SHOP0237,P00251,CUST00680,LIST00222,LIST00222
SHOP0496,P00930,CUST00761,LIST00223,LIST00223
SHOP0163,P00331,CUST00421,LIST00224,LIST00224
SHOP0139,P00626,CUST00524,LIST00225,LIST00225
SHOP0028,P00497,CUST00328,LIST00226,LIST00226
SHOP0368,P00043,CUST00111,LIST00227,LIST00227
SHOP0168,P00242,CUST00266,LIST00228,LIST00228
SHOP0280,P00005,CUST00340,LIST00229,LIST00229
SHOP0291,P00791,CUST00834,LIST00230,LIST00230
SHOP0088,P00070,CUST00311,LIST00231,LIST00231
SHOP0234,P00383,CUST00890,LIST00232,LIST00232
SHOP0253,P00820,CUST00404,LIST00233,LIST00233
SHOP0003,P00290,CUST00464,LIST00234,LIST00234
SHOP0294,P00957,CUST00787,LIST00235,LIST00235
SHOP0069,P00419,CUST00396,LIST00236,LIST00236
SHOP0459,P00488,CUST00719,LIST00237,LIST00237
SHOP0271,P00438,CUST00093,LIST00238,LIST00238
SHOP0391,P00935,CUST00128,LIST00239,LIST00239
SHOP0190,P00307,CUST00191,LIST00240,LIST00240
SHOP0270,P00147,CUST00497,LIST00241,LIST00241
SHOP0369,P00017,CUST00787,LIST00242,LIST00242
SHOP0249,P00877,CUST00859,LIST00243,LIST00243
SHOP0379,P00398,CUST00924,LIST00244,LIST00244
SHOP0178,P00824,CUST00426,LIST00245,LIST00245
SHOP0172,P00546,CUST00007,LIST00246,LIST00246
SHOP0195,P00796,CUST00646,LIST00247,LIST00247
SHOP0053,P00571,CUST00075,LIST00248,LIST00248
SHOP0249,P00397,CUST00232,LIST00249,LIST00249
SHOP0355,P00109,CUST00130,LIST00250,LIST00250
SHOP0000,P00411,CUST00602,LIST00251,LIST00251
SHOP0386,P00484,CUST00623,LIST00252,LIST00252
SHOP0437,P00867,CUST00326,LIST00253,LIST00253
SHOP0051,P00680,CUST00239,LIST00254,LIST00254
SHOP0041,P00913,CUST00107,LIST00255,LIST00255
SHOP0036,P00739,CUST00565,LIST00256,LIST00256
SHOP0286,P00160,CUST00123,LIST00257,LIST00257
SHOP0267,P00565,CUST00393,LIST00258,LIST00258
SHOP0399,P00393,CUST00792,LIST00259,LIST00259
SHOP0366,P00378,CUST00375,LIST00260,LIST00260
SHOP0124,P00284,CUST00990,LIST00261,LIST00261
SHOP0259,P00627,CUST00917,LIST00262,LIST00262
SHOP0290,P00512,CUST00295,LIST00263,LIST00263
SHOP0465,P00177,CUST00815,LIST00264,LIST00264
SHOP0008,P00472,CUST00390,LIST00265,LIST00265
SHOP0212,P00178,CUST00540,LIST00266,LIST00266
SHOP0165,P00801,CUST00378,LIST00267,LIST00267
SHOP0029,P00880,CUST00219,LIST00268,LIST00268
SHOP0106,P00908,CUST00290,LIST00269,LIST00269
SHOP0132,P00362,CUST00690,LIST00270,LIST00270
SHOP0049,P00691,CUST00165,LIST00271,LIST00271
SHOP0191,P00228,CUST00572,LIST00272,LIST00272
SHOP0403,P00206,CUST00638,LIST00273,LIST00273
SHOP0286,P00649,CUST00441,LIST00274,LIST00274
SHOP0134,P00564,CUST00023,LIST00275,LIST00275
SHOP0065,P00500,CUST00277,LIST00276,LIST00276
SHOP0494,P00467,CUST00354,LIST00277,LIST00277
SHOP0161,P00359,CUST00526,LIST00278,LIST00278
SHOP0263,P00396,CUST00950,LIST00279,LIST00279
SHOP0072,P00685,CUST00525,LIST00280,LIST00280
SHOP0176,P00516,CUST00335,LIST00281,LIST00281
SHOP0317,P00144,CUST00982,LIST00282,LIST00282
SHOP0331,P00333,CUST00301,LIST00283,LIST00283
SHOP0252,P00944,CUST00936,LIST00284,LIST00284
SHOP0468,P00634,CUST00591,LIST00285,LIST00285
SHOP0387,P00729,CUST00280,LIST00286,LIST00286
SHOP0422,P00929,CUST00393,LIST00287,LIST00287
SHOP0170,P00800,CUST00480,LIST00288,LIST00288
SHOP0307,P00274,CUST00388,LIST00289,LIST00289
SHOP0403,P00554,CUST00654,LIST00290,LIST00290
SHOP0108,P00546,CUST00824,LIST00291,LIST00291
SHOP0461,P00211,CUST00579,LIST00292,LIST00292
SHOP0321,P00440,CUST00219,LIST00293,LIST00293
SHOP0027,P00987,CUST00159,LIST00294,LIST00294
SHOP0423,P00815,CUST00051,LIST00295,LIST00295
SHOP0106,P00477,CUST00694,LIST00296,LIST00296
SHOP0487,P00592,CUST00965,LIST00297,LIST00297
SHOP0194,P00589,CUST00848,LIST00298,LIST00298
SHOP0075,P00494,CUST00374,LIST00299,LIST00299
SHOP0085,P00324,CUST00182,LIST00300,LIST00300
SHOP0278,P00659,CUST00347,LIST00301,LIST00301
SHOP0430,P00947,CUST00913,LIST00302,LIST00302
SHOP0222,P00082,CUST00194,LIST00303,LIST00303
SHOP0232,P00117,CUST00223,LIST00304,LIST00304
SHOP0064,P00120,CUST00849,LIST00305,LIST00305
SHOP0340,P00956,CUST00861,LIST00306,LIST00306
SHOP0175,P00187,CUST00532,LIST00307,LIST00307
SHOP0042,P00738,CUST00446,LIST00308,LIST00308
SHOP0256,P00365,CUST00960,LIST00309,LIST00309
SHOP0231,P00945,CUST00371,LIST00310,LIST00310
SHOP0481,P00265,CUST00726,LIST00311,LIST00311
SHOP0457,P00292,CUST00049,LIST00312,LIST00312
SHOP0106,P00948,CUST00368,LIST00313,LIST00313
SHOP0337,P00732,CUST00971,LIST00314,LIST00314
SHOP0429,P00059,CUST00378,LIST00315,LIST00315
SHOP0025,P00385,CUST00603,LIST00316,LIST00316
SHOP0134,P00564,CUST00497,LIST00317,LIST00317
SHOP0353,P00412,CUST00440,LIST00318,LIST00318
SHOP0226,P00873,CUST00243,LIST00319,LIST00319
SHOP0121,P00524,CUST00959,LIST00320,LIST00320
SHOP0370,P00371,CUST00095,LIST00321,LIST00321
SHOP0410,P00244,CUST00667,LIST00322,LIST00322
SHOP0378,P00503,CUST00153,LIST00323,LIST00323
SHOP0417,P00450,CUST00178,LIST00324,LIST00324
SHOP0069,P00506,CUST00762,LIST00325,LIST00325
SHOP0346,P00829,CUST00004,LIST00326,LIST00326
SHOP0133,P00731,CUST00242,LIST00327,LIST00327
SHOP0493,P00801,CUST00990,LIST00328,LIST00328
SHOP0318,P00565,CUST00731,LIST00329,LIST00329
SHOP0113,P00668,CUST00881,LIST00330,LIST00330
SHOP0457,P00364,CUST00910,LIST00331,LIST00331
SHOP0439,P00740,CUST00778,LIST00332,LIST00332
SHOP0001,P00796,CUST00664,LIST00333,LIST00333
SHOP0173,P00624,CUST00420,LIST00334,LIST00334
SHOP0103,P00848,CUST00426,LIST00335,LIST00335
SHOP0159,P00270,CUST00744,LIST00336,LIST00336
SHOP0304,P00540,CUST00012,LIST00337,LIST00337
SHOP0369,P00577,CUST00074,LIST00338,LIST00338
SHOP0383,P00969,CUST00952,LIST00339,LIST00339
SHOP0151,P00123,CUST00813,LIST00340,LIST00340
SHOP0080,P00739,CUST00192,LIST00341,LIST00341
SHOP0198,P00065,CUST00949,LIST00342,LIST00342
SHOP0382,P00214,CUST00973,LIST00343,LIST00343
SHOP0132,P00943,CUST00676,LIST00344,LIST00344
SHOP0102,P00358,CUST00947,LIST00345,LIST00345
SHOP0221,P00032,CUST00282,LIST00346,LIST00346
SHOP0043,P00568,CUST00728,LIST00347,LIST00347
SHOP0441,P00062,CUST00448,LIST00348,LIST00348
SHOP0061,P00589,CUST00172,LIST00349,LIST00349
SHOP0249,P00280,CUST00603,LIST00350,LIST00350
SHOP0229,P00974,CUST00222,LIST00351,LIST00351
SHOP0395,P00377,CUST00595,LIST00352,LIST00352
SHOP0019,P00947,CUST00764,LIST00353,LIST00353
SHOP0151,P00403,CUST00989,LIST00354,LIST00354
SHOP0075,P00942,CUST00961,LIST00355,LIST00355
SHOP0291,P00071,CUST00153,LIST00356,LIST00356
SHOP0293,P00095,CUST00682,LIST00357,LIST00357
SHOP0027,P00294,CUST00030,LIST00358,LIST00358
SHOP0333,P00266,CUST00379,LIST00359,LIST00359
SHOP0030,P00899,CUST00515,LIST00360,LIST00360
SHOP0251,P00635,CUST00267,LIST00361,LIST00361
SHOP0132,P00362,CUST00619,LIST00362,LIST00362
SHOP0421,P00165,CUST00647,LIST00363,LIST00363
SHOP0271,P00610,CUST00755,LIST00364,LIST00364
SHOP0062,P00419,CUST00580,LIST00365,LIST00365
SHOP0224,P00846,CUST00265,LIST00366,LIST00366
SHOP0492,P00284,CUST00545,LIST00367,LIST00367
SHOP0454,P00834,CUST00346,LIST00368,LIST00368
SHOP0367,P00943,CUST00596,LIST00369,LIST00369
SHOP0256,P00967,CUST00399,LIST00370,LIST00370
SHOP0286,P00241,CUST00097,LIST00371,LIST00371
SHOP0245,P00307,CUST00835,LIST00372,LIST00372
SHOP0269,P00035,CUST00255,LIST00373,LIST00373
SHOP0191,P00228,CUST00959,LIST00374,LIST00374
SHOP0042,P00746,CUST00121,LIST00375,LIST00375
SHOP0094,P00085,CUST00339,LIST00376,LIST00376
SHOP0338,P00421,CUST00339,LIST00377,LIST00377
SHOP0247,P00507,CUST00580,LIST00378,LIST00378
SHOP0457,P00442,CUST00627,LIST00379,LIST00379
SHOP0318,P00519,CUST00570,LIST00380,LIST00380
SHOP0465,P00300,CUST00869,LIST00381,LIST00381
SHOP0435,P00129,CUST00289,LIST00382,LIST00382
SHOP0231,P00235,CUST00182,LIST00383,LIST00383
SHOP0238,P00770,CUST00994,LIST00384,LIST00384
SHOP0461,P00684,CUST00081,LIST00385,LIST00385
SHOP0279,P00381,CUST00591,LIST00386,LIST00386
SHOP0113,P00198,CUST00900,LIST00387,LIST00387
SHOP0375,P00030,CUST00728,LIST00388,LIST00388
SHOP0339,P00732,CUST00003,LIST00389,LIST00389
SHOP0494,P00142,CUST00480,LIST00390,LIST00390
SHOP0179,P00695,CUST00603,LIST00391,LIST00391
SHOP0055,P00140,CUST00510,LIST00392,LIST00392
SHOP0228,P00415,CUST00139,LIST00393,LIST00393
SHOP0142,P00038,CUST00218,LIST00394,LIST00394
SHOP0071,P00538,CUST00231,LIST00395,LIST00395
SHOP0193,P00801,CUST00836,LIST00396,LIST00396
SHOP0450,P00141,CUST00922,LIST00397,LIST00397
SHOP0470,P00832,CUST00343,LIST00398,LIST00398
SHOP0154,P00617,CUST00873,LIST00399,LIST00399
SHOP0161,P00359,CUST00913,LIST00400,LIST00400
SHOP0267,P00401,CUST00857,LIST00401,LIST00401
SHOP0249,P00009,CUST00044,LIST00402,LIST00402
SHOP0421,P00212,CUST00463,LIST00403,LIST00403
SHOP0288,P00032,CUST00393,LIST00404,LIST00404
SHOP0396,P00299,CUST00546,LIST00405,LIST00405
SHOP0213,P00278,CUST00042,LIST00406,LIST00406
SHOP0375,P00667,CUST00080,LIST00407,LIST00407
SHOP0144,P00278,CUST00013,LIST00408,LIST00408
SHOP0450,P00362,CUST00662,LIST00409,LIST00409
SHOP0263,P00341,CUST00551,LIST00410,LIST00410
SHOP0311,P00620,CUST00153,LIST00411,LIST00411
SHOP0339,P00380,CUST00587,LIST00412,LIST00412
SHOP0077,P00373,CUST00686,LIST00413,LIST00413
SHOP0375,P00143,CUST00519,LIST00414,LIST00414
SHOP0364,P00513,CUST00749,LIST00415,LIST00415
SHOP0304,P00066,CUST00221,LIST00416,LIST00416
SHOP0481,P00411,CUST00633,LIST00417,LIST00417
SHOP0247,P00371,CUST00579,LIST00418,LIST00418
SHOP0003,P00290,CUST00684,LIST00419,LIST00419
SHOP0352,P00925,CUST00630,LIST00420,LIST00420
SHOP0210,P00122,CUST00913,LIST00421,LIST00421
SHOP0020,P00722,CUST00771,LIST00422,LIST00422
SHOP0347,P00939,CUST00697,LIST00423,LIST00423
SHOP0197,P00725,CUST00164,LIST00424,LIST00424
SHOP0490,P00789,CUST00695,LIST00425,LIST00425
SHOP0082,P00272,CUST00174,LIST00426,LIST00426
SHOP0339,P00895,CUST00441,LIST00427,LIST00427
SHOP0049,P00393,CUST00773,LIST00428,LIST00428
SHOP0205,P00953,CUST00478,LIST00429,LIST00429
SHOP0406,P00713,CUST00633,LIST00430,LIST00430
SHOP0073,P00598,CUST00919,LIST00431,LIST00431
SHOP0414,P00344,CUST00278,LIST00432,LIST00432
SHOP0385,P00734,CUST00546,LIST00433,LIST00433
SHOP0046,P00812,CUST00100,LIST00434,LIST00434
SHOP0267,P00565,CUST00780,LIST00435,LIST00435
SHOP0001,P00632,CUST00307,LIST00436,LIST00436
SHOP0237,P00724,CUST00935,LIST00437,LIST00437
SHOP0037,P00516,CUST00080,LIST00438,LIST00438
SHOP0119,P00748,CUST00219,LIST00439,LIST00439
SHOP0466,P00107,CUST00433,LIST00440,LIST00440
SHOP0118,P00541,CUST00256,LIST00441,LIST00441
SHOP0475,P00145,CUST00971,LIST00442,LIST00442
SHOP0030,P00227,CUST00341,LIST00443,LIST00443
SHOP0477,P00177,CUST00117,LIST00444,LIST00444
SHOP0091,P00035,CUST00639,LIST00445,LIST00445
SHOP0254,P00778,CUST00267,LIST00446,LIST00446
SHOP0480,P00466,CUST00706,LIST00447,LIST00447
SHOP0349,P00690,CUST00258,LIST00448,LIST00448
SHOP0281,P00904,CUST00146,LIST00449,LIST00449
SHOP0417,P00346,CUST00330,LIST00450,LIST00450
SHOP0322,P00635,CUST00408,LIST00451,LIST00451
SHOP0162,P00325,CUST00794,LIST00452,LIST00452
SHOP0290,P00856,CUST00493,LIST00453,LIST00453
SHOP0161,P00734,CUST00585,LIST00454,LIST00454
SHOP0186,P00110,CUST00607,LIST00455,LIST00455
SHOP0322,P00314,CUST00207,LIST00456,LIST00456
SHOP0183,P00318,CUST00547,LIST00457,LIST00457
SHOP0346,P00577,CUST00663,LIST00458,LIST00458
SHOP0002,P00963,CUST00811,LIST00459,LIST00459
SHOP0422,P00752,CUST00024,LIST00460,LIST00460
SHOP0261,P00423,CUST00385,LIST00461,LIST00461
SHOP0252,P00479,CUST00054,LIST00462,LIST00462
SHOP0255,P00142,CUST00384,LIST00463,LIST00463
SHOP0187,P00618,CUST00721,LIST00464,LIST00464
SHOP0235,P00515,CUST00322,LIST00465,LIST00465
SHOP0032,P00266,CUST00816,LIST00466,LIST00466
SHOP0028,P00228,CUST00315,LIST00467,LIST00467
SHOP0291,P00000,CUST00248,LIST00468,LIST00468
SHOP0247,P00371,CUST00538,LIST00469,LIST00469
SHOP0418,P00253,CUST00219,LIST00470,LIST00470
SHOP0478,P00586,CUST00029,LIST00471,LIST00471
SHOP0398,P00907,CUST00723,LIST00472,LIST00472
SHOP0461,P00514,CUST00317,LIST00473,LIST00473
SHOP0264,P00913,CUST00245,LIST00474,LIST00474
SHOP0289,P00533,CUST00216,LIST00475,LIST00475
SHOP0451,P00121,CUST00551,LIST00476,LIST00476
SHOP0085,P00324,CUST00807,LIST00477,LIST00477
SHOP0302,P00773,CUST00977,LIST00478,LIST00478
SHOP0201,P00840,CUST00628,LIST00479,LIST00479
SHOP0053,P00403,CUST00809,LIST00480,LIST00480
SHOP0293,P00185,CUST00083,LIST00481,LIST00481
SHOP0267,P00519,CUST00041,LIST00482,LIST00482
SHOP0288,P00858,CUST00763,LIST00483,LIST00483
SHOP0144,P00900,CUST00293,LIST00484,LIST00484
SHOP0422,P00330,CUST00057,LIST00485,LIST00485
SHOP0416,P00039,CUST00175,LIST00486,LIST00486
SHOP0165,P00855,CUST00673,LIST00487,LIST00487
SHOP0455,P00619,CUST00739,LIST00488,LIST00488
SHOP0120,P00798,CUST00522,LIST00489,LIST00489
SHOP0491,P00896,CUST00819,LIST00490,LIST00490
SHOP0220,P00215,CUST00749,LIST00491,LIST00491
SHOP0394,P00281,CUST00795,LIST00492,LIST00492
SHOP0247,P00903,CUST00654,LIST00493,LIST00493
SHOP0494,P00248,CUST00632,LIST00494,LIST00494
SHOP0455,P00276,CUST00306,LIST00495,LIST00495
SHOP0060,P00576,CUST00982,LIST00496,LIST00496
SHOP0399,P00367,CUST00213,LIST00497,LIST00497
SHOP0179,P00207,CUST00270,LIST00498,LIST00498
SHOP0375,P00682,CUST00031,LIST00499,LIST00499
SHOP0156,P00386,CUST00598,LIST00500,LIST00500
SHOP0108,P00296,CUST00016,LIST00501,LIST00501
SHOP0483,P00244,CUST00074,LIST00502,LIST00502
SHOP0295,P00482,CUST00066,LIST00503,LIST00503
SHOP0359,P00675,CUST00409,LIST00504,LIST00504
SHOP0321,P00642,CUST00987,LIST00505,LIST00505
SHOP0008,P00769,CUST00773,LIST00506,LIST00506
SHOP0341,P00492,CUST00096,LIST00507,LIST00507
SHOP0240,P00468,CUST00301,LIST00508,LIST00508
SHOP0450,P00263,CUST00605,LIST00509,LIST00509
SHOP0426,P00284,CUST00989,LIST00510,LIST00510
SHOP0114,P00959,CUST00919,LIST00511,LIST00511
SHOP0140,P00758,CUST00946,LIST00512,LIST00512
SHOP0053,P00567,CUST00804,LIST00513,LIST00513
SHOP0143,P00986,CUST00019,LIST00514,LIST00514
SHOP0336,P00821,CUST00494,LIST00515,LIST00515
SHOP0279,P00411,CUST00432,LIST00516,LIST00516
SHOP0210,P00627,CUST00172,LIST00517,LIST00517
SHOP0368,P00980,CUST00171,LIST00518,LIST00518
SHOP0290,P00696,CUST00473,LIST00519,LIST00519
SHOP0482,P00437,CUST00385,LIST00520,LIST00520
SHOP0335,P00964,CUST00495,LIST00521,LIST00521
SHOP0008,P00727,CUST00231,LIST00522,LIST00522
SHOP0104,P00023,CUST00406,LIST00523,LIST00523
SHOP0388,P00599,CUST00853,LIST00524,LIST00524
SHOP0403,P00022,CUST00189,LIST00525,LIST00525
SHOP0218,P00916,CUST00518,LIST00526,LIST00526
SHOP0460,P00803,CUST00846,LIST00527,LIST00527
SHOP0077,P00342,CUST00491,LIST00528,LIST00528
SHOP0325,P00810,CUST00199,LIST00529,LIST00529
SHOP0390,P00163,CUST00799,LIST00530,LIST00530
SHOP0402,P00809,CUST00775,LIST00531,LIST00531
SHOP0168,P00193,CUST00008,LIST00532,LIST00532
SHOP0395,P00595,CUST00607,LIST00533,LIST00533
SHOP0022,P00785,CUST00722,LIST00534,LIST00534
SHOP0037,P00675,CUST00867,LIST00535,LIST00535
SHOP0159,P00725,CUST00232,LIST00536,LIST00536
SHOP0309,P00144,CUST00152,LIST00537,LIST00537
SHOP0132,P00991,CUST00565,LIST00538,LIST00538
SHOP0168,P00239,CUST00354,LIST00539,LIST00539
SHOP0498,P00438,CUST00269,LIST00540,LIST00540
SHOP0367,P00943,CUST00535,LIST00541,LIST00541
SHOP0303,P00332,CUST00808,LIST00542,LIST00542
SHOP0490,P00922,CUST00399,LIST00543,LIST00543
SHOP0132,P00174,CUST00075,LIST00544,LIST00544
SHOP0277,P00779,CUST00447,LIST00545,LIST00545
SHOP0229,P00892,CUST00842,LIST00546,LIST00546
SHOP0158,P00394,CUST00885,LIST00547,LIST00547
SHOP0347,P00584,CUST00623,LIST00548,LIST00548
SHOP0444,P00240,CUST00050,LIST00549,LIST00549
SHOP0094,P00085,CUST00728,LIST00550,LIST00550
SHOP0236,P00981,CUST00496,LIST00551,LIST00551
SHOP0058,P00578,CUST00804,LIST00552,LIST00552
SHOP0291,P00851,CUST00948,LIST00553,LIST00553
SHOP0093,P00272,CUST00328,LIST00554,LIST00554
SHOP0243,P00742,CUST00240,LIST00555,LIST00555
SHOP0155,P00325,CUST00123,LIST00556,LIST00556
SHOP0284,P00595,CUST00850,LIST00557,LIST00557
SHOP0237,P00611,CUST00754,LIST00558,LIST00558
SHOP0020,P00555,CUST00921,LIST00559,LIST00559
SHOP0444,P00561,CUST00295,LIST00560,LIST00560
SHOP0068,P00912,CUST00254,LIST00561,LIST00561
SHOP0175,P00162,CUST00329,LIST00562,LIST00562
SHOP0297,P00132,CUST00313,LIST00563,LIST00563
SHOP0468,P00305,CUST00243,LIST00564,LIST00564
SHOP0173,P00126,CUST00684,LIST00565,LIST00565
SHOP0233,P00489,CUST00476,LIST00566,LIST00566
SHOP0053,P00020,CUST00080,LIST00567,LIST00567
SHOP0377,P00626,CUST00979,LIST00568,LIST00568
SHOP0224,P00978,CUST00215,LIST00569,LIST00569
SHOP0088,P00968,CUST00316,LIST00570,LIST00570
SHOP0286,P00180,CUST00906,LIST00571,LIST00571
SHOP0399,P00827,CUST00386,LIST00572,LIST00572
SHOP0337,P00831,CUST00538,LIST00573,LIST00573
SHOP0197,P00725,CUST00624,LIST00574,LIST00574
SHOP0110,P00028,CUST00782,LIST00575,LIST00575
SHOP0141,P00419,CUST00470,LIST00576,LIST00576
SHOP0387,P00510,CUST00364,LIST00577,LIST00577
SHOP0123,P00682,CUST00225,LIST00578,LIST00578
SHOP0078,P00804,CUST00379,LIST00579,LIST00579
SHOP0478,P00601,CUST00194,LIST00580,LIST00580
SHOP0033,P00114,CUST00317,LIST00581,LIST00581
SHOP0045,P00224,CUST00011,LIST00582,LIST00582
SHOP0479,P00634,CUST00795,LIST00583,LIST00583
SHOP0467,P00982,CUST00464,LIST00584,LIST00584
SHOP0331,P00098,CUST00514,LIST00585,LIST00585
SHOP0149,P00383,CUST00528,LIST00586,LIST00586
SHOP0459,P00700,CUST00823,LIST00587,LIST00587
SHOP0415,P00214,CUST00615,LIST00588,LIST00588
SHOP0234,P00671,CUST00190,LIST00589,LIST00589
SHOP0046,P00298,CUST00206,LIST00590,LIST00590
SHOP0476,P00362,CUST00053,LIST00591,LIST00591
SHOP0175,P00162,CUST00464,LIST00592,LIST00592
SHOP0083,P00019,CUST00941,LIST00593,LIST00593
SHOP0069,P00443,CUST00538,LIST00594,LIST00594
SHOP0339,P00355,CUST00731,LIST00595,LIST00595
SHOP0219,P00671,CUST00996,LIST00596,LIST00596
SHOP0485,P00794,CUST00873,LIST00597,LIST00597
SHOP0088,P00314,CUST00890,LIST00598,LIST00598
SHOP0063,P00920,CUST00486,LIST00599,LIST00599
SHOP0020,P00722,CUST00060,LIST00600,LIST00600
SHOP0347,P00863,CUST00410,LIST00601,LIST00601
SHOP0163,P00246,CUST00077,LIST00602,LIST00602
SHOP0445,P00423,CUST00876,LIST00603,LIST00603
SHOP0218,P00778,CUST00191,LIST00604,LIST00604
SHOP0413,P00704,CUST00297,LIST00605,LIST00605
SHOP0303,P00365,CUST00448,LIST00606,LIST00606
SHOP0254,P00949,CUST00896,LIST00607,LIST00607
SHOP0338,P00416,CUST00211,LIST00608,LIST00608
SHOP0466,P00661,CUST00474,LIST00609,LIST00609
SHOP0100,P00242,CUST00604,LIST00610,LIST00610
SHOP0273,P00777,CUST00241,LIST00611,LIST00611
SHOP0450,P00362,CUST00769,LIST00612,LIST00612
SHOP0236,P00807,CUST00564,LIST00613,LIST00613
SHOP0290,P00432,CUST00372,LIST00614,LIST00614
SHOP0082,P00841,CUST00582,LIST00615,LIST00615
SHOP0082,P00272,CUST00437,LIST00616,LIST00616
SHOP0307,P00739,CUST00352,LIST00617,LIST00617
SHOP0446,P00144,CUST00254,LIST00618,LIST00618
SHOP0276,P00860,CUST00509,LIST00619,LIST00619
SHOP0109,P00051,CUST00161,LIST00620,LIST00620
SHOP0229,P00210,CUST00409,LIST00621,LIST00621
SHOP0233,P00086,CUST00395,LIST00622,LIST00622
SHOP0008,P00360,CUST00400,LIST00623,LIST00623
SHOP0008,P00141,CUST00503,LIST00624,LIST00624
SHOP0440,P00295,CUST00153,LIST00625,LIST00625
SHOP0452,P00659,CUST00768,LIST00626,LIST00626
SHOP0107,P00012,CUST00742,LIST00627,LIST00627
SHOP0134,P00415,CUST00232,LIST00628,LIST00628
SHOP0179,P00452,CUST00620,LIST00629,LIST00629
SHOP0118,P00638,CUST00800,LIST00630,LIST00630
SHOP0421,P00025,CUST00436,LIST00631,LIST00631
SHOP0074,P00196,CUST00011,LIST00632,LIST00632
SHOP0448,P00131,CUST00442,LIST00633,LIST00633
SHOP0445,P00965,CUST00027,LIST00634,LIST00634
SHOP0476,P00171,CUST00973,LIST00635,LIST00635
SHOP0120,P00698,CUST00623,LIST00636,LIST00636
SHOP0357,P00549,CUST00676,LIST00637,LIST00637
SHOP0232,P00247,CUST00365,LIST00638,LIST00638
SHOP0363,P00693,CUST00111,LIST00639,LIST00639
SHOP0072,P00791,CUST00722,LIST00640,LIST00640
SHOP0499,P00995,CUST00127,LIST00641,LIST00641
SHOP0092,P00748,CUST00566,LIST00642,LIST00642
SHOP0490,P00290,CUST00847,LIST00643,LIST00643
SHOP0033,P00260,CUST00486,LIST00644,LIST00644
SHOP0393,P00700,CUST00683,LIST00645,LIST00645
SHOP0479,P00170,CUST00716,LIST00646,LIST00646
SHOP0433,P00658,CUST00702,LIST00647,LIST00647
SHOP0146,P00422,CUST00222,LIST00648,LIST00648
SHOP0454,P00491,CUST00322,LIST00649,LIST00649
SHOP0071,P00223,CUST00097,LIST00650,LIST00650
SHOP0238,P00803,CUST00531,LIST00651,LIST00651
SHOP0173,P00928,CUST00591,LIST00652,LIST00652
SHOP0004,P00760,CUST00586,LIST00653,LIST00653
SHOP0313,P00905,CUST00744,LIST00654,LIST00654
SHOP0155,P00271,CUST00675,LIST00655,LIST00655
SHOP0401,P00448,CUST00464,LIST00656,LIST00656
SHOP0056,P00303,CUST00137,LIST00657,LIST00657
SHOP0389,P00563,CUST00457,LIST00658,LIST00658
SHOP0302,P00311,CUST00460,LIST00659,LIST00659
SHOP0225,P00983,CUST00936,LIST00660,LIST00660
SHOP0129,P00005,CUST00207,LIST00661,LIST00661
SHOP0105,P00252,CUST00182,LIST00662,LIST00662
SHOP0441,P00062,CUST00589,LIST00663,LIST00663
SHOP0411,P00830,CUST00695,LIST00664,LIST00664
SHOP0102,P00049,CUST00866,LIST00665,LIST00665
SHOP0397,P00797,CUST00150,LIST00666,LIST00666
SHOP0178,P00789,CUST00888,LIST00667,LIST00667
SHOP0227,P00079,CUST00827,LIST00668,LIST00668
SHOP0373,P00125,CUST00835,LIST00669,LIST00669
SHOP0072,P00205,CUST00942,LIST00670,LIST00670
SHOP0061,P00383,CUST00660,LIST00671,LIST00671
SHOP0335,P00180,CUST00347,LIST00672,LIST00672
SHOP0038,P00111,CUST00290,LIST00673,LIST00673
SHOP0111,P00207,CUST00595,LIST00674,LIST00674
SHOP0395,P00098,CUST00450,LIST00675,LIST00675
SHOP0177,P00173,CUST00930,LIST00676,LIST00676
SHOP0271,P00610,CUST00043,LIST00677,LIST00677
SHOP0214,P00558,CUST00540,LIST00678,LIST00678
SHOP0203,P00121,CUST00208,LIST00679,LIST00679
SHOP0186,P00189,CUST00917,LIST00680,LIST00680
SHOP0176,P00900,CUST00446,LIST00681,LIST00681
SHOP0332,P00647,CUST00156,LIST00682,LIST00682
SHOP0101,P00506,CUST00262,LIST00683,LIST00683
SHOP0388,P00784,CUST00352,LIST00684,LIST00684
SHOP0080,P00131,CUST00652,LIST00685,LIST00685
SHOP0124,P00284,CUST00998,LIST00686,LIST00686
SHOP0263,P00576,CUST00953,LIST00687,LIST00687
SHOP0053,P00694,CUST00459,LIST00688,LIST00688
SHOP0094,P00619,CUST00816,LIST00689,LIST00689
SHOP0391,P00688,CUST00227,LIST00690,LIST00690
SHOP0148,P00189,CUST00747,LIST00691,LIST00691
SHOP0132,P00346,CUST00015,LIST00692,LIST00692
SHOP0005,P00407,CUST00609,LIST00693,LIST00693
SHOP0453,P00890,CUST00166,LIST00694,LIST00694
SHOP0197,P00776,CUST00680,LIST00695,LIST00695
SHOP0244,P00149,CUST00887,LIST00696,LIST00696
SHOP0457,P00205,CUST00695,LIST00697,LIST00697
SHOP0285,P00112,CUST00467,LIST00698,LIST00698
SHOP0390,P00490,CUST00112,LIST00699,LIST00699
SHOP0158,P00394,CUST00786,LIST00700,LIST00700
SHOP0018,P00206,CUST00523,LIST00701,LIST00701
SHOP0048,P00233,CUST00262,LIST00702,LIST00702
SHOP0233,P00585,CUST00678,LIST00703,LIST00703
SHOP0067,P00725,CUST00490,LIST00704,LIST00704
SHOP0017,P00373,CUST00757,LIST00705,LIST00705
SHOP0190,P00529,CUST00523,LIST00706,LIST00706
SHOP0223,P00082,CUST00528,LIST00707,LIST00707
SHOP0159,P00719,CUST00199,LIST00708,LIST00708
SHOP0458,P00375,CUST00366,LIST00709,LIST00709
SHOP0259,P00752,CUST00987,LIST00710,LIST00710
SHOP0269,P00035,CUST00265,LIST00711,LIST00711
SHOP0225,P00983,CUST00373,LIST00712,LIST00712
SHOP0226,P00649,CUST00172,LIST00713,LIST00713
SHOP0415,P00214,CUST00570,LIST00714,LIST00714
SHOP0378,P00344,CUST00433,LIST00715,LIST00715
SHOP0437,P00867,CUST00568,LIST00716,LIST00716
SHOP0061,P00237,CUST00882,LIST00717,LIST00717
SHOP0142,P00033,CUST00166,LIST00718,LIST00718
SHOP0218,P00864,CUST00055,LIST00719,LIST00719
SHOP0029,P00664,CUST00143,LIST00720,LIST00720
SHOP0200,P00449,CUST00539,LIST00721,LIST00721
SHOP0144,P00326,CUST00500,LIST00722,LIST00722
SHOP0491,P00020,CUST00826,LIST00723,LIST00723
SHOP0449,P00698,CUST00612,LIST00724,LIST00724
SHOP0009,P00516,CUST00736,LIST00725,LIST00725
SHOP0382,P00384,CUST00274,LIST00726,LIST00726
SHOP0339,P00181,CUST00543,LIST00727,LIST00727
SHOP0476,P00292,CUST00088,LIST00728,LIST00728
SHOP0415,P00796,CUST00518,LIST00729,LIST00729
SHOP0482,P00437,CUST00333,LIST00730,LIST00730
SHOP0098,P00742,CUST00336,LIST00731,LIST00731
SHOP0389,P00852,CUST00726,LIST00732,LIST00732
SHOP0130,P00312,CUST00680,LIST00733,LIST00733
SHOP0474,P00658,CUST00236,LIST00734,LIST00734
SHOP0287,P00336,CUST00304,LIST00735,LIST00735
SHOP0335,P00334,CUST00479,LIST00736,LIST00736
SHOP0008,P00141,CUST00124,LIST00737,LIST00737
SHOP0135,P00797,CUST00102,LIST00738,LIST00738
SHOP0289,P00062,CUST00843,LIST00739,LIST00739
SHOP0278,P00811,CUST00690,LIST00740,LIST00740
SHOP0448,P00069,CUST00277,LIST00741,LIST00741
SHOP0459,P00498,CUST00651,LIST00742,LIST00742
SHOP0193,P00564,CUST00819,LIST00743,LIST00743
SHOP0407,P00095,CUST00208,LIST00744,LIST00744
SHOP0207,P00820,CUST00779,LIST00745,LIST00745
SHOP0409,P00402,CUST00755,LIST00746,LIST00746
SHOP0155,P00040,CUST00302,LIST00747,LIST00747
SHOP0493,P00340,CUST00833,LIST00748,LIST00748
SHOP0313,P00898,CUST00520,LIST00749,LIST00749
SHOP0364,P00679,CUST00649,LIST00750,LIST00750
SHOP0406,P00083,CUST00797,LIST00751,LIST00751
SHOP0152,P00584,CUST00521,LIST00752,LIST00752
SHOP0289,P00949,CUST00176,LIST00753,LIST00753
SHOP0027,P00569,CUST00119,LIST00754,LIST00754
SHOP0352,P00244,CUST00900,LIST00755,LIST00755
SHOP0045,P00376,CUST00684,LIST00756,LIST00756
SHOP0298,P00960,CUST00552,LIST00757,LIST00757
SHOP0459,P00488,CUST00659,LIST00758,LIST00758
SHOP0441,P00761,CUST00414,LIST00759,LIST00759
SHOP0136,P00961,CUST00950,LIST00760,LIST00760
SHOP0238,P00542,CUST00968,LIST00761,LIST00761
SHOP0035,P00542,CUST00881,LIST00762,LIST00762
SHOP0419,P00582,CUST00570,LIST00763,LIST00763
SHOP0009,P00822,CUST00349,LIST00764,LIST00764
SHOP0150,P00566,CUST00876,LIST00765,LIST00765
SHOP0054,P00075,CUST00858,LIST00766,LIST00766
SHOP0485,P00595,CUST00034,LIST00767,LIST00767
SHOP0390,P00853,CUST00875,LIST00768,LIST00768
SHOP0313,P00609,CUST00908,LIST00769,LIST00769
SHOP0373,P00125,CUST00660,LIST00770,LIST00770
SHOP0079,P00094,CUST00081,LIST00771,LIST00771
SHOP0170,P00135,CUST00023,LIST00772,LIST00772
SHOP0385,P00981,CUST00533,LIST00773,LIST00773
SHOP0059,P00536,CUST00573,LIST00774,LIST00774
SHOP0395,P00595,CUST00545,LIST00775,LIST00775
SHOP0134,P00657,CUST00539,LIST00776,LIST00776
SHOP0316,P00138,CUST00883,LIST00777,LIST00777
SHOP0165,P00673,CUST00664,LIST00778,LIST00778
SHOP0268,P00409,CUST00528,LIST00779,LIST00779
SHOP0193,P00564,CUST00112,LIST00780,LIST00780
SHOP0314,P00527,CUST00809,LIST00781,LIST00781
SHOP0282,P00002,CUST00058,LIST00782,LIST00782
SHOP0065,P00993,CUST00956,LIST00783,LIST00783
SHOP0136,P00992,CUST00476,LIST00784,LIST00784
SHOP0386,P00374,CUST00714,LIST00785,LIST00785
SHOP0309,P00356,CUST00811,LIST00786,LIST00786
SHOP0084,P00907,CUST00081,LIST00787,LIST00787
SHOP0405,P00030,CUST00433,LIST00788,LIST00788
SHOP0490,P00789,CUST00051,LIST00789,LIST00789
SHOP0358,P00498,CUST00298,LIST00790,LIST00790
SHOP0183,P00675,CUST00255,LIST00791,LIST00791
SHOP0350,P00718,CUST00257,LIST00792,LIST00792
SHOP0199,P00056,CUST00514,LIST00793,LIST00793
SHOP0039,P00491,CUST00748,LIST00794,LIST00794
SHOP0199,P00646,CUST00385,LIST00795,LIST00795
SHOP0387,P00434,CUST00331,LIST00796,LIST00796
SHOP0107,P00745,CUST00224,LIST00797,LIST00797
SHOP0244,P00194,CUST00747,LIST00798,LIST00798
SHOP0069,P00506,CUST00783,LIST00799,LIST00799
SHOP0060,P00526,CUST00228,LIST00800,LIST00800
SHOP0370,P00402,CUST00231,LIST00801,LIST00801
SHOP0170,P00628,CUST00573,LIST00802,LIST00802
SHOP0446,P00579,CUST00532,LIST00803,LIST00803
SHOP0497,P00451,CUST00356,LIST00804,LIST00804
SHOP0110,P00633,CUST00287,LIST00805,LIST00805
SHOP0352,P00367,CUST00397,LIST00806,LIST00806
SHOP0406,P00511,CUST00969,LIST00807,LIST00807
SHOP0453,P00066,CUST00890,LIST00808,LIST00808
SHOP0041,P00577,CUST00434,LIST00809,LIST00809
SHOP0018,P00958,CUST00085,LIST00810,LIST00810
SHOP0162,P00325,CUST00939,LIST00811,LIST00811
SHOP0111,P00053,CUST00106,LIST00812,LIST00812
SHOP0396,P00556,CUST00463,LIST00813,LIST00813
SHOP0322,P00910,CUST00767,LIST00814,LIST00814
SHOP0147,P00284,CUST00204,LIST00815,LIST00815
SHOP0355,P00688,CUST00014,LIST00816,LIST00816
SHOP0473,P00803,CUST00249,LIST00817,LIST00817
SHOP0308,P00998,CUST00110,LIST00818,LIST00818
SHOP0067,P00725,CUST00019,LIST00819,LIST00819
SHOP0031,P00495,CUST00676,LIST00820,LIST00820
SHOP0435,P00400,CUST00061,LIST00821,LIST00821
SHOP0381,P00559,CUST00495,LIST00822,LIST00822
SHOP0317,P00471,CUST00650,LIST00823,LIST00823
SHOP0357,P00427,CUST00037,LIST00824,LIST00824
SHOP0173,P00713,CUST00172,LIST00825,LIST00825
SHOP0397,P00428,CUST00871,LIST00826,LIST00826
SHOP0073,P00198,CUST00176,LIST00827,LIST00827
SHOP0443,P00816,CUST00901,LIST00828,LIST00828
SHOP0213,P00652,CUST00424,LIST00829,LIST00829
SHOP0276,P00847,CUST00707,LIST00830,LIST00830
SHOP0360,P00542,CUST00202,LIST00831,LIST00831
SHOP0118,P00751,CUST00436,LIST00832,LIST00832
SHOP0055,P00687,CUST00148,LIST00833,LIST00833
SHOP0238,P00770,CUST00617,LIST00834,LIST00834
SHOP0326,P00351,CUST00796,LIST00835,LIST00835
SHOP0009,P00516,CUST00176,LIST00836,LIST00836
SHOP0060,P00062,CUST00122,LIST00837,LIST00837
SHOP0492,P00045,CUST00886,LIST00838,LIST00838
SHOP0450,P00687,CUST00410,LIST00839,LIST00839
SHOP0028,P00981,CUST00674,LIST00840,LIST00840
SHOP0277,P00371,CUST00008,LIST00841,LIST00841
SHOP0287,P00307,CUST00087,LIST00842,LIST00842
SHOP0066,P00560,CUST00674,LIST00843,LIST00843
SHOP0198,P00055,CUST00904,LIST00844,LIST00844
SHOP0376,P00407,CUST00450,LIST00845,LIST00845
SHOP0492,P00120,CUST00899,LIST00846,LIST00846
SHOP0373,P00253,CUST00265,LIST00847,LIST00847
SHOP0346,P00317,CUST00976,LIST00848,LIST00848
SHOP0319,P00774,CUST00009,LIST00849,LIST00849
SHOP0043,P00192,CUST00047,LIST00850,LIST00850
SHOP0125,P00095,CUST00487,LIST00851,LIST00851
SHOP0348,P00672,CUST00922,LIST00852,LIST00852
SHOP0054,P00757,CUST00430,LIST00853,LIST00853
SHOP0029,P00880,CUST00561,LIST00854,LIST00854
SHOP0395,P00098,CUST00673,LIST00855,LIST00855
SHOP0400,P00352,CUST00154,LIST00856,LIST00856
SHOP0273,P00777,CUST00003,LIST00857,LIST00857
SHOP0337,P00410,CUST00193,LIST00858,LIST00858
SHOP0121,P00407,CUST00184,LIST00859,LIST00859
SHOP0162,P00418,CUST00548,LIST00860,LIST00860
SHOP0037,P00675,CUST00393,LIST00861,LIST00861
SHOP0089,P00825,CUST00359,LIST00862,LIST00862
SHOP0365,P00410,CUST00187,LIST00863,LIST00863
SHOP0208,P00634,CUST00045,LIST00864,LIST00864
SHOP0134,P00875,CUST00204,LIST00865,LIST00865
SHOP0002,P00962,CUST00137,LIST00866,LIST00866
SHOP0328,P00487,CUST00633,LIST00867,LIST00867
SHOP0376,P00894,CUST00828,LIST00868,LIST00868
SHOP0156,P00484,CUST00216,LIST00869,LIST00869
SHOP0402,P00852,CUST00470,LIST00870,LIST00870
SHOP0254,P00006,CUST00635,LIST00871,LIST00871
SHOP0179,P00930,CUST00305,LIST00872,LIST00872
SHOP0031,P00906,CUST00317,LIST00873,LIST00873
SHOP0037,P00464,CUST00695,LIST00874,LIST00874
SHOP0460,P00092,CUST00152,LIST00875,LIST00875
SHOP0493,P00446,CUST00788,LIST00876,LIST00876
SHOP0475,P00075,CUST00024,LIST00877,LIST00877
SHOP0022,P00930,CUST00551,LIST00878,LIST00878
SHOP0187,P00113,CUST00263,LIST00879,LIST00879
SHOP0325,P00329,CUST00805,LIST00880,LIST00880
SHOP0054,P00083,CUST00164,LIST00881,LIST00881
SHOP0339,P00691,CUST00485,LIST00882,LIST00882
SHOP0449,P00649,CUST00722,LIST00883,LIST00883
SHOP0201,P00383,CUST00810,LIST00884,LIST00884
SHOP0004,P00837,CUST00573,LIST00885,LIST00885
SHOP0115,P00622,CUST00797,LIST00886,LIST00886
SHOP0125,P00601,CUST00343,LIST00887,LIST00887
SHOP0144,P00386,CUST00206,LIST00888,LIST00888
SHOP0309,P00739,CUST00507,LIST00889,LIST00889
SHOP0280,P00005,CUST00458,LIST00890,LIST00890
SHOP0133,P00003,CUST00403,LIST00891,LIST00891
SHOP0410,P00973,CUST00567,LIST00892,LIST00892
SHOP0453,P00971,CUST00960,LIST00893,LIST00893
SHOP0150,P00138,CUST00557,LIST00894,LIST00894
SHOP0434,P00495,CUST00355,LIST00895,LIST00895
SHOP0211,P00561,CUST00120,LIST00896,LIST00896
SHOP0362,P00017,CUST00706,LIST00897,LIST00897
SHOP0014,P00142,CUST00258,LIST00898,LIST00898
SHOP0448,P00074,CUST00230,LIST00899,LIST00899
SHOP0226,P00459,CUST00337,LIST00900,LIST00900
SHOP0301,P00414,CUST00842,LIST00901,LIST00901
SHOP0351,P00525,CUST00904,LIST00902,LIST00902
SHOP0088,P00968,CUST00721,LIST00903,LIST00903
SHOP0118,P00550,CUST00742,LIST00904,LIST00904
SHOP0219,P00072,CUST00772,LIST00905,LIST00905
SHOP0269,P00142,CUST00893,LIST00906,LIST00906
SHOP0193,P00991,CUST00815,LIST00907,LIST00907
SHOP0102,P00347,CUST00847,LIST00908,LIST00908
SHOP0341,P00552,CUST00067,LIST00909,LIST00909
SHOP0063,P00124,CUST00330,LIST00910,LIST00910
SHOP0067,P00741,CUST00450,LIST00911,LIST00911
SHOP0476,P00395,CUST00610,LIST00912,LIST00912
SHOP0374,P00166,CUST00872,LIST00913,LIST00913
SHOP0485,P00616,CUST00911,LIST00914,LIST00914
SHOP0107,P00227,CUST00074,LIST00915,LIST00915
SHOP0421,P00915,CUST00142,LIST00916,LIST00916
SHOP0299,P00681,CUST00582,LIST00917,LIST00917
SHOP0155,P00898,CUST00776,LIST00918,LIST00918
SHOP0242,P00818,CUST00190,LIST00919,LIST00919
SHOP0182,P00758,CUST00576,LIST00920,LIST00920
SHOP0106,P00065,CUST00030,LIST00921,LIST00921
SHOP0101,P00487,CUST00454,LIST00922,LIST00922
SHOP0134,P00950,CUST00551,LIST00923,LIST00923
SHOP0342,P00684,CUST00979,LIST00924,LIST00924
SHOP0204,P00983,CUST00645,LIST00925,LIST00925
SHOP0151,P00964,CUST00188,LIST00926,LIST00926
SHOP0317,P00400,CUST00329,LIST00927,LIST00927
SHOP0055,P00058,CUST00456,LIST00928,LIST00928
SHOP0032,P00954,CUST00224,LIST00929,LIST00929
SHOP0313,P00920,CUST00191,LIST00930,LIST00930
SHOP0173,P00744,CUST00872,LIST00931,LIST00931
SHOP0461,P00197,CUST00292,LIST00932,LIST00932
SHOP0047,P00908,CUST00966,LIST00933,LIST00933
SHOP0069,P00526,CUST00886,LIST00934,LIST00934
SHOP0190,P00888,CUST00402,LIST00935,LIST00935
SHOP0004,P00204,CUST00828,LIST00936,LIST00936
SHOP0189,P00975,CUST00987,LIST00937,LIST00937
SHOP0452,P00816,CUST00209,LIST00938,LIST00938
SHOP0063,P00857,CUST00336,LIST00939,LIST00939
SHOP0409,P00889,CUST00949,LIST00940,LIST00940
SHOP0337,P00267,CUST00350,LIST00941,LIST00941
SHOP0067,P00261,CUST00395,LIST00942,LIST00942
SHOP0001,P00909,CUST00625,LIST00943,LIST00943
SHOP0292,P00746,CUST00003,LIST00944,LIST00944
SHOP0079,P00805,CUST00504,LIST00945,LIST00945
SHOP0220,P00788,CUST00209,LIST00946,LIST00946
SHOP0361,P00409,CUST00223,LIST00947,LIST00947
SHOP0070,P00672,CUST00194,LIST00948,LIST00948
SHOP0162,P00731,CUST00412,LIST00949,LIST00949
SHOP0113,P00988,CUST00855,LIST00950,LIST00950
SHOP0188,P00150,CUST00497,LIST00951,LIST00951
SHOP0054,P00083,CUST00101,LIST00952,LIST00952
SHOP0092,P00993,CUST00743,LIST00953,LIST00953
SHOP0424,P00036,CUST00220,LIST00954,LIST00954
SHOP0305,P00244,CUST00915,LIST00955,LIST00955
SHOP0393,P00679,CUST00650,LIST00956,LIST00956
SHOP0027,P00466,CUST00735,LIST00957,LIST00957
SHOP0176,P00734,CUST00764,LIST00958,LIST00958
SHOP0266,P00943,CUST00411,LIST00959,LIST00959
SHOP0362,P00340,CUST00765,LIST00960,LIST00960
SHOP0487,P00809,CUST00795,LIST00961,LIST00961
SHOP0262,P00470,CUST00448,LIST00962,LIST00962
SHOP0162,P00355,CUST00112,LIST00963,LIST00963
SHOP0154,P00389,CUST00251,LIST00964,LIST00964
SHOP0383,P00980,CUST00890,LIST00965,LIST00965
SHOP0120,P00432,CUST00460,LIST00966,LIST00966
SHOP0024,P00796,CUST00382,LIST00967,LIST00967
SHOP0151,P00964,CUST00515,LIST00968,LIST00968
SHOP0168,P00855,CUST00347,LIST00969,LIST00969
SHOP0144,P00822,CUST00717,LIST00970,LIST00970
SHOP0095,P00105,CUST00843,LIST00971,LIST00971
SHOP0075,P00494,CUST00606,LIST00972,LIST00972
SHOP0318,P00047,CUST00368,LIST00973,LIST00973
SHOP0159,P00719,CUST00837,LIST00974,LIST00974
SHOP0412,P00028,CUST00439,LIST00975,LIST00975
SHOP0041,P00352,CUST00572,LIST00976,LIST00976
SHOP0002,P00409,CUST00854,LIST00977,LIST00977
SHOP0154,P00519,CUST00947,LIST00978,LIST00978
SHOP0383,P00733,CUST00230,LIST00979,LIST00979
SHOP0145,P00842,CUST00942,LIST00980,LIST00980
SHOP0176,P00532,CUST00736,LIST00981,LIST00981
SHOP0399,P00827,CUST00436,LIST00982,LIST00982
SHOP0359,P00052,CUST00530,LIST00983,LIST00983
SHOP0235,P00981,CUST00069,LIST00984,LIST00984
SHOP0215,P00981,CUST00949,LIST00985,LIST00985
SHOP0149,P00999,CUST00850,LIST00986,LIST00986
SHOP0365,P00670,CUST00443,LIST00987,LIST00987
SHOP0339,P00535,CUST00139,LIST00988,LIST00988
SHOP0000,P00068,CUST00838,LIST00989,LIST00989
SHOP0498,P00716,CUST00265,LIST00990,LIST00990
SHOP0172,P00524,CUST00093,LIST00991,LIST00991
SHOP0252,P00479,CUST00480,LIST00992,LIST00992
SHOP0043,P00638,CUST00477,LIST00993,LIST00993
SHOP0359,P00797,CUST00564,LIST00994,LIST00994
SHOP0049,P00326,CUST00753,LIST00995,LIST00995
SHOP0159,P00270,CUST00873,LIST00996,LIST00996
SHOP0336,P00393,CUST00913,LIST00997,LIST00997
SHOP0348,P00973,CUST00082,LIST00998,LIST00998
SHOP0026,P00786,CUST00043,LIST00999,LIST00999
SHOP0099,P00133,CUST00280,LIST01000,LIST01000
SHOP0461,P00174,CUST00839,LIST01001,LIST01001
SHOP0175,P00764,CUST00374,LIST01002,LIST01002
SHOP0093,P00272,CUST00943,LIST01003,LIST01003
SHOP0410,P00343,CUST00338,LIST01004,LIST01004
SHOP0063,P00579,CUST00746,LIST01005,LIST01005
SHOP0288,P00305,CUST00788,LIST01006,LIST01006
SHOP0051,P00158,CUST00395,LIST01007,LIST01007
SHOP0201,P00383,CUST00831,LIST01008,LIST01008
SHOP0354,P00480,CUST00554,LIST01009,LIST01009
SHOP0019,P00834,CUST00289,LIST01010,LIST01010
SHOP0181,P00942,CUST00623,LIST01011,LIST01011
SHOP0325,P00478,CUST00503,LIST01012,LIST01012
SHOP0337,P00745,CUST00119,LIST01013,LIST01013
SHOP0450,P00171,CUST00541,LIST01014,LIST01014
SHOP0454,P00834,CUST00871,LIST01015,LIST01015
SHOP0062,P00012,CUST00992,LIST01016,LIST01016
SHOP0312,P00306,CUST00685,LIST01017,LIST01017
SHOP0396,P00718,CUST00060,LIST01018,LIST01018
SHOP0055,P00140,CUST00283,LIST01019,LIST01019
SHOP0276,P00688,CUST00109,LIST01020,LIST01020
SHOP0293,P00185,CUST00341,LIST01021,LIST01021
SHOP0376,P00494,CUST00415,LIST01022,LIST01022
SHOP0199,P00109,CUST00263,LIST01023,LIST01023
SHOP0468,P00306,CUST00784,LIST01024,LIST01024
SHOP0256,P00365,CUST00761,LIST01025,LIST01025
SHOP0239,P00121,CUST00444,LIST01026,LIST01026
SHOP0093,P00792,CUST00786,LIST01027,LIST01027
SHOP0415,P00214,CUST00883,LIST01028,LIST01028
SHOP0289,P00732,CUST00177,LIST01029,LIST01029
SHOP0220,P00972,CUST00528,LIST01030,LIST01030
SHOP0447,P00192,CUST00806,LIST01031,LIST01031
SHOP0345,P00212,CUST00167,LIST01032,LIST01032
SHOP0285,P00312,CUST00326,LIST01033,LIST01033
SHOP0029,P00734,CUST00900,LIST01034,LIST01034
SHOP0041,P00301,CUST00806,LIST01035,LIST01035
SHOP0343,P00107,CUST00532,LIST01036,LIST01036
SHOP0409,P00258,CUST00146,LIST01037,LIST01037
SHOP0490,P00076,CUST00267,LIST01038,LIST01038
SHOP0109,P00752,CUST00270,LIST01039,LIST01039
SHOP0277,P00252,CUST00796,LIST01040,LIST01040
SHOP0196,P00792,CUST00066,LIST01041,LIST01041
SHOP0138,P00206,CUST00319,LIST01042,LIST01042
SHOP0451,P00836,CUST00590,LIST01043,LIST01043
SHOP0484,P00396,CUST00053,LIST01044,LIST01044
SHOP0241,P00292,CUST00797,LIST01045,LIST01045
SHOP0373,P00542,CUST00564,LIST01046,LIST01046
SHOP0475,P00322,CUST00984,LIST01047,LIST01047
SHOP0330,P00171,CUST00973,LIST01048,LIST01048
SHOP0242,P00870,CUST00516,LIST01049,LIST01049
SHOP0110,P00466,CUST00825,LIST01050,LIST01050
SHOP0464,P00105,CUST00256,LIST01051,LIST01051
SHOP0407,P00581,CUST00171,LIST01052,LIST01052
SHOP0207,P00230,CUST00867,LIST01053,LIST01053
SHOP0476,P00171,CUST00254,LIST01054,LIST01054
SHOP0259,P00021,CUST00081,LIST01055,LIST01055
SHOP0395,P00230,CUST00485,LIST01056,LIST01056
SHOP0289,P00533,CUST00015,LIST01057,LIST01057
SHOP0276,P00065,CUST00248,LIST01058,LIST01058
SHOP0318,P00817,CUST00624,LIST01059,LIST01059
SHOP0098,P00940,CUST00686,LIST01060,LIST01060
SHOP0444,P00012,CUST00721,LIST01061,LIST01061
SHOP0035,P00420,CUST00594,LIST01062,LIST01062
SHOP0431,P00575,CUST00470,LIST01063,LIST01063
SHOP0388,P00784,CUST00552,LIST01064,LIST01064
SHOP0491,P00182,CUST00799,LIST01065,LIST01065
SHOP0431,P00074,CUST00573,LIST01066,LIST01066
SHOP0177,P00247,CUST00948,LIST01067,LIST01067
SHOP0033,P00114,CUST00501,LIST01068,LIST01068
SHOP0386,P00827,CUST00106,LIST01069,LIST01069
SHOP0173,P00001,CUST00782,LIST01070,LIST01070
SHOP0240,P00717,CUST00431,LIST01071,LIST01071
SHOP0200,P00230,CUST00264,LIST01072,LIST01072
SHOP0197,P00776,CUST00497,LIST01073,LIST01073
SHOP0337,P00167,CUST00017,LIST01074,LIST01074
SHOP0429,P00226,CUST00420,LIST01075,LIST01075
SHOP0115,P00431,CUST00906,LIST01076,LIST01076
SHOP0365,P00026,CUST00257,LIST01077,LIST01077
SHOP0447,P00597,CUST00418,LIST01078,LIST01078
SHOP0227,P00564,CUST00256,LIST01079,LIST01079
SHOP0374,P00279,CUST00513,LIST01080,LIST01080
SHOP0181,P00915,CUST00524,LIST01081,LIST01081
SHOP0407,P00926,CUST00313,LIST01082,LIST01082
SHOP0475,P00145,CUST00919,LIST01083,LIST01083
SHOP0223,P00943,CUST00253,LIST01084,LIST01084
SHOP0128,P00887,CUST00650,LIST01085,LIST01085
SHOP0026,P00341,CUST00173,LIST01086,LIST01086
SHOP0292,P00584,CUST00259,LIST01087,LIST01087
SHOP0195,P00796,CUST00387,LIST01088,LIST01088
SHOP0471,P00947,CUST00344,LIST01089,LIST01089
SHOP0199,P00109,CUST00927,LIST01090,LIST01090
SHOP0470,P00243,CUST00905,LIST01091,LIST01091
SHOP0438,P00053,CUST00366,LIST01092,LIST01092
SHOP0073,P00297,CUST00145,LIST01093,LIST01093
SHOP0499,P00348,CUST00029,LIST01094,LIST01094
SHOP0434,P00138,CUST00564,LIST01095,LIST01095
SHOP0008,P00683,CUST00727,LIST01096,LIST01096
SHOP0298,P00169,CUST00137,LIST01097,LIST01097
SHOP0463,P00920,CUST00946,LIST01098,LIST01098
SHOP0368,P00880,CUST00055,LIST01099,LIST01099
SHOP0023,P00876,CUST00590,LIST01100,LIST01100
SHOP0162,P00568,CUST00377,LIST01101,LIST01101
SHOP0493,P00551,CUST00285,LIST01102,LIST01102
SHOP0495,P00695,CUST00899,LIST01103,LIST01103
SHOP0184,P00526,CUST00814,LIST01104,LIST01104
SHOP0416,P00029,CUST00594,LIST01105,LIST01105
SHOP0029,P00734,CUST00388,LIST01106,LIST01106
SHOP0221,P00032,CUST00958,LIST01107,LIST01107
SHOP0328,P00098,CUST00707,LIST01108,LIST01108
SHOP0109,P00846,CUST00620,LIST01109,LIST01109
SHOP0361,P00127,CUST00710,LIST01110,LIST01110
SHOP0098,P00159,CUST00624,LIST01111,LIST01111
SHOP0225,P00232,CUST00132,LIST01112,LIST01112
SHOP0123,P00486,CUST00490,LIST01113,LIST01113
SHOP0322,P00910,CUST00751,LIST01114,LIST01114
SHOP0077,P00994,CUST00410,LIST01115,LIST01115
SHOP0264,P00218,CUST00618,LIST01116,LIST01116
SHOP0350,P00640,CUST00494,LIST01117,LIST01117
SHOP0184,P00244,CUST00462,LIST01118,LIST01118
SHOP0403,P00349,CUST00672,LIST01119,LIST01119
SHOP0301,P00305,CUST00295,LIST01120,LIST01120
SHOP0311,P00647,CUST00991,LIST01121,LIST01121
SHOP0196,P00072,CUST00974,LIST01122,LIST01122
SHOP0129,P00617,CUST00871,LIST01123,LIST01123
SHOP0259,P00627,CUST00564,LIST01124,LIST01124
SHOP0424,P00553,CUST00874,LIST01125,LIST01125
SHOP0220,P00337,CUST00361,LIST01126,LIST01126
SHOP0255,P00062,CUST00143,LIST01127,LIST01127
SHOP0418,P00795,CUST00275,LIST01128,LIST01128
SHOP0062,P00815,CUST00768,LIST01129,LIST01129
SHOP0059,P00429,CUST00013,LIST01130,LIST01130
SHOP0121,P00524,CUST00109,LIST01131,LIST01131
SHOP0440,P00490,CUST00159,LIST01132,LIST01132
SHOP0188,P00327,CUST00871,LIST01133,LIST01133
SHOP0459,P00356,CUST00634,LIST01134,LIST01134
SHOP0194,P00421,CUST00426,LIST01135,LIST01135
SHOP0026,P00104,CUST00591,LIST01136,LIST01136
SHOP0089,P00284,CUST00996,LIST01137,LIST01137
SHOP0377,P00626,CUST00796,LIST01138,LIST01138
SHOP0380,P00794,CUST00816,LIST01139,LIST01139
SHOP0190,P00166,CUST00477,LIST01140,LIST01140
SHOP0311,P00620,CUST00995,LIST01141,LIST01141
SHOP0171,P00903,CUST00631,LIST01142,LIST01142
SHOP0135,P00168,CUST00574,LIST01143,LIST01143
SHOP0452,P00238,CUST00362,LIST01144,LIST01144
SHOP0383,P00890,CUST00864,LIST01145,LIST01145
SHOP0486,P00052,CUST00933,LIST01146,LIST01146
SHOP0436,P00603,CUST00705,LIST01147,LIST01147
SHOP0286,P00728,CUST00478,LIST01148,LIST01148
SHOP0435,P00265,CUST00327,LIST01149,LIST01149
SHOP0103,P00848,CUST00655,LIST01150,LIST01150
SHOP0126,P00570,CUST00400,LIST01151,LIST01151
SHOP0049,P00530,CUST00868,LIST01152,LIST01152
SHOP0188,P00948,CUST00026,LIST01153,LIST01153
SHOP0123,P00839,CUST00925,LIST01154,LIST01154
SHOP0339,P00196,CUST00152,LIST01155,LIST01155
SHOP0425,P00999,CUST00707,LIST01156,LIST01156
SHOP0067,P00261,CUST00443,LIST01157,LIST01157
SHOP0218,P00041,CUST00790,LIST01158,LIST01158
SHOP0204,P00505,CUST00439,LIST01159,LIST01159
SHOP0085,P00390,CUST00836,LIST01160,LIST01160
SHOP0300,P00637,CUST00788,LIST01161,LIST01161
SHOP0226,P00548,CUST00046,LIST01162,LIST01162
SHOP0089,P00825,CUST00956,LIST01163,LIST01163
SHOP0041,P00117,CUST00645,LIST01164,LIST01164
SHOP0400,P00553,CUST00505,LIST01165,LIST01165
SHOP0401,P00856,CUST00046,LIST01166,LIST01166
SHOP0332,P00843,CUST00451,LIST01167,LIST01167
SHOP0423,P00632,CUST00332,LIST01168,LIST01168
SHOP0117,P00276,CUST00560,LIST01169,LIST01169
SHOP0072,P00205,CUST00973,LIST01170,LIST01170
SHOP0361,P00409,CUST00769,LIST01171,LIST01171
SHOP0021,P00336,CUST00268,LIST01172,LIST01172
SHOP0162,P00418,CUST00828,LIST01173,LIST01173
SHOP0087,P00944,CUST00973,LIST01174,LIST01174
SHOP0032,P00266,CUST00527,LIST01175,LIST01175
SHOP0150,P00223,CUST00859,LIST01176,LIST01176
SHOP0409,P00402,CUST00141,LIST01177,LIST01177
SHOP0141,P00769,CUST00819,LIST01178,LIST01178
SHOP0310,P00604,CUST00704,LIST01179,LIST01179
SHOP0125,P00601,CUST00734,LIST01180,LIST01180
SHOP0290,P00084,CUST00558,LIST01181,LIST01181
SHOP0078,P00001,CUST00260,LIST01182,LIST01182
SHOP0383,P00356,CUST00462,LIST01183,LIST01183
SHOP0410,P00209,CUST00915,LIST01184,LIST01184
SHOP0102,P00019,CUST00853,LIST01185,LIST01185
SHOP0057,P00086,CUST00103,LIST01186,LIST01186
SHOP0369,P00334,CUST00734,LIST01187,LIST01187
SHOP0162,P00325,CUST00855,LIST01188,LIST01188
SHOP0068,P00912,CUST00644,LIST01189,LIST01189
SHOP0423,P00391,CUST00993,LIST01190,LIST01190
SHOP0225,P00856,CUST00824,LIST01191,LIST01191
SHOP0371,P00950,CUST00676,LIST01192,LIST01192
SHOP0122,P00753,CUST00373,LIST01193,LIST01193
SHOP0275,P00247,CUST00926,LIST01194,LIST01194
SHOP0163,P00246,CUST00425,LIST01195,LIST01195
SHOP0475,P00063,CUST00474,LIST01196,LIST01196
SHOP0054,P00018,CUST00246,LIST01197,LIST01197
SHOP0394,P00588,CUST00760,LIST01198,LIST01198
SHOP0084,P00321,CUST00871,LIST01199,LIST01199
SHOP0300,P00745,CUST00900,LIST01200,LIST01200
SHOP0149,P00873,CUST00438,LIST01201,LIST01201
SHOP0415,P00258,CUST00406,LIST01202,LIST01202
SHOP0036,P00615,CUST00416,LIST01203,LIST01203
SHOP0005,P00407,CUST00548,LIST01204,LIST01204
SHOP0038,P00642,CUST00741,LIST01205,LIST01205
SHOP0167,P00228,CUST00304,LIST01206,LIST01206
SHOP0344,P00977,CUST00105,LIST01207,LIST01207
SHOP0286,P00649,CUST00748,LIST01208,LIST01208
SHOP0164,P00425,CUST00740,LIST01209,LIST01209
SHOP0344,P00820,CUST00375,LIST01210,LIST01210
SHOP0453,P00363,CUST00502,LIST01211,LIST01211
SHOP0198,P00877,CUST00623,LIST01212,LIST01212
SHOP0266,P00579,CUST00526,LIST01213,LIST01213
SHOP0352,P00270,CUST00112,LIST01214,LIST01214
SHOP0365,P00026,CUST00487,LIST01215,LIST01215
SHOP0071,P00337,CUST00635,LIST01216,LIST01216
SHOP0417,P00881,CUST00386,LIST01217,LIST01217
SHOP0024,P00153,CUST00252,LIST01218,LIST01218
SHOP0272,P00686,CUST00181,LIST01219,LIST01219
SHOP0091,P00088,CUST00343,LIST01220,LIST01220
SHOP0459,P00498,CUST00572,LIST01221,LIST01221
SHOP0206,P00673,CUST00543,LIST01222,LIST01222
SHOP0132,P00266,CUST00227,LIST01223,LIST01223
SHOP0043,P00035,CUST00260,LIST01224,LIST01224
SHOP0036,P00557,CUST00261,LIST01225,LIST01225
SHOP0179,P00452,CUST00543,LIST01226,LIST01226
SHOP0439,P00183,CUST00471,LIST01227,LIST01227
SHOP0289,P00076,CUST00111,LIST01228,LIST01228
SHOP0433,P00658,CUST00230,LIST01229,LIST01229
SHOP0185,P00864,CUST00801,LIST01230,LIST01230
SHOP0449,P00245,CUST00935,LIST01231,LIST01231
SHOP0127,P00865,CUST00717,LIST01232,LIST01232
SHOP0370,P00402,CUST00643,LIST01233,LIST01233
SHOP0329,P00539,CUST00388,LIST01234,LIST01234
SHOP0255,P00852,CUST00714,LIST01235,LIST01235
SHOP0298,P00932,CUST00812,LIST01236,LIST01236
SHOP0440,P00139,CUST00893,LIST01237,LIST01237
SHOP0196,P00276,CUST00931,LIST01238,LIST01238
SHOP0128,P00825,CUST00483,LIST01239,LIST01239
SHOP0300,P00433,CUST00695,LIST01240,LIST01240
SHOP0126,P00675,CUST00020,LIST01241,LIST01241
SHOP0003,P00640,CUST00418,LIST01242,LIST01242
SHOP0002,P00409,CUST00585,LIST01243,LIST01243
SHOP0446,P00995,CUST00227,LIST01244,LIST01244
SHOP0363,P00590,CUST00771,LIST01245,LIST01245
SHOP0426,P00284,CUST00279,LIST01246,LIST01246
SHOP0391,P00394,CUST00092,LIST01247,LIST01247
SHOP0355,P00703,CUST00075,LIST01248,LIST01248
SHOP0166,P00582,CUST00539,LIST01249,LIST01249
SHOP0097,P00029,CUST00750,LIST01250,LIST01250
SHOP0420,P00330,CUST00441,LIST01251,LIST01251
SHOP0236,P00419,CUST00049,LIST01252,LIST01252
SHOP0408,P00844,CUST00473,LIST01253,LIST01253
SHOP0261,P00428,CUST00733,LIST01254,LIST01254
SHOP0313,P00609,CUST00604,LIST01255,LIST01255
SHOP0331,P00336,CUST00162,LIST01256,LIST01256
SHOP0135,P00447,CUST00392,LIST01257,LIST01257
SHOP0395,P00595,CUST00410,LIST01258,LIST01258
SHOP0023,P00361,CUST00386,LIST01259,LIST01259
SHOP0113,P00305,CUST00596,LIST01260,LIST01260
SHOP0415,P00807,CUST00819,LIST01261,LIST01261
SHOP0028,P00274,CUST00606,LIST01262,LIST01262
SHOP0319,P00355,CUST00629,LIST01263,LIST01263
SHOP0226,P00873,CUST00234,LIST01264,LIST01264
SHOP0453,P00629,CUST00795,LIST01265,LIST01265
SHOP0011,P00041,CUST00802,LIST01266,LIST01266
SHOP0410,P00825,CUST00452,LIST01267,LIST01267
SHOP0421,P00905,CUST00060,LIST01268,LIST01268
SHOP0324,P00042,CUST00642,LIST01269,LIST01269
SHOP0466,P00107,CUST00322,LIST01270,LIST01270
SHOP0177,P00034,CUST00409,LIST01271,LIST01271
SHOP0482,P00356,CUST00176,LIST01272,LIST01272
SHOP0297,P00450,CUST00677,LIST01273,LIST01273
SHOP0310,P00032,CUST00284,LIST01274,LIST01274
SHOP0242,P00098,CUST00920,LIST01275,LIST01275
SHOP0457,P00205,CUST00625,LIST01276,LIST01276
SHOP0248,P00890,CUST00970,LIST01277,LIST01277
SHOP0203,P00936,CUST00596,LIST01278,LIST01278
SHOP0454,P00841,CUST00884,LIST01279,LIST01279
SHOP0009,P00941,CUST00668,LIST01280,LIST01280
SHOP0241,P00523,CUST00140,LIST01281,LIST01281
SHOP0253,P00228,CUST00094,LIST01282,LIST01282
SHOP0282,P00793,CUST00226,LIST01283,LIST01283
SHOP0072,P00205,CUST00467,LIST01284,LIST01284
SHOP0015,P00750,CUST00547,LIST01285,LIST01285
SHOP0140,P00424,CUST00106,LIST01286,LIST01286
SHOP0276,P00688,CUST00110,LIST01287,LIST01287
SHOP0370,P00193,CUST00038,LIST01288,LIST01288
SHOP0377,P00945,CUST00525,LIST01289,LIST01289
SHOP0387,P00944,CUST00434,LIST01290,LIST01290
SHOP0135,P00180,CUST00567,LIST01291,LIST01291
SHOP0060,P00817,CUST00775,LIST01292,LIST01292
SHOP0270,P00456,CUST00910,LIST01293,LIST01293
SHOP0350,P00821,CUST00052,LIST01294,LIST01294
SHOP0173,P00372,CUST00740,LIST01295,LIST01295
SHOP0467,P00982,CUST00520,LIST01296,LIST01296
SHOP0214,P00950,CUST00950,LIST01297,LIST01297
SHOP0487,P00809,CUST00691,LIST01298,LIST01298
SHOP0083,P00999,CUST00572,LIST01299,LIST01299
SHOP0187,P00471,CUST00536,LIST01300,LIST01300
SHOP0231,P00088,CUST00876,LIST01301,LIST01301
SHOP0200,P00449,CUST00626,LIST01302,LIST01302
SHOP0465,P00556,CUST00170,LIST01303,LIST01303
SHOP0224,P00758,CUST00585,LIST01304,LIST01304
SHOP0314,P00926,CUST00116,LIST01305,LIST01305
SHOP0339,P00380,CUST00714,LIST01306,LIST01306
SHOP0377,P00084,CUST00808,LIST01307,LIST01307
SHOP0181,P00842,CUST00436,LIST01308,LIST01308
SHOP0069,P00354,CUST00142,LIST01309,LIST01309
SHOP0413,P00510,CUST00284,LIST01310,LIST01310
SHOP0404,P00886,CUST00483,LIST01311,LIST01311
SHOP0317,P00400,CUST00594,LIST01312,LIST01312
SHOP0263,P00341,CUST00909,LIST01313,LIST01313
SHOP0388,P00105,CUST00055,LIST01314,LIST01314
SHOP0242,P00098,CUST00467,LIST01315,LIST01315
SHOP0384,P00810,CUST00352,LIST01316,LIST01316
SHOP0383,P00733,CUST00900,LIST01317,LIST01317
SHOP0328,P00292,CUST00466,LIST01318,LIST01318
SHOP0327,P00560,CUST00051,LIST01319,LIST01319
SHOP0333,P00266,CUST00161,LIST01320,LIST01320
SHOP0486,P00199,CUST00895,LIST01321,LIST01321
SHOP0043,P00883,CUST00692,LIST01322,LIST01322
SHOP0414,P00607,CUST00106,LIST01323,LIST01323
SHOP0239,P00518,CUST00405,LIST01324,LIST01324
SHOP0313,P00905,CUST00945,LIST01325,LIST01325
SHOP0379,P00053,CUST00106,LIST01326,LIST01326
SHOP0326,P00149,CUST00111,LIST01327,LIST01327
SHOP0063,P00375,CUST00126,LIST01328,LIST01328
SHOP0016,P00446,CUST00209,LIST01329,LIST01329
SHOP0103,P00848,CUST00617,LIST01330,LIST01330
SHOP0376,P00605,CUST00420,LIST01331,LIST01331
SHOP0394,P00400,CUST00333,LIST01332,LIST01332
SHOP0352,P00701,CUST00309,LIST01333,LIST01333
SHOP0154,P00849,CUST00053,LIST01334,LIST01334
SHOP0112,P00644,CUST00861,LIST01335,LIST01335
SHOP0014,P00548,CUST00547,LIST01336,LIST01336
SHOP0174,P00466,CUST00250,LIST01337,LIST01337
SHOP0012,P00643,CUST00904,LIST01338,LIST01338
SHOP0181,P00330,CUST00842,LIST01339,LIST01339
SHOP0491,P00963,CUST00906,LIST01340,LIST01340
SHOP0027,P00130,CUST00022,LIST01341,LIST01341
SHOP0376,P00407,CUST00263,LIST01342,LIST01342
SHOP0243,P00742,CUST00376,LIST01343,LIST01343
SHOP0459,P00546,CUST00543,LIST01344,LIST01344
SHOP0133,P00123,CUST00807,LIST01345,LIST01345
SHOP0180,P00343,CUST00820,LIST01346,LIST01346
SHOP0436,P00603,CUST00400,LIST01347,LIST01347
SHOP0414,P00877,CUST00508,LIST01348,LIST01348
SHOP0317,P00457,CUST00064,LIST01349,LIST01349
SHOP0239,P00979,CUST00622,LIST01350,LIST01350
SHOP0437,P00668,CUST00066,LIST01351,LIST01351
SHOP0190,P00716,CUST00224,LIST01352,LIST01352
SHOP0409,P00534,CUST00517,LIST01353,LIST01353
SHOP0361,P00997,CUST00973,LIST01354,LIST01354
SHOP0421,P00025,CUST00992,LIST01355,LIST01355
SHOP0483,P00857,CUST00195,LIST01356,LIST01356
SHOP0143,P00987,CUST00443,LIST01357,LIST01357
SHOP0304,P00952,CUST00103,LIST01358,LIST01358
SHOP0019,P00009,CUST00530,LIST01359,LIST01359
SHOP0108,P00985,CUST00473,LIST01360,LIST01360
SHOP0074,P00292,CUST00190,LIST01361,LIST01361
SHOP0269,P00142,CUST00185,LIST01362,LIST01362
SHOP0326,P00239,CUST00015,LIST01363,LIST01363
SHOP0139,P00085,CUST00957,LIST01364,LIST01364
SHOP0286,P00796,CUST00845,LIST01365,LIST01365
SHOP0301,P00414,CUST00705,LIST01366,LIST01366
SHOP0495,P00248,CUST00525,LIST01367,LIST01367
SHOP0115,P00477,CUST00205,LIST01368,LIST01368
SHOP0021,P00103,CUST00831,LIST01369,LIST01369
SHOP0222,P00240,CUST00159,LIST01370,LIST01370
SHOP0301,P00093,CUST00668,LIST01371,LIST01371
SHOP0036,P00536,CUST00434,LIST01372,LIST01372
SHOP0181,P00872,CUST00521,LIST01373,LIST01373
SHOP0077,P00373,CUST00730,LIST01374,LIST01374
SHOP0219,P00439,CUST00299,LIST01375,LIST01375
SHOP0457,P00552,CUST00908,LIST01376,LIST01376
SHOP0273,P00335,CUST00154,LIST01377,LIST01377
SHOP0056,P00368,CUST00746,LIST01378,LIST01378
SHOP0055,P00035,CUST00321,LIST01379,LIST01379
SHOP0067,P00261,CUST00566,LIST01380,LIST01380
SHOP0460,P00226,CUST00408,LIST01381,LIST01381
SHOP0481,P00265,CUST00840,LIST01382,LIST01382
SHOP0301,P00161,CUST00011,LIST01383,LIST01383
SHOP0375,P00700,CUST00534,LIST01384,LIST01384
SHOP0492,P00895,CUST00627,LIST01385,LIST01385
SHOP0029,P00748,CUST00602,LIST01386,LIST01386
SHOP0198,P00877,CUST00840,LIST01387,LIST01387
SHOP0068,P00964,CUST00898,LIST01388,LIST01388
SHOP0145,P00399,CUST00711,LIST01389,LIST01389
SHOP0359,P00675,CUST00124,LIST01390,LIST01390
SHOP0492,P00986,CUST00435,LIST01391,LIST01391
SHOP0027,P00481,CUST00895,LIST01392,LIST01392
SHOP0136,P00961,CUST00451,LIST01393,LIST01393
SHOP0490,P00076,CUST00346,LIST01394,LIST01394
SHOP0150,P00741,CUST00209,LIST01395,LIST01395
SHOP0041,P00166,CUST00221,LIST01396,LIST01396
SHOP0414,P00356,CUST00516,LIST01397,LIST01397
SHOP0097,P00038,CUST00805,LIST01398,LIST01398
SHOP0328,P00292,CUST00111,LIST01399,LIST01399
SHOP0045,P00665,CUST00983,LIST01400,LIST01400
SHOP0355,P00688,CUST00041,LIST01401,LIST01401
SHOP0050,P00454,CUST00561,LIST01402,LIST01402
SHOP0145,P00809,CUST00640,LIST01403,LIST01403
SHOP0132,P00474,CUST00375,LIST01404,LIST01404
SHOP0101,P00415,CUST00266,LIST01405,LIST01405
SHOP0282,P00536,CUST00711,LIST01406,LIST01406
SHOP0222,P00741,CUST00593,LIST01407,LIST01407
SHOP0067,P00755,CUST00838,LIST01408,LIST01408
SHOP0357,P00689,CUST00790,LIST01409,LIST01409
SHOP0310,P00758,CUST00003,LIST01410,LIST01410
SHOP0057,P00153,CUST00776,LIST01411,LIST01411
SHOP0452,P00437,CUST00570,LIST01412,LIST01412
SHOP0330,P00955,CUST00948,LIST01413,LIST01413
SHOP0136,P00798,CUST00030,LIST01414,LIST01414
SHOP0210,P00627,CUST00955,LIST01415,LIST01415
SHOP0254,P00006,CUST00213,LIST01416,LIST01416
SHOP0331,P00479,CUST00690,LIST01417,LIST01417
SHOP0406,P00999,CUST00433,LIST01418,LIST01418
SHOP0339,P00535,CUST00582,LIST01419,LIST01419
SHOP0071,P00718,CUST00292,LIST01420,LIST01420
SHOP0309,P00608,CUST00267,LIST01421,LIST01421
SHOP0023,P00621,CUST00494,LIST01422,LIST01422
SHOP0056,P00463,CUST00904,LIST01423,LIST01423
SHOP0367,P00306,CUST00739,LIST01424,LIST01424
SHOP0223,P00082,CUST00870,LIST01425,LIST01425
SHOP0219,P00320,CUST00578,LIST01426,LIST01426
SHOP0392,P00786,CUST00729,LIST01427,LIST01427
SHOP0251,P00371,CUST00692,LIST01428,LIST01428
SHOP0033,P00091,CUST00810,LIST01429,LIST01429
SHOP0498,P00961,CUST00548,LIST01430,LIST01430
SHOP0344,P00885,CUST00371,LIST01431,LIST01431
SHOP0452,P00816,CUST00955,LIST01432,LIST01432
SHOP0044,P00429,CUST00315,LIST01433,LIST01433
SHOP0045,P00151,CUST00858,LIST01434,LIST01434
SHOP0413,P00466,CUST00037,LIST01435,LIST01435
SHOP0149,P00999,CUST00865,LIST01436,LIST01436
SHOP0027,P00130,CUST00214,LIST01437,LIST01437
SHOP0443,P00029,CUST00947,LIST01438,LIST01438
SHOP0364,P00031,CUST00021,LIST01439,LIST01439
SHOP0212,P00246,CUST00544,LIST01440,LIST01440
SHOP0429,P00059,CUST00013,LIST01441,LIST01441
SHOP0228,P00585,CUST00467,LIST01442,LIST01442
SHOP0325,P00522,CUST00311,LIST01443,LIST01443
SHOP0133,P00516,CUST00958,LIST01444,LIST01444
SHOP0401,P00856,CUST00910,LIST01445,LIST01445
SHOP0399,P00366,CUST00206,LIST01446,LIST01446
SHOP0194,P00589,CUST00124,LIST01447,LIST01447
SHOP0068,P00191,CUST00871,LIST01448,LIST01448
SHOP0326,P00377,CUST00198,LIST01449,LIST01449
SHOP0340,P00988,CUST00770,LIST01450,LIST01450
SHOP0147,P00284,CUST00688,LIST01451,LIST01451
SHOP0123,P00284,CUST00285,LIST01452,LIST01452
SHOP0288,P00318,CUST00518,LIST01453,LIST01453
SHOP0026,P00590,CUST00367,LIST01454,LIST01454
SHOP0190,P00888,CUST00505,LIST01455,LIST01455
SHOP0007,P00637,CUST00378,LIST01456,LIST01456
SHOP0365,P00936,CUST00079,LIST01457,LIST01457
SHOP0280,P00607,CUST00146,LIST01458,LIST01458
SHOP0122,P00753,CUST00351,LIST01459,LIST01459
SHOP0335,P00116,CUST00351,LIST01460,LIST01460
SHOP0052,P00951,CUST00145,LIST01461,LIST01461
SHOP0143,P00990,CUST00829,LIST01462,LIST01462
SHOP0163,P00331,CUST00460,LIST01463,LIST01463
SHOP0191,P00936,CUST00508,LIST01464,LIST01464
SHOP0178,P00700,CUST00022,LIST01465,LIST01465
SHOP0054,P00083,CUST00990,LIST01466,LIST01466
SHOP0085,P00933,CUST00082,LIST01467,LIST01467
SHOP0392,P00340,CUST00851,LIST01468,LIST01468
SHOP0376,P00494,CUST00312,LIST01469,LIST01469
SHOP0446,P00311,CUST00949,LIST01470,LIST01470
SHOP0461,P00948,CUST00054,LIST01471,LIST01471
SHOP0331,P00100,CUST00271,LIST01472,LIST01472
SHOP0383,P00618,CUST00035,LIST01473,LIST01473
SHOP0400,P00629,CUST00494,LIST01474,LIST01474
SHOP0403,P00022,CUST00945,LIST01475,LIST01475
SHOP0353,P00176,CUST00883,LIST01476,LIST01476
SHOP0434,P00495,CUST00141,LIST01477,LIST01477
SHOP0168,P00812,CUST00563,LIST01478,LIST01478
SHOP0244,P00403,CUST00519,LIST01479,LIST01479
SHOP0106,P00065,CUST00467,LIST01480,LIST01480
SHOP0350,P00718,CUST00308,LIST01481,LIST01481
SHOP0245,P00307,CUST00601,LIST01482,LIST01482
SHOP0066,P00050,CUST00369,LIST01483,LIST01483
SHOP0256,P00753,CUST00749,LIST01484,LIST01484
SHOP0291,P00506,CUST00720,LIST01485,LIST01485
SHOP0144,P00836,CUST00890,LIST01486,LIST01486
SHOP0236,P00659,CUST00069,LIST01487,LIST01487
SHOP0104,P00688,CUST00479,LIST01488,LIST01488
SHOP0435,P00277,CUST00160,LIST01489,LIST01489
SHOP0399,P00480,CUST00215,LIST01490,LIST01490
SHOP0154,P00849,CUST00062,LIST01491,LIST01491
SHOP0470,P00734,CUST00679,LIST01492,LIST01492
SHOP0490,P00512,CUST00121,LIST01493,LIST01493
SHOP0451,P00836,CUST00343,LIST01494,LIST01494
SHOP0491,P00609,CUST00766,LIST01495,LIST01495
SHOP0394,P00290,CUST00350,LIST01496,LIST01496
SHOP0263,P00341,CUST00248,LIST01497,LIST01497
SHOP0365,P00410,CUST00711,LIST01498,LIST01498
SHOP0048,P00283,CUST00220,LIST01499,LIST01499
SHOP0387,P00829,CUST00736,LIST01500,LIST01500
SHOP0455,P00608,CUST00531,LIST01501,LIST01501
SHOP0443,P00518,CUST00501,LIST01502,LIST01502
SHOP0008,P00727,CUST00327,LIST01503,LIST01503
SHOP0052,P00347,CUST00502,LIST01504,LIST01504
SHOP0478,P00769,CUST00789,LIST01505,LIST01505
SHOP0336,P00821,CUST00272,LIST01506,LIST01506
SHOP0075,P00514,CUST00644,LIST01507,LIST01507
SHOP0043,P00647,CUST00594,LIST01508,LIST01508
SHOP0139,P00921,CUST00670,LIST01509,LIST01509
SHOP0241,P00523,CUST00250,LIST01510,LIST01510
SHOP0004,P00204,CUST00908,LIST01511,LIST01511
SHOP0254,P00727,CUST00114,LIST01512,LIST01512
SHOP0468,P00140,CUST00230,LIST01513,LIST01513
SHOP0200,P00231,CUST00603,LIST01514,LIST01514
SHOP0310,P00510,CUST00057,LIST01515,LIST01515
SHOP0131,P00263,CUST00535,LIST01516,LIST01516
SHOP0234,P00146,CUST00515,LIST01517,LIST01517
SHOP0441,P00782,CUST00772,LIST01518,LIST01518
SHOP0058,P00460,CUST00618,LIST01519,LIST01519
SHOP0491,P00020,CUST00901,LIST01520,LIST01520
SHOP0428,P00548,CUST00188,LIST01521,LIST01521
SHOP0244,P00149,CUST00487,LIST01522,LIST01522
SHOP0475,P00322,CUST00172,LIST01523,LIST01523
SHOP0060,P00062,CUST00767,LIST01524,LIST01524
SHOP0067,P00741,CUST00023,LIST01525,LIST01525
SHOP0234,P00638,CUST00536,LIST01526,LIST01526
SHOP0352,P00701,CUST00162,LIST01527,LIST01527
SHOP0245,P00756,CUST00031,LIST01528,LIST01528
SHOP0283,P00503,CUST00802,LIST01529,LIST01529
SHOP0378,P00344,CUST00457,LIST01530,LIST01530
SHOP0038,P00852,CUST00122,LIST01531,LIST01531
SHOP0311,P00336,CUST00526,LIST01532,LIST01532
SHOP0022,P00036,CUST00425,LIST01533,LIST01533
SHOP0075,P00211,CUST00364,LIST01534,LIST01534
SHOP0357,P00689,CUST00485,LIST01535,LIST01535
SHOP0220,P00524,CUST00543,LIST01536,LIST01536
SHOP0348,P00000,CUST00471,LIST01537,LIST01537
SHOP0198,P00261,CUST00209,LIST01538,LIST01538
SHOP0313,P00493,CUST00227,LIST01539,LIST01539
SHOP0406,P00960,CUST00897,LIST01540,LIST01540
SHOP0495,P00266,CUST00386,LIST01541,LIST01541
SHOP0158,P00300,CUST00425,LIST01542,LIST01542
SHOP0217,P00061,CUST00753,LIST01543,LIST01543
SHOP0381,P00254,CUST00848,LIST01544,LIST01544
SHOP0499,P00995,CUST00940,LIST01545,LIST01545
SHOP0277,P00497,CUST00407,LIST01546,LIST01546
SHOP0112,P00387,CUST00705,LIST01547,LIST01547
SHOP0237,P00611,CUST00665,LIST01548,LIST01548
SHOP0427,P00593,CUST00551,LIST01549,LIST01549
SHOP0470,P00806,CUST00511,LIST01550,LIST01550
SHOP0467,P00982,CUST00121,LIST01551,LIST01551
SHOP0430,P00140,CUST00084,LIST01552,LIST01552
SHOP0384,P00810,CUST00406,LIST01553,LIST01553
SHOP0030,P00637,CUST00170,LIST01554,LIST01554
SHOP0335,P00210,CUST00651,LIST01555,LIST01555
SHOP0056,P00303,CUST00045,LIST01556,LIST01556
SHOP0215,P00981,CUST00078,LIST01557,LIST01557
SHOP0267,P00897,CUST00281,LIST01558,LIST01558
SHOP0054,P00075,CUST00643,LIST01559,LIST01559
SHOP0471,P00767,CUST00456,LIST01560,LIST01560
SHOP0114,P00751,CUST00916,LIST01561,LIST01561
SHOP0281,P00978,CUST00921,LIST01562,LIST01562
SHOP0396,P00556,CUST00190,LIST01563,LIST01563
SHOP0483,P00499,CUST00868,LIST01564,LIST01564
SHOP0300,P00309,CUST00106,LIST01565,LIST01565
SHOP0335,P00210,CUST00681,LIST01566,LIST01566
SHOP0013,P00523,CUST00910,LIST01567,LIST01567
SHOP0064,P00623,CUST00510,LIST01568,LIST01568
SHOP0208,P00634,CUST00415,LIST01569,LIST01569
SHOP0089,P00882,CUST00889,LIST01570,LIST01570
SHOP0490,P00290,CUST00250,LIST01571,LIST01571
SHOP0422,P00356,CUST00116,LIST01572,LIST01572
SHOP0374,P00166,CUST00105,LIST01573,LIST01573
SHOP0376,P00549,CUST00627,LIST01574,LIST01574
SHOP0314,P00581,CUST00637,LIST01575,LIST01575
SHOP0108,P00324,CUST00134,LIST01576,LIST01576
SHOP0465,P00543,CUST00706,LIST01577,LIST01577
SHOP0065,P00188,CUST00139,LIST01578,LIST01578
SHOP0177,P00206,CUST00396,LIST01579,LIST01579
SHOP0385,P00734,CUST00093,LIST01580,LIST01580
SHOP0261,P00131,CUST00941,LIST01581,LIST01581
SHOP0342,P00235,CUST00655,LIST01582,LIST01582
SHOP0421,P00482,CUST00705,LIST01583,LIST01583
SHOP0436,P00935,CUST00364,LIST01584,LIST01584
SHOP0056,P00016,CUST00981,LIST01585,LIST01585
SHOP0108,P00749,CUST00089,LIST01586,LIST01586
SHOP0388,P00752,CUST00423,LIST01587,LIST01587
SHOP0395,P00377,CUST00139,LIST01588,LIST01588
SHOP0361,P00409,CUST00414,LIST01589,LIST01589
SHOP0325,P00866,CUST00393,LIST01590,LIST01590
SHOP0137,P00645,CUST00170,LIST01591,LIST01591
SHOP0405,P00945,CUST00057,LIST01592,LIST01592
SHOP0127,P00132,CUST00462,LIST01593,LIST01593
SHOP0444,P00233,CUST00824,LIST01594,LIST01594
SHOP0362,P00156,CUST00033,LIST01595,LIST01595
SHOP0379,P00562,CUST00699,LIST01596,LIST01596
SHOP0196,P00419,CUST00456,LIST01597,LIST01597
SHOP0459,P00356,CUST00459,LIST01598,LIST01598
SHOP0089,P00284,CUST00506,LIST01599,LIST01599
SHOP0068,P00191,CUST00249,LIST01600,LIST01600
SHOP0035,P00613,CUST00133,LIST01601,LIST01601
SHOP0105,P00621,CUST00904,LIST01602,LIST01602
SHOP0087,P00944,CUST00268,LIST01603,LIST01603
SHOP0135,P00660,CUST00161,LIST01604,LIST01604
SHOP0289,P00044,CUST00343,LIST01605,LIST01605
SHOP0268,P00487,CUST00090,LIST01606,LIST01606
SHOP0097,P00787,CUST00486,LIST01607,LIST01607
SHOP0392,P00806,CUST00515,LIST01608,LIST01608
SHOP0189,P00479,CUST00924,LIST01609,LIST01609
SHOP0182,P00418,CUST00645,LIST01610,LIST01610
SHOP0163,P00999,CUST00160,LIST01611,LIST01611
SHOP0389,P00060,CUST00007,LIST01612,LIST01612
SHOP0300,P00897,CUST00891,LIST01613,LIST01613
SHOP0177,P00465,CUST00474,LIST01614,LIST01614
SHOP0265,P00862,CUST00420,LIST01615,LIST01615
SHOP0400,P00656,CUST00791,LIST01616,LIST01616
SHOP0088,P00968,CUST00793,LIST01617,LIST01617
SHOP0458,P00995,CUST00866,LIST01618,LIST01618
SHOP0487,P00546,CUST00929,LIST01619,LIST01619
SHOP0468,P00669,CUST00920,LIST01620,LIST01620
SHOP0287,P00307,CUST00068,LIST01621,LIST01621
SHOP0212,P00840,CUST00183,LIST01622,LIST01622
SHOP0121,P00979,CUST00774,LIST01623,LIST01623
SHOP0256,P00967,CUST00299,LIST01624,LIST01624
SHOP0352,P00031,CUST00516,LIST01625,LIST01625
SHOP0259,P00375,CUST00550,LIST01626,LIST01626
SHOP0180,P00547,CUST00013,LIST01627,LIST01627
SHOP0495,P00818,CUST00685,LIST01628,LIST01628
SHOP0471,P00639,CUST00352,LIST01629,LIST01629
SHOP0343,P00525,CUST00039,LIST01630,LIST01630
SHOP0138,P00849,CUST00057,LIST01631,LIST01631
SHOP0346,P00249,CUST00882,LIST01632,LIST01632
SHOP0266,P00579,CUST00369,LIST01633,LIST01633
SHOP0396,P00696,CUST00711,LIST01634,LIST01634
SHOP0371,P00501,CUST00880,LIST01635,LIST01635
SHOP0484,P00056,CUST00768,LIST01636,LIST01636
SHOP0123,P00076,CUST00997,LIST01637,LIST01637
SHOP0281,P00978,CUST00992,LIST01638,LIST01638
SHOP0015,P00750,CUST00362,LIST01639,LIST01639
SHOP0108,P00035,CUST00127,LIST01640,LIST01640
SHOP0475,P00322,CUST00996,LIST01641,LIST01641
SHOP0297,P00798,CUST00970,LIST01642,LIST01642
SHOP0179,P00930,CUST00042,LIST01643,LIST01643
SHOP0145,P00490,CUST00953,LIST01644,LIST01644
SHOP0433,P00428,CUST00515,LIST01645,LIST01645
SHOP0448,P00132,CUST00593,LIST01646,LIST01646
SHOP0454,P00203,CUST00344,LIST01647,LIST01647
SHOP0399,P00393,CUST00224,LIST01648,LIST01648
SHOP0122,P00027,CUST00545,LIST01649,LIST01649
SHOP0007,P00408,CUST00062,LIST01650,LIST01650
SHOP0281,P00672,CUST00586,LIST01651,LIST01651
SHOP0261,P00534,CUST00962,LIST01652,LIST01652
SHOP0458,P00581,CUST00118,LIST01653,LIST01653
SHOP0069,P00419,CUST00671,LIST01654,LIST01654
SHOP0023,P00477,CUST00946,LIST01655,LIST01655
SHOP0196,P00183,CUST00121,LIST01656,LIST01656
SHOP0477,P00367,CUST00218,LIST01657,LIST01657
SHOP0302,P00754,CUST00657,LIST01658,LIST01658
SHOP0015,P00750,CUST00613,LIST01659,LIST01659
SHOP0277,P00252,CUST00087,LIST01660,LIST01660
SHOP0381,P00559,CUST00322,LIST01661,LIST01661
SHOP0038,P00111,CUST00235,LIST01662,LIST01662
SHOP0267,P00883,CUST00438,LIST01663,LIST01663
SHOP0246,P00557,CUST00878,LIST01664,LIST01664
SHOP0009,P00966,CUST00527,LIST01665,LIST01665
SHOP0471,P00389,CUST00244,LIST01666,LIST01666
SHOP0020,P00585,CUST00192,LIST01667,LIST01667
SHOP0352,P00031,CUST00123,LIST01668,LIST01668
SHOP0441,P00761,CUST00457,LIST01669,LIST01669
SHOP0058,P00460,CUST00569,LIST01670,LIST01670
SHOP0115,P00969,CUST00318,LIST01671,LIST01671
SHOP0280,P00545,CUST00745,LIST01672,LIST01672
SHOP0471,P00638,CUST00670,LIST01673,LIST01673
SHOP0491,P00609,CUST00486,LIST01674,LIST01674
SHOP0336,P00494,CUST00273,LIST01675,LIST01675
SHOP0329,P00343,CUST00407,LIST01676,LIST01676
SHOP0288,P00464,CUST00591,LIST01677,LIST01677
SHOP0402,P00135,CUST00084,LIST01678,LIST01678
SHOP0345,P00455,CUST00038,LIST01679,LIST01679
SHOP0228,P00369,CUST00884,LIST01680,LIST01680
SHOP0259,P00752,CUST00626,LIST01681,LIST01681
SHOP0073,P00020,CUST00803,LIST01682,LIST01682
SHOP0081,P00160,CUST00277,LIST01683,LIST01683
SHOP0159,P00270,CUST00311,LIST01684,LIST01684
SHOP0348,P00174,CUST00072,LIST01685,LIST01685
SHOP0054,P00715,CUST00750,LIST01686,LIST01686
SHOP0092,P00550,CUST00780,LIST01687,LIST01687
SHOP0284,P00384,CUST00899,LIST01688,LIST01688
SHOP0339,P00532,CUST00932,LIST01689,LIST01689
SHOP0228,P00585,CUST00416,LIST01690,LIST01690
SHOP0181,P00817,CUST00384,LIST01691,LIST01691
SHOP0486,P00253,CUST00298,LIST01692,LIST01692
SHOP0117,P00537,CUST00210,LIST01693,LIST01693
SHOP0189,P00479,CUST00600,LIST01694,LIST01694
SHOP0294,P00419,CUST00431,LIST01695,LIST01695
SHOP0010,P00454,CUST00225,LIST01696,LIST01696
SHOP0447,P00769,CUST00538,LIST01697,LIST01697
SHOP0420,P00268,CUST00312,LIST01698,LIST01698
SHOP0443,P00518,CUST00675,LIST01699,LIST01699
SHOP0056,P00969,CUST00966,LIST01700,LIST01700
SHOP0123,P00839,CUST00613,LIST01701,LIST01701
SHOP0329,P00343,CUST00281,LIST01702,LIST01702
SHOP0468,P00767,CUST00196,LIST01703,LIST01703
SHOP0487,P00603,CUST00651,LIST01704,LIST01704
SHOP0007,P00229,CUST00115,LIST01705,LIST01705
SHOP0417,P00231,CUST00854,LIST01706,LIST01706
SHOP0335,P00396,CUST00285,LIST01707,LIST01707
SHOP0172,P00691,CUST00180,LIST01708,LIST01708
SHOP0002,P00409,CUST00063,LIST01709,LIST01709
SHOP0171,P00884,CUST00896,LIST01710,LIST01710
SHOP0131,P00714,CUST00351,LIST01711,LIST01711
SHOP0249,P00370,CUST00226,LIST01712,LIST01712
SHOP0132,P00362,CUST00882,LIST01713,LIST01713
SHOP0419,P00818,CUST00849,LIST01714,LIST01714
SHOP0440,P00958,CUST00968,LIST01715,LIST01715
SHOP0158,P00815,CUST00240,LIST01716,LIST01716
SHOP0173,P00523,CUST00221,LIST01717,LIST01717
SHOP0471,P00767,CUST00934,LIST01718,LIST01718
SHOP0265,P00902,CUST00100,LIST01719,LIST01719
SHOP0336,P00494,CUST00711,LIST01720,LIST01720
SHOP0486,P00052,CUST00813,LIST01721,LIST01721
SHOP0334,P00983,CUST00827,LIST01722,LIST01722
SHOP0047,P00908,CUST00808,LIST01723,LIST01723
SHOP0128,P00825,CUST00488,LIST01724,LIST01724
SHOP0294,P00287,CUST00428,LIST01725,LIST01725
SHOP0048,P00768,CUST00065,LIST01726,LIST01726
SHOP0383,P00995,CUST00491,LIST01727,LIST01727
SHOP0403,P00022,CUST00617,LIST01728,LIST01728
SHOP0426,P00150,CUST00302,LIST01729,LIST01729
SHOP0344,P00305,CUST00316,LIST01730,LIST01730
SHOP0333,P00425,CUST00258,LIST01731,LIST01731
SHOP0033,P00577,CUST00490,LIST01732,LIST01732
SHOP0323,P00997,CUST00699,LIST01733,LIST01733
SHOP0216,P00339,CUST00922,LIST01734,LIST01734
SHOP0032,P00950,CUST00961,LIST01735,LIST01735
SHOP0402,P00277,CUST00643,LIST01736,LIST01736
SHOP0159,P00138,CUST00117,LIST01737,LIST01737
SHOP0027,P00294,CUST00756,LIST01738,LIST01738
SHOP0276,P00688,CUST00860,LIST01739,LIST01739
SHOP0092,P00435,CUST00883,LIST01740,LIST01740
SHOP0099,P00133,CUST00476,LIST01741,LIST01741
SHOP0433,P00465,CUST00323,LIST01742,LIST01742
SHOP0159,P00251,CUST00836,LIST01743,LIST01743
SHOP0369,P00577,CUST00238,LIST01744,LIST01744
SHOP0298,P00473,CUST00739,LIST01745,LIST01745
SHOP0248,P00520,CUST00998,LIST01746,LIST01746
SHOP0457,P00565,CUST00600,LIST01747,LIST01747
SHOP0279,P00745,CUST00765,LIST01748,LIST01748
SHOP0085,P00933,CUST00183,LIST01749,LIST01749
SHOP0065,P00178,CUST00747,LIST01750,LIST01750
SHOP0294,P00163,CUST00212,LIST01751,LIST01751
SHOP0337,P00169,CUST00488,LIST01752,LIST01752
SHOP0496,P00103,CUST00926,LIST01753,LIST01753
SHOP0205,P00233,CUST00280,LIST01754,LIST01754
SHOP0291,P00934,CUST00867,LIST01755,LIST01755
SHOP0288,P00420,CUST00852,LIST01756,LIST01756
SHOP0354,P00769,CUST00538,LIST01757,LIST01757
SHOP0338,P00329,CUST00106,LIST01758,LIST01758
SHOP0054,P00560,CUST00671,LIST01759,LIST01759
SHOP0166,P00602,CUST00394,LIST01760,LIST01760
SHOP0112,P00644,CUST00981,LIST01761,LIST01761
SHOP0470,P00794,CUST00660,LIST01762,LIST01762
SHOP0457,P00446,CUST00010,LIST01763,LIST01763
SHOP0254,P00727,CUST00265,LIST01764,LIST01764
SHOP0347,P00202,CUST00103,LIST01765,LIST01765
SHOP0106,P00948,CUST00653,LIST01766,LIST01766
SHOP0007,P00028,CUST00053,LIST01767,LIST01767
SHOP0180,P00595,CUST00178,LIST01768,LIST01768
SHOP0460,P00803,CUST00746,LIST01769,LIST01769
SHOP0098,P00447,CUST00583,LIST01770,LIST01770
SHOP0206,P00975,CUST00058,LIST01771,LIST01771
SHOP0115,P00972,CUST00469,LIST01772,LIST01772
SHOP0405,P00945,CUST00815,LIST01773,LIST01773
SHOP0040,P00688,CUST00907,LIST01774,LIST01774
SHOP0302,P00160,CUST00466,LIST01775,LIST01775
SHOP0418,P00754,CUST00756,LIST01776,LIST01776
SHOP0287,P00781,CUST00652,LIST01777,LIST01777
SHOP0334,P00793,CUST00912,LIST01778,LIST01778
SHOP0046,P00298,CUST00760,LIST01779,LIST01779
SHOP0171,P00749,CUST00977,LIST01780,LIST01780
SHOP0342,P00047,CUST00484,LIST01781,LIST01781
SHOP0495,P00695,CUST00909,LIST01782,LIST01782
SHOP0299,P00681,CUST00964,LIST01783,LIST01783
SHOP0352,P00925,CUST00389,LIST01784,LIST01784
SHOP0226,P00649,CUST00217,LIST01785,LIST01785
SHOP0305,P00467,CUST00196,LIST01786,LIST01786
SHOP0174,P00203,CUST00310,LIST01787,LIST01787
SHOP0020,P00284,CUST00324,LIST01788,LIST01788
SHOP0120,P00673,CUST00974,LIST01789,LIST01789
SHOP0485,P00239,CUST00357,LIST01790,LIST01790
SHOP0252,P00952,CUST00827,LIST01791,LIST01791
SHOP0104,P00215,CUST00075,LIST01792,LIST01792
SHOP0494,P00800,CUST00407,LIST01793,LIST01793
SHOP0431,P00074,CUST00823,LIST01794,LIST01794
SHOP0041,P00913,CUST00512,LIST01795,LIST01795
SHOP0429,P00226,CUST00935,LIST01796,LIST01796
SHOP0231,P00622,CUST00512,LIST01797,LIST01797
SHOP0238,P00770,CUST00781,LIST01798,LIST01798
SHOP0259,P00627,CUST00130,LIST01799,LIST01799
SHOP0403,P00128,CUST00997,LIST01800,LIST01800
SHOP0089,P00012,CUST00850,LIST01801,LIST01801
SHOP0270,P00725,CUST00315,LIST01802,LIST01802
SHOP0363,P00403,CUST00148,LIST01803,LIST01803
SHOP0186,P00642,CUST00209,LIST01804,LIST01804
SHOP0107,P00945,CUST00210,LIST01805,LIST01805
SHOP0040,P00976,CUST00684,LIST01806,LIST01806
SHOP0082,P00127,CUST00264,LIST01807,LIST01807
SHOP0176,P00532,CUST00228,LIST01808,LIST01808
SHOP0123,P00174,CUST00199,LIST01809,LIST01809
SHOP0376,P00027,CUST00226,LIST01810,LIST01810
SHOP0170,P00250,CUST00230,LIST01811,LIST01811
SHOP0325,P00476,CUST00089,LIST01812,LIST01812
SHOP0450,P00617,CUST00056,LIST01813,LIST01813
SHOP0003,P00250,CUST00899,LIST01814,LIST01814
SHOP0317,P00216,CUST00719,LIST01815,LIST01815
SHOP0301,P00706,CUST00502,LIST01816,LIST01816
SHOP0383,P00980,CUST00275,LIST01817,LIST01817
SHOP0416,P00301,CUST00833,LIST01818,LIST01818
SHOP0073,P00794,CUST00772,LIST01819,LIST01819
SHOP0367,P00716,CUST00899,LIST01820,LIST01820
SHOP0300,P00897,CUST00682,LIST01821,LIST01821
SHOP0472,P00242,CUST00519,LIST01822,LIST01822
SHOP0161,P00092,CUST00691,LIST01823,LIST01823
SHOP0181,P00240,CUST00022,LIST01824,LIST01824
SHOP0349,P00132,CUST00569,LIST01825,LIST01825
SHOP0033,P00709,CUST00252,LIST01826,LIST01826
SHOP0201,P00260,CUST00893,LIST01827,LIST01827
SHOP0360,P00249,CUST00772,LIST01828,LIST01828
SHOP0360,P00502,CUST00509,LIST01829,LIST01829
SHOP0270,P00174,CUST00670,LIST01830,LIST01830
SHOP0112,P00014,CUST00460,LIST01831,LIST01831
SHOP0127,P00132,CUST00010,LIST01832,LIST01832
SHOP0384,P00504,CUST00541,LIST01833,LIST01833
SHOP0127,P00824,CUST00280,LIST01834,LIST01834
SHOP0333,P00206,CUST00733,LIST01835,LIST01835
SHOP0395,P00671,CUST00684,LIST01836,LIST01836
SHOP0276,P00183,CUST00812,LIST01837,LIST01837
SHOP0457,P00779,CUST00080,LIST01838,LIST01838
SHOP0219,P00457,CUST00508,LIST01839,LIST01839
SHOP0337,P00391,CUST00602,LIST01840,LIST01840
SHOP0111,P00207,CUST00793,LIST01841,LIST01841
SHOP0459,P00434,CUST00195,LIST01842,LIST01842
SHOP0436,P00038,CUST00432,LIST01843,LIST01843
SHOP0493,P00801,CUST00529,LIST01844,LIST01844
SHOP0431,P00610,CUST00517,LIST01845,LIST01845
SHOP0325,P00359,CUST00077,LIST01846,LIST01846
SHOP0435,P00277,CUST00317,LIST01847,LIST01847
SHOP0278,P00932,CUST00085,LIST01848,LIST01848
SHOP0331,P00676,CUST00505,LIST01849,LIST01849
SHOP0275,P00218,CUST00518,LIST01850,LIST01850
SHOP0115,P00972,CUST00386,LIST01851,LIST01851
SHOP0058,P00448,CUST00654,LIST01852,LIST01852
SHOP0386,P00055,CUST00471,LIST01853,LIST01853
SHOP0456,P00221,CUST00266,LIST01854,LIST01854
SHOP0103,P00026,CUST00367,LIST01855,LIST01855
SHOP0392,P00909,CUST00739,LIST01856,LIST01856
SHOP0116,P00781,CUST00119,LIST01857,LIST01857
SHOP0322,P00314,CUST00524,LIST01858,LIST01858
SHOP0226,P00585,CUST00662,LIST01859,LIST01859
SHOP0428,P00683,CUST00274,LIST01860,LIST01860
SHOP0237,P00436,CUST00012,LIST01861,LIST01861
SHOP0165,P00850,CUST00267,LIST01862,LIST01862
SHOP0026,P00341,CUST00964,LIST01863,LIST01863
SHOP0024,P00674,CUST00030,LIST01864,LIST01864
SHOP0066,P00081,CUST00425,LIST01865,LIST01865
SHOP0254,P00949,CUST00748,LIST01866,LIST01866
SHOP0265,P00150,CUST00287,LIST01867,LIST01867
SHOP0389,P00826,CUST00703,LIST01868,LIST01868
SHOP0190,P00166,CUST00939,LIST01869,LIST01869
SHOP0271,P00120,CUST00453,LIST01870,LIST01870
SHOP0061,P00237,CUST00278,LIST01871,LIST01871
SHOP0026,P00786,CUST00397,LIST01872,LIST01872
SHOP0007,P00207,CUST00293,LIST01873,LIST01873
SHOP0252,P00730,CUST00766,LIST01874,LIST01874
SHOP0077,P00446,CUST00444,LIST01875,LIST01875
SHOP0271,P00438,CUST00461,LIST01876,LIST01876
SHOP0476,P00986,CUST00951,LIST01877,LIST01877
SHOP0152,P00821,CUST00530,LIST01878,LIST01878
SHOP0435,P00400,CUST00614,LIST01879,LIST01879
SHOP0450,P00362,CUST00446,LIST01880,LIST01880
SHOP0361,P00282,CUST00536,LIST01881,LIST01881
SHOP0288,P00047,CUST00909,LIST01882,LIST01882
SHOP0321,P00953,CUST00179,LIST01883,LIST01883
SHOP0326,P00149,CUST00570,LIST01884,LIST01884
SHOP0052,P00417,CUST00180,LIST01885,LIST01885
SHOP0200,P00108,CUST00622,LIST01886,LIST01886
SHOP0328,P00647,CUST00328,LIST01887,LIST01887
SHOP0084,P00321,CUST00416,LIST01888,LIST01888
SHOP0241,P00313,CUST00869,LIST01889,LIST01889
SHOP0406,P00999,CUST00975,LIST01890,LIST01890
SHOP0208,P00435,CUST00956,LIST01891,LIST01891
SHOP0280,P00487,CUST00945,LIST01892,LIST01892
SHOP0470,P00591,CUST00225,LIST01893,LIST01893
SHOP0443,P00553,CUST00099,LIST01894,LIST01894
SHOP0358,P00004,CUST00745,LIST01895,LIST01895
SHOP0415,P00530,CUST00510,LIST01896,LIST01896
SHOP0431,P00074,CUST00273,LIST01897,LIST01897
SHOP0218,P00041,CUST00118,LIST01898,LIST01898
SHOP0157,P00318,CUST00221,LIST01899,LIST01899
SHOP0286,P00160,CUST00440,LIST01900,LIST01900
SHOP0001,P00626,CUST00466,LIST01901,LIST01901
SHOP0039,P00491,CUST00817,LIST01902,LIST01902
SHOP0247,P00575,CUST00831,LIST01903,LIST01903
SHOP0225,P00254,CUST00106,LIST01904,LIST01904
SHOP0391,P00458,CUST00917,LIST01905,LIST01905
SHOP0066,P00081,CUST00339,LIST01906,LIST01906
SHOP0233,P00085,CUST00807,LIST01907,LIST01907
SHOP0230,P00628,CUST00082,LIST01908,LIST01908
SHOP0181,P00764,CUST00147,LIST01909,LIST01909
SHOP0461,P00698,CUST00776,LIST01910,LIST01910
SHOP0110,P00063,CUST00459,LIST01911,LIST01911
SHOP0436,P00603,CUST00638,LIST01912,LIST01912
SHOP0301,P00093,CUST00985,LIST01913,LIST01913
SHOP0452,P00185,CUST00227,LIST01914,LIST01914
SHOP0482,P00258,CUST00861,LIST01915,LIST01915
SHOP0395,P00377,CUST00785,LIST01916,LIST01916
SHOP0356,P00336,CUST00258,LIST01917,LIST01917
SHOP0059,P00670,CUST00949,LIST01918,LIST01918
SHOP0442,P00965,CUST00695,LIST01919,LIST01919
SHOP0422,P00190,CUST00672,LIST01920,LIST01920
SHOP0331,P00105,CUST00184,LIST01921,LIST01921
SHOP0020,P00284,CUST00193,LIST01922,LIST01922
SHOP0194,P00050,CUST00934,LIST01923,LIST01923
SHOP0075,P00891,CUST00389,LIST01924,LIST01924
SHOP0043,P00932,CUST00646,LIST01925,LIST01925
SHOP0439,P00917,CUST00642,LIST01926,LIST01926
SHOP0072,P00604,CUST00685,LIST01927,LIST01927
SHOP0331,P00098,CUST00751,LIST01928,LIST01928
SHOP0459,P00488,CUST00543,LIST01929,LIST01929
SHOP0024,P00900,CUST00390,LIST01930,LIST01930
SHOP0469,P00908,CUST00456,LIST01931,LIST01931
SHOP0491,P00300,CUST00307,LIST01932,LIST01932
SHOP0308,P00668,CUST00822,LIST01933,LIST01933
SHOP0269,P00369,CUST00811,LIST01934,LIST01934
SHOP0362,P00340,CUST00006,LIST01935,LIST01935
SHOP0060,P00745,CUST00684,LIST01936,LIST01936
SHOP0361,P00391,CUST00460,LIST01937,LIST01937
SHOP0138,P00635,CUST00742,LIST01938,LIST01938
SHOP0499,P00844,CUST00112,LIST01939,LIST01939
SHOP0137,P00422,CUST00772,LIST01940,LIST01940
SHOP0317,P00093,CUST00472,LIST01941,LIST01941
SHOP0226,P00548,CUST00185,LIST01942,LIST01942
SHOP0047,P00898,CUST00233,LIST01943,LIST01943
SHOP0069,P00684,CUST00022,LIST01944,LIST01944
SHOP0268,P00409,CUST00889,LIST01945,LIST01945
SHOP0230,P00123,CUST00770,LIST01946,LIST01946
SHOP0008,P00224,CUST00174,LIST01947,LIST01947
SHOP0293,P00938,CUST00140,LIST01948,LIST01948
SHOP0289,P00188,CUST00527,LIST01949,LIST01949
SHOP0077,P00715,CUST00642,LIST01950,LIST01950
SHOP0020,P00329,CUST00028,LIST01951,LIST01951
SHOP0290,P00432,CUST00445,LIST01952,LIST01952
SHOP0327,P00857,CUST00801,LIST01953,LIST01953
SHOP0249,P00595,CUST00073,LIST01954,LIST01954
SHOP0394,P00509,CUST00413,LIST01955,LIST01955
SHOP0427,P00376,CUST00773,LIST01956,LIST01956
SHOP0287,P00135,CUST00058,LIST01957,LIST01957
SHOP0183,P00377,CUST00635,LIST01958,LIST01958
SHOP0062,P00339,CUST00504,LIST01959,LIST01959
SHOP0035,P00910,CUST00254,LIST01960,LIST01960
SHOP0055,P00058,CUST00781,LIST01961,LIST01961
SHOP0137,P00812,CUST00192,LIST01962,LIST01962
SHOP0083,P00470,CUST00825,LIST01963,LIST01963
SHOP0410,P00816,CUST00899,LIST01964,LIST01964
SHOP0278,P00932,CUST00653,LIST01965,LIST01965
SHOP0466,P00699,CUST00205,LIST01966,LIST01966
SHOP0471,P00719,CUST00506,LIST01967,LIST01967
SHOP0193,P00137,CUST00925,LIST01968,LIST01968
SHOP0456,P00461,CUST00304,LIST01969,LIST01969
SHOP0338,P00288,CUST00116,LIST01970,LIST01970
SHOP0093,P00681,CUST00603,LIST01971,LIST01971
SHOP0047,P00437,CUST00660,LIST01972,LIST01972
SHOP0163,P00246,CUST00610,LIST01973,LIST01973
SHOP0267,P00549,CUST00098,LIST01974,LIST01974
SHOP0405,P00442,CUST00259,LIST01975,LIST01975
SHOP0053,P00906,CUST00580,LIST01976,LIST01976
SHOP0376,P00861,CUST00752,LIST01977,LIST01977
SHOP0332,P00647,CUST00760,LIST01978,LIST01978
SHOP0123,P00851,CUST00162,LIST01979,LIST01979
SHOP0197,P00725,CUST00559,LIST01980,LIST01980
SHOP0421,P00915,CUST00380,LIST01981,LIST01981
SHOP0096,P00883,CUST00544,LIST01982,LIST01982
SHOP0033,P00836,CUST00764,LIST01983,LIST01983
SHOP0202,P00392,CUST00732,LIST01984,LIST01984
SHOP0045,P00665,CUST00274,LIST01985,LIST01985
SHOP0124,P00163,CUST00059,LIST01986,LIST01986
SHOP0054,P00560,CUST00718,LIST01987,LIST01987
SHOP0043,P00883,CUST00682,LIST01988,LIST01988
SHOP0185,P00655,CUST00382,LIST01989,LIST01989
SHOP0366,P00785,CUST00862,LIST01990,LIST01990
SHOP0089,P00139,CUST00778,LIST01991,LIST01991
SHOP0425,P00134,CUST00081,LIST01992,LIST01992
SHOP0392,P00340,CUST00533,LIST01993,LIST01993
SHOP0091,P00088,CUST00717,LIST01994,LIST01994
SHOP0254,P00001,CUST00264,LIST01995,LIST01995
SHOP0423,P00815,CUST00514,LIST01996,LIST01996
SHOP0156,P00061,CUST00608,LIST01997,LIST01997
SHOP0321,P00642,CUST00281,LIST01998,LIST01998
SHOP0032,P00417,CUST00229,LIST01999,LIST01999
