shop_id,product_id,buyer_id,setdate
SHOP0285,P00112,CUST00818,2025-01-24
SHOP0101,P00948,CUST00625,2025-02-22
SHOP0307,P00739,CUST00661,2025-03-19
SHOP0314,P00527,CUST00810,2025-05-01
SHOP0161,P00734,CUST00254,2025-01-05
SHOP0288,P00032,CUST00591,2025-01-18
SHOP0459,P00217,CUST00826,2025-03-05
SHOP0024,P00000,CUST00283,2025-04-20
SHOP0383,P00356,CUST00861,2025-05-04
SHOP0224,P00204,CUST00861,2025-05-03
SHOP0295,P00768,CUST00312,2025-04-30
SHOP0468,P00140,CUST00676,2025-01-02
SHOP0058,P00568,CUST00094,2025-03-02
SHOP0313,P00493,CUST00405,2025-04-12
SHOP0117,P00068,CUST00944,2025-03-22
SHOP0176,P00983,CUST00205,2025-05-05
SHOP0260,P00475,CUST00362,2025-03-17
SHOP0086,P00443,CUST00769,2025-03-30
SHOP0464,P00305,CUST00605,2025-01-22
SHOP0201,P00135,CUST00932,2025-04-24
SHOP0148,P00493,CUST00290,2025-03-05
SHOP0290,P00872,CUST00236,2025-03-23
SHOP0083,P00999,CUST00957,2025-02-24
SHOP0276,P00792,CUST00579,2025-03-27
SHOP0456,P00551,CUST00702,2025-01-23
SHOP0440,P00316,CUST00794,2025-05-06
SHOP0172,P00546,CUST00801,2025-05-02
SHOP0073,P00879,CUST00073,2025-05-09
SHOP0126,P00498,CUST00939,2025-04-26
SHOP0233,P00085,CUST00968,2025-03-24
SHOP0490,P00512,CUST00212,2025-02-04
SHOP0098,P00093,CUST00111,2025-05-06
SHOP0356,P00426,CUST00289,2025-03-08
SHOP0289,P00082,CUST00070,2025-01-17
SHOP0007,P00408,CUST00619,2025-02-07
SHOP0138,P00094,CUST00671,2025-05-07
SHOP0045,P00376,CUST00286,2025-01-04
SHOP0089,P00806,CUST00552,2025-02-22
SHOP0360,P00116,CUST00182,2025-03-06
SHOP0050,P00376,CUST00900,2025-02-10
SHOP0169,P00657,CUST00901,2025-01-27
SHOP0335,P00334,CUST00492,2025-03-01
SHOP0498,P00961,CUST00229,2025-04-22
SHOP0445,P00423,CUST00207,2025-01-03
SHOP0163,P00918,CUST00905,2025-02-07
SHOP0453,P00363,CUST00122,2025-02-15
SHOP0325,P00240,CUST00476,2025-02-11
SHOP0234,P00539,CUST00635,2025-01-06
SHOP0154,P00571,CUST00627,2025-01-03
SHOP0020,P00329,CUST00792,2025-01-03
SHOP0230,P00970,CUST00126,2025-04-06
SHOP0285,P00112,CUST00267,2025-01-18
SHOP0356,P00336,CUST00265,2025-03-17
SHOP0244,P00210,CUST00367,2025-01-01
SHOP0275,P00013,CUST00409,2025-04-15
SHOP0386,P00632,CUST00647,2025-03-16
SHOP0476,P00729,CUST00609,2025-03-07
SHOP0495,P00818,CUST00384,2025-03-12
SHOP0441,P00735,CUST00392,2025-04-14
SHOP0347,P00939,CUST00503,2025-05-02
SHOP0405,P00732,CUST00000,2025-03-31
SHOP0289,P00188,CUST00331,2025-02-04
SHOP0211,P00006,CUST00829,2025-03-27
SHOP0405,P00412,CUST00989,2025-05-06
SHOP0353,P00117,CUST00838,2025-02-13
SHOP0449,P00251,CUST00186,2025-02-10
SHOP0424,P00892,CUST00544,2025-05-08
SHOP0135,P00322,CUST00605,2025-01-28
SHOP0374,P00166,CUST00858,2025-02-27
SHOP0492,P00024,CUST00487,2025-02-27
SHOP0486,P00188,CUST00131,2025-02-08
SHOP0285,P00529,CUST00817,2025-01-28
SHOP0414,P00911,CUST00082,2025-01-02
SHOP0117,P00467,CUST00276,2025-04-23
SHOP0365,P00410,CUST00939,2025-04-03
SHOP0391,P00562,CUST00075,2025-01-10
SHOP0029,P00186,CUST00172,2025-03-18
SHOP0398,P00912,CUST00730,2025-04-13
SHOP0462,P00282,CUST00721,2025-01-18
SHOP0122,P00753,CUST00917,2025-01-30
SHOP0398,P00519,CUST00083,2025-01-27
SHOP0283,P00685,CUST00173,2025-01-14
SHOP0212,P00114,CUST00964,2025-04-14
SHOP0439,P00502,CUST00305,2025-04-01
SHOP0387,P00829,CUST00027,2025-05-03
SHOP0176,P00210,CUST00720,2025-04-08
SHOP0075,P00514,CUST00622,2025-01-20
SHOP0188,P00171,CUST00860,2025-03-28
SHOP0329,P00229,CUST00253,2025-02-20
SHOP0232,P00937,CUST00166,2025-01-10
SHOP0350,P00808,CUST00446,2025-01-13
SHOP0316,P00138,CUST00965,2025-02-21
SHOP0177,P00980,CUST00695,2025-02-05
SHOP0233,P00156,CUST00291,2025-03-27
SHOP0111,P00931,CUST00140,2025-01-18
SHOP0309,P00754,CUST00182,2025-04-10
SHOP0299,P00778,CUST00268,2025-05-02
SHOP0301,P00706,CUST00901,2025-05-04
SHOP0190,P00552,CUST00924,2025-02-28
SHOP0353,P00608,CUST00396,2025-01-29
SHOP0151,P00123,CUST00674,2025-03-07
SHOP0303,P00365,CUST00191,2025-04-04
SHOP0256,P00296,CUST00346,2025-04-11
SHOP0378,P00174,CUST00122,2025-03-09
SHOP0070,P00625,CUST00739,2025-04-29
SHOP0016,P00633,CUST00786,2025-02-14
SHOP0288,P00476,CUST00522,2025-03-30
SHOP0408,P00209,CUST00557,2025-03-20
SHOP0202,P00007,CUST00589,2025-05-09
SHOP0203,P00502,CUST00712,2025-01-24
SHOP0352,P00701,CUST00579,2025-03-20
SHOP0408,P00844,CUST00727,2025-01-03
SHOP0267,P00519,CUST00614,2025-04-13
SHOP0259,P00144,CUST00014,2025-03-13
SHOP0189,P00317,CUST00220,2025-04-05
SHOP0182,P00359,CUST00226,2025-01-15
SHOP0130,P00452,CUST00387,2025-03-02
SHOP0424,P00696,CUST00402,2025-03-09
SHOP0314,P00926,CUST00509,2025-05-07
SHOP0102,P00006,CUST00176,2025-03-09
SHOP0072,P00604,CUST00846,2025-02-08
SHOP0446,P00995,CUST00152,2025-01-11
SHOP0420,P00045,CUST00528,2025-01-25
SHOP0301,P00161,CUST00114,2025-04-03
SHOP0265,P00262,CUST00975,2025-03-20
SHOP0124,P00503,CUST00609,2025-04-01
SHOP0468,P00503,CUST00766,2025-01-12
SHOP0219,P00284,CUST00996,2025-02-28
SHOP0337,P00391,CUST00889,2025-05-01
SHOP0063,P00375,CUST00123,2025-05-02
SHOP0276,P00695,CUST00385,2025-02-27
SHOP0280,P00918,CUST00479,2025-01-29
SHOP0450,P00263,CUST00635,2025-01-29
SHOP0199,P00388,CUST00171,2025-05-09
SHOP0486,P00052,CUST00943,2025-02-01
SHOP0061,P00306,CUST00077,2025-02-25
SHOP0208,P00634,CUST00074,2025-01-26
SHOP0162,P00355,CUST00927,2025-04-22
SHOP0435,P00253,CUST00828,2025-01-24
SHOP0158,P00498,CUST00030,2025-04-14
SHOP0151,P00250,CUST00722,2025-03-04
SHOP0441,P00009,CUST00861,2025-05-10
SHOP0209,P00662,CUST00457,2025-03-08
SHOP0179,P00139,CUST00709,2025-01-13
SHOP0237,P00232,CUST00096,2025-02-22
SHOP0431,P00575,CUST00210,2025-03-09
SHOP0423,P00503,CUST00595,2025-03-23
SHOP0482,P00448,CUST00479,2025-04-02
SHOP0182,P00307,CUST00420,2025-02-14
SHOP0283,P00685,CUST00031,2025-03-19
SHOP0359,P00797,CUST00125,2025-03-12
SHOP0231,P00596,CUST00286,2025-01-09
SHOP0144,P00199,CUST00176,2025-03-11
SHOP0011,P00486,CUST00983,2025-01-31
SHOP0110,P00466,CUST00358,2025-04-21
SHOP0094,P00619,CUST00035,2025-01-07
SHOP0405,P00732,CUST00284,2025-04-15
SHOP0498,P00530,CUST00412,2025-03-11
SHOP0279,P00381,CUST00871,2025-02-27
SHOP0214,P00868,CUST00334,2025-01-09
SHOP0451,P00667,CUST00163,2025-03-09
SHOP0284,P00498,CUST00383,2025-03-13
SHOP0107,P00745,CUST00636,2025-04-14
SHOP0288,P00318,CUST00728,2025-01-17
SHOP0422,P00236,CUST00012,2025-03-09
SHOP0213,P00673,CUST00811,2025-02-25
SHOP0281,P00945,CUST00794,2025-05-04
SHOP0233,P00585,CUST00685,2025-01-24
SHOP0454,P00471,CUST00659,2025-02-06
SHOP0290,P00872,CUST00676,2025-01-03
SHOP0470,P00934,CUST00809,2025-03-07
SHOP0417,P00752,CUST00518,2025-02-26
SHOP0205,P00328,CUST00507,2025-03-01
SHOP0396,P00556,CUST00428,2025-02-16
SHOP0357,P00025,CUST00720,2025-04-04
SHOP0291,P00478,CUST00946,2025-01-28
SHOP0149,P00999,CUST00900,2025-02-20
SHOP0270,P00593,CUST00684,2025-01-02
SHOP0232,P00247,CUST00191,2025-03-10
SHOP0396,P00299,CUST00069,2025-04-12
SHOP0485,P00248,CUST00257,2025-03-16
SHOP0447,P00173,CUST00216,2025-04-25
SHOP0268,P00285,CUST00364,2025-04-07
SHOP0453,P00774,CUST00121,2025-02-13
SHOP0318,P00102,CUST00873,2025-02-11
SHOP0303,P00976,CUST00953,2025-02-01
SHOP0188,P00914,CUST00582,2025-04-27
SHOP0189,P00003,CUST00203,2025-03-06
SHOP0005,P00062,CUST00316,2025-01-27
SHOP0093,P00538,CUST00212,2025-04-04
SHOP0265,P00262,CUST00463,2025-03-26
SHOP0368,P00043,CUST00326,2025-03-18
SHOP0317,P00457,CUST00514,2025-01-29
SHOP0230,P00911,CUST00995,2025-02-02
SHOP0360,P00249,CUST00734,2025-02-22
SHOP0078,P00740,CUST00412,2025-03-19
SHOP0349,P00956,CUST00453,2025-03-28
SHOP0441,P00212,CUST00165,2025-04-04
SHOP0359,P00492,CUST00456,2025-03-21
SHOP0372,P00846,CUST00462,2025-01-29
SHOP0123,P00486,CUST00841,2025-05-02
SHOP0368,P00880,CUST00742,2025-03-23
SHOP0108,P00546,CUST00512,2025-02-13
SHOP0232,P00247,CUST00778,2025-05-02
SHOP0117,P00048,CUST00805,2025-01-25
SHOP0378,P00503,CUST00632,2025-03-26
SHOP0458,P00154,CUST00678,2025-03-12
SHOP0340,P00956,CUST00327,2025-02-11
SHOP0068,P00632,CUST00798,2025-03-31
SHOP0475,P00328,CUST00344,2025-05-07
SHOP0435,P00265,CUST00528,2025-02-04
SHOP0024,P00153,CUST00137,2025-01-13
SHOP0360,P00765,CUST00928,2025-03-29
SHOP0465,P00118,CUST00371,2025-05-09
SHOP0230,P00628,CUST00028,2025-01-22
SHOP0134,P00207,CUST00327,2025-04-05
SHOP0313,P00986,CUST00866,2025-01-07
SHOP0425,P00351,CUST00752,2025-02-23
SHOP0317,P00452,CUST00766,2025-02-18
SHOP0486,P00199,CUST00709,2025-03-04
SHOP0443,P00816,CUST00170,2025-02-22
SHOP0324,P00042,CUST00437,2025-01-14
SHOP0170,P00250,CUST00374,2025-04-28
SHOP0315,P00583,CUST00050,2025-03-17
SHOP0394,P00158,CUST00281,2025-01-21
SHOP0104,P00430,CUST00019,2025-03-08
SHOP0347,P00800,CUST00901,2025-01-30
SHOP0255,P00852,CUST00367,2025-04-24
SHOP0390,P00967,CUST00890,2025-04-18
SHOP0288,P00047,CUST00614,2025-03-22
SHOP0071,P00998,CUST00113,2025-03-12
SHOP0105,P00400,CUST00727,2025-03-07
SHOP0056,P00822,CUST00924,2025-05-10
SHOP0177,P00718,CUST00076,2025-03-18
SHOP0259,P00627,CUST00950,2025-01-30
SHOP0276,P00183,CUST00868,2025-04-10
SHOP0176,P00417,CUST00219,2025-02-08
SHOP0089,P00882,CUST00129,2025-03-20
SHOP0423,P00391,CUST00127,2025-03-25
SHOP0071,P00591,CUST00319,2025-05-07
SHOP0437,P00767,CUST00118,2025-01-16
SHOP0418,P00913,CUST00623,2025-01-28
SHOP0048,P00943,CUST00025,2025-05-08
SHOP0142,P00645,CUST00480,2025-03-10
SHOP0212,P00178,CUST00417,2025-02-13
SHOP0422,P00356,CUST00879,2025-03-05
SHOP0253,P00228,CUST00823,2025-02-28
SHOP0240,P00529,CUST00450,2025-02-18
SHOP0304,P00158,CUST00144,2025-03-31
SHOP0339,P00895,CUST00080,2025-02-02
SHOP0237,P00724,CUST00651,2025-01-04
SHOP0468,P00305,CUST00165,2025-02-18
SHOP0227,P00066,CUST00780,2025-04-15
SHOP0314,P00344,CUST00406,2025-02-05
SHOP0442,P00114,CUST00495,2025-01-11
SHOP0389,P00686,CUST00828,2025-01-19
SHOP0170,P00135,CUST00664,2025-04-18
SHOP0124,P00780,CUST00314,2025-03-05
SHOP0138,P00849,CUST00546,2025-05-07
SHOP0230,P00191,CUST00573,2025-04-16
SHOP0383,P00203,CUST00900,2025-03-05
SHOP0435,P00253,CUST00950,2025-01-24
SHOP0302,P00912,CUST00658,2025-04-02
SHOP0037,P00511,CUST00067,2025-01-18
SHOP0364,P00513,CUST00525,2025-05-02
SHOP0325,P00313,CUST00713,2025-02-08
SHOP0192,P00004,CUST00042,2025-05-02
SHOP0269,P00035,CUST00979,2025-01-15
SHOP0412,P00028,CUST00304,2025-01-01
SHOP0018,P00206,CUST00133,2025-01-14
SHOP0226,P00649,CUST00036,2025-04-07
SHOP0375,P00667,CUST00041,2025-04-14
SHOP0077,P00951,CUST00648,2025-01-13
SHOP0222,P00879,CUST00674,2025-04-26
SHOP0016,P00911,CUST00746,2025-02-23
SHOP0209,P00370,CUST00656,2025-01-03
SHOP0038,P00225,CUST00247,2025-05-04
SHOP0092,P00470,CUST00818,2025-01-25
SHOP0267,P00489,CUST00080,2025-01-05
SHOP0203,P00146,CUST00808,2025-02-28
SHOP0246,P00346,CUST00257,2025-04-09
SHOP0009,P00688,CUST00830,2025-04-27
SHOP0227,P00079,CUST00465,2025-04-20
SHOP0141,P00671,CUST00261,2025-05-03
SHOP0306,P00856,CUST00163,2025-03-19
SHOP0042,P00746,CUST00831,2025-01-02
SHOP0408,P00436,CUST00382,2025-03-19
SHOP0075,P00891,CUST00304,2025-03-24
SHOP0313,P00493,CUST00604,2025-01-24
SHOP0036,P00536,CUST00972,2025-03-30
SHOP0004,P00204,CUST00073,2025-03-01
SHOP0157,P00180,CUST00653,2025-03-07
SHOP0002,P00576,CUST00376,2025-01-31
SHOP0291,P00071,CUST00071,2025-02-18
SHOP0267,P00489,CUST00172,2025-05-06
SHOP0108,P00296,CUST00448,2025-04-15
SHOP0388,P00784,CUST00564,2025-01-14
SHOP0241,P00142,CUST00653,2025-02-06
SHOP0217,P00354,CUST00756,2025-02-11
SHOP0221,P00032,CUST00321,2025-02-13
SHOP0419,P00582,CUST00932,2025-02-25
SHOP0096,P00883,CUST00212,2025-01-16
SHOP0112,P00099,CUST00231,2025-01-21
SHOP0422,P00076,CUST00136,2025-03-23
SHOP0297,P00450,CUST00943,2025-04-05
SHOP0133,P00123,CUST00872,2025-02-21
SHOP0074,P00292,CUST00767,2025-03-31
SHOP0415,P00804,CUST00016,2025-03-03
SHOP0077,P00840,CUST00197,2025-01-23
SHOP0224,P00998,CUST00671,2025-02-23
SHOP0362,P00340,CUST00958,2025-04-05
SHOP0163,P00447,CUST00163,2025-03-29
SHOP0478,P00586,CUST00298,2025-02-12
SHOP0400,P00131,CUST00542,2025-02-23
SHOP0359,P00985,CUST00290,2025-04-03
SHOP0237,P00907,CUST00704,2025-02-24
SHOP0145,P00399,CUST00837,2025-04-20
SHOP0056,P00822,CUST00455,2025-04-28
SHOP0001,P00627,CUST00754,2025-05-03
SHOP0308,P00808,CUST00992,2025-03-19
SHOP0428,P00833,CUST00855,2025-03-17
SHOP0179,P00700,CUST00167,2025-01-04
SHOP0300,P00102,CUST00244,2025-05-06
SHOP0236,P00651,CUST00188,2025-04-07
SHOP0405,P00464,CUST00255,2025-03-14
SHOP0375,P00030,CUST00039,2025-03-29
SHOP0117,P00267,CUST00935,2025-03-25
SHOP0000,P00411,CUST00013,2025-02-20
SHOP0211,P00561,CUST00732,2025-05-08
SHOP0390,P00163,CUST00150,2025-03-12
SHOP0066,P00526,CUST00718,2025-01-20
SHOP0188,P00267,CUST00994,2025-01-10
SHOP0055,P00687,CUST00323,2025-02-11
SHOP0421,P00175,CUST00212,2025-01-25
SHOP0220,P00767,CUST00432,2025-02-22
SHOP0483,P00178,CUST00709,2025-03-20
SHOP0207,P00404,CUST00199,2025-03-05
SHOP0278,P00557,CUST00364,2025-01-10
SHOP0324,P00541,CUST00505,2025-02-14
SHOP0271,P00119,CUST00387,2025-02-09
SHOP0165,P00855,CUST00639,2025-05-02
SHOP0424,P00715,CUST00521,2025-03-19
SHOP0054,P00274,CUST00086,2025-03-01
SHOP0300,P00309,CUST00517,2025-04-22
SHOP0428,P00683,CUST00089,2025-03-26
SHOP0423,P00464,CUST00927,2025-02-01
SHOP0237,P00974,CUST00621,2025-01-02
SHOP0037,P00155,CUST00117,2025-04-15
SHOP0326,P00095,CUST00781,2025-02-02
SHOP0348,P00029,CUST00400,2025-01-29
SHOP0102,P00019,CUST00004,2025-03-27
SHOP0248,P00520,CUST00175,2025-05-10
SHOP0464,P00228,CUST00410,2025-03-19
SHOP0297,P00666,CUST00942,2025-01-14
SHOP0424,P00739,CUST00868,2025-02-08
SHOP0216,P00795,CUST00044,2025-01-20
SHOP0459,P00217,CUST00040,2025-03-22
SHOP0063,P00561,CUST00317,2025-01-24
SHOP0349,P00383,CUST00990,2025-04-07
SHOP0249,P00397,CUST00601,2025-04-03
SHOP0356,P00419,CUST00877,2025-02-19
SHOP0120,P00798,CUST00368,2025-05-08
SHOP0403,P00554,CUST00942,2025-03-15
SHOP0164,P00086,CUST00765,2025-03-16
SHOP0342,P00709,CUST00009,2025-03-11
SHOP0067,P00815,CUST00408,2025-03-08
SHOP0107,P00472,CUST00814,2025-03-30
SHOP0103,P00532,CUST00640,2025-05-08
SHOP0058,P00248,CUST00878,2025-02-21
SHOP0143,P00987,CUST00819,2025-02-05
SHOP0431,P00481,CUST00316,2025-01-15
SHOP0450,P00299,CUST00169,2025-01-27
SHOP0466,P00873,CUST00414,2025-04-28
SHOP0187,P00874,CUST00865,2025-01-03
SHOP0075,P00494,CUST00483,2025-05-06
SHOP0133,P00123,CUST00893,2025-04-05
SHOP0199,P00339,CUST00857,2025-04-27
SHOP0418,P00832,CUST00051,2025-02-07
SHOP0487,P00546,CUST00107,2025-01-22
SHOP0116,P00781,CUST00304,2025-01-22
SHOP0225,P00232,CUST00656,2025-05-06
SHOP0236,P00775,CUST00458,2025-01-21
SHOP0325,P00240,CUST00557,2025-02-28
SHOP0074,P00165,CUST00102,2025-01-26
SHOP0471,P00769,CUST00501,2025-04-15
SHOP0174,P00091,CUST00622,2025-03-05
SHOP0494,P00415,CUST00843,2025-03-18
SHOP0187,P00198,CUST00021,2025-03-06
SHOP0432,P00970,CUST00837,2025-04-22
SHOP0095,P00569,CUST00349,2025-03-12
SHOP0056,P00303,CUST00091,2025-03-10
SHOP0252,P00952,CUST00017,2025-01-23
SHOP0471,P00638,CUST00368,2025-01-26
SHOP0172,P00161,CUST00409,2025-04-21
SHOP0086,P00539,CUST00413,2025-01-14
SHOP0229,P00990,CUST00603,2025-04-03
SHOP0251,P00371,CUST00485,2025-02-22
SHOP0459,P00434,CUST00267,2025-02-26
SHOP0123,P00851,CUST00112,2025-01-14
SHOP0322,P00910,CUST00561,2025-02-27
SHOP0127,P00789,CUST00813,2025-04-06
SHOP0027,P00466,CUST00113,2025-04-21
SHOP0491,P00570,CUST00411,2025-02-28
SHOP0430,P00947,CUST00042,2025-02-15
SHOP0433,P00795,CUST00248,2025-03-31
SHOP0445,P00965,CUST00501,2025-03-20
SHOP0186,P00642,CUST00392,2025-02-18
SHOP0330,P00171,CUST00660,2025-01-15
SHOP0055,P00365,CUST00719,2025-02-10
SHOP0337,P00302,CUST00672,2025-03-29
SHOP0439,P00618,CUST00542,2025-01-04
SHOP0256,P00545,CUST00659,2025-04-14
SHOP0475,P00506,CUST00518,2025-04-11
SHOP0359,P00628,CUST00801,2025-02-13
SHOP0046,P00298,CUST00211,2025-01-31
SHOP0043,P00192,CUST00037,2025-01-14
SHOP0450,P00168,CUST00186,2025-04-07
SHOP0471,P00769,CUST00281,2025-02-11
SHOP0159,P00251,CUST00216,2025-02-10
SHOP0072,P00895,CUST00201,2025-04-27
SHOP0134,P00950,CUST00693,2025-02-18
SHOP0313,P00493,CUST00498,2025-02-08
SHOP0241,P00292,CUST00299,2025-03-14
SHOP0315,P00369,CUST00260,2025-03-27
SHOP0115,P00228,CUST00646,2025-04-06
SHOP0424,P00313,CUST00287,2025-04-21
SHOP0168,P00193,CUST00281,2025-02-18
SHOP0285,P00248,CUST00842,2025-03-22
SHOP0254,P00882,CUST00348,2025-01-17
SHOP0157,P00451,CUST00105,2025-01-03
SHOP0143,P00990,CUST00526,2025-04-25
SHOP0188,P00845,CUST00849,2025-02-23
SHOP0331,P00105,CUST00121,2025-01-05
SHOP0020,P00585,CUST00810,2025-05-08
SHOP0468,P00593,CUST00736,2025-02-19
SHOP0110,P00891,CUST00345,2025-02-21
SHOP0217,P00483,CUST00510,2025-04-18
SHOP0390,P00843,CUST00248,2025-04-30
SHOP0448,P00132,CUST00753,2025-03-06
SHOP0280,P00607,CUST00098,2025-04-23
SHOP0409,P00165,CUST00922,2025-04-01
SHOP0479,P00170,CUST00517,2025-05-10
SHOP0045,P00988,CUST00937,2025-03-26
SHOP0099,P00546,CUST00106,2025-05-03
SHOP0250,P00575,CUST00771,2025-02-11
SHOP0463,P00250,CUST00062,2025-05-05
SHOP0332,P00647,CUST00193,2025-02-26
SHOP0102,P00037,CUST00680,2025-02-21
SHOP0040,P00454,CUST00380,2025-01-18
SHOP0461,P00887,CUST00350,2025-03-15
SHOP0445,P00857,CUST00927,2025-03-03
SHOP0171,P00037,CUST00035,2025-01-29
SHOP0390,P00843,CUST00885,2025-03-16
SHOP0420,P00410,CUST00065,2025-02-21
SHOP0391,P00101,CUST00685,2025-05-06
SHOP0159,P00025,CUST00248,2025-01-04
SHOP0118,P00751,CUST00401,2025-01-10
SHOP0186,P00348,CUST00787,2025-03-03
SHOP0062,P00229,CUST00080,2025-01-16
SHOP0348,P00000,CUST00442,2025-02-18
SHOP0231,P00398,CUST00586,2025-04-28
SHOP0111,P00013,CUST00279,2025-03-15
SHOP0328,P00190,CUST00620,2025-03-04
SHOP0102,P00019,CUST00599,2025-04-21
SHOP0039,P00598,CUST00980,2025-01-31
SHOP0138,P00206,CUST00905,2025-02-27
SHOP0043,P00035,CUST00628,2025-04-12
SHOP0068,P00599,CUST00600,2025-01-14
SHOP0343,P00612,CUST00019,2025-04-25
SHOP0300,P00897,CUST00548,2025-03-19
SHOP0394,P00007,CUST00012,2025-01-22
SHOP0386,P00827,CUST00078,2025-03-10
SHOP0447,P00587,CUST00621,2025-03-05
SHOP0304,P00952,CUST00814,2025-03-06
SHOP0465,P00465,CUST00203,2025-04-27
SHOP0007,P00874,CUST00104,2025-03-06
SHOP0356,P00935,CUST00046,2025-04-20
SHOP0463,P00250,CUST00840,2025-02-07
SHOP0060,P00482,CUST00374,2025-04-10
SHOP0228,P00073,CUST00924,2025-01-15
SHOP0339,P00181,CUST00005,2025-01-30
SHOP0134,P00012,CUST00530,2025-02-20
SHOP0423,P00503,CUST00228,2025-05-04
SHOP0414,P00911,CUST00126,2025-04-26
SHOP0410,P00973,CUST00157,2025-05-09
SHOP0101,P00949,CUST00988,2025-02-05
SHOP0435,P00566,CUST00998,2025-04-28
SHOP0374,P00700,CUST00098,2025-01-01
SHOP0269,P00369,CUST00249,2025-03-21
SHOP0355,P00884,CUST00024,2025-04-21
SHOP0407,P00095,CUST00535,2025-03-08
SHOP0463,P00713,CUST00250,2025-03-19
SHOP0153,P00833,CUST00813,2025-04-30
SHOP0155,P00898,CUST00021,2025-01-13
SHOP0364,P00513,CUST00440,2025-01-31
SHOP0297,P00666,CUST00224,2025-02-05
SHOP0179,P00933,CUST00018,2025-05-03
SHOP0110,P00891,CUST00185,2025-03-07
SHOP0416,P00039,CUST00208,2025-04-17
SHOP0324,P00350,CUST00496,2025-01-18
SHOP0032,P00954,CUST00511,2025-02-20
SHOP0204,P00863,CUST00722,2025-02-27
SHOP0125,P00865,CUST00776,2025-04-04
SHOP0364,P00126,CUST00416,2025-02-03
SHOP0421,P00410,CUST00086,2025-05-07
SHOP0094,P00054,CUST00276,2025-05-10
SHOP0148,P00712,CUST00039,2025-01-30
SHOP0176,P00983,CUST00389,2025-04-04
SHOP0257,P00972,CUST00239,2025-01-21
SHOP0179,P00695,CUST00580,2025-03-20
SHOP0118,P00146,CUST00592,2025-04-15
SHOP0048,P00233,CUST00760,2025-03-18
SHOP0086,P00723,CUST00447,2025-04-26
SHOP0043,P00563,CUST00526,2025-02-24
SHOP0475,P00328,CUST00163,2025-04-21
SHOP0449,P00560,CUST00487,2025-03-25
SHOP0116,P00677,CUST00560,2025-01-05
SHOP0305,P00805,CUST00478,2025-04-06
SHOP0212,P00178,CUST00512,2025-03-04
SHOP0457,P00845,CUST00819,2025-04-25
SHOP0462,P00620,CUST00778,2025-01-29
SHOP0260,P00372,CUST00171,2025-01-02
SHOP0163,P00331,CUST00667,2025-04-03
SHOP0376,P00494,CUST00620,2025-04-26
SHOP0082,P00672,CUST00649,2025-02-22
SHOP0219,P00439,CUST00181,2025-01-26
SHOP0073,P00234,CUST00465,2025-03-20
SHOP0135,P00823,CUST00132,2025-05-09
SHOP0205,P00233,CUST00098,2025-04-24
SHOP0182,P00758,CUST00092,2025-03-18
SHOP0065,P00957,CUST00895,2025-03-25
SHOP0301,P00414,CUST00869,2025-04-24
SHOP0138,P00185,CUST00953,2025-01-01
SHOP0040,P00304,CUST00853,2025-03-21
SHOP0425,P00253,CUST00214,2025-02-11
SHOP0102,P00327,CUST00786,2025-04-16
SHOP0355,P00981,CUST00060,2025-02-25
SHOP0363,P00590,CUST00532,2025-04-25
SHOP0072,P00685,CUST00682,2025-05-02
SHOP0064,P00008,CUST00679,2025-02-28
SHOP0076,P00143,CUST00372,2025-01-31
SHOP0187,P00874,CUST00850,2025-04-10
SHOP0340,P00414,CUST00574,2025-04-19
SHOP0037,P00464,CUST00258,2025-04-05
SHOP0453,P00016,CUST00256,2025-04-15
SHOP0405,P00339,CUST00848,2025-01-07
SHOP0475,P00358,CUST00460,2025-02-14
SHOP0432,P00373,CUST00707,2025-02-02
SHOP0018,P00206,CUST00618,2025-03-25
SHOP0411,P00861,CUST00098,2025-05-06
SHOP0107,P00745,CUST00960,2025-02-08
SHOP0492,P00695,CUST00298,2025-04-02
SHOP0267,P00549,CUST00256,2025-04-19
SHOP0075,P00941,CUST00411,2025-01-09
SHOP0109,P00229,CUST00916,2025-05-08
SHOP0074,P00588,CUST00088,2025-03-08
SHOP0007,P00408,CUST00456,2025-04-22
SHOP0044,P00610,CUST00169,2025-03-28
SHOP0463,P00315,CUST00768,2025-02-14
SHOP0399,P00826,CUST00237,2025-04-05
SHOP0411,P00861,CUST00203,2025-02-07
SHOP0388,P00784,CUST00210,2025-01-09
SHOP0177,P00647,CUST00400,2025-03-05
SHOP0133,P00242,CUST00631,2025-02-09
SHOP0487,P00603,CUST00786,2025-04-09
SHOP0249,P00877,CUST00597,2025-03-08
SHOP0141,P00671,CUST00991,2025-01-25
SHOP0316,P00201,CUST00505,2025-03-17
SHOP0439,P00838,CUST00376,2025-03-31
SHOP0134,P00415,CUST00328,2025-02-21
SHOP0310,P00946,CUST00877,2025-04-10
SHOP0228,P00815,CUST00891,2025-02-23
SHOP0479,P00170,CUST00751,2025-02-23
SHOP0143,P00747,CUST00851,2025-03-23
SHOP0051,P00023,CUST00185,2025-03-25
SHOP0403,P00635,CUST00965,2025-04-11
SHOP0029,P00939,CUST00337,2025-03-14
SHOP0412,P00028,CUST00943,2025-04-22
SHOP0134,P00992,CUST00011,2025-01-25
SHOP0383,P00472,CUST00655,2025-03-19
SHOP0076,P00580,CUST00239,2025-03-27
SHOP0415,P00796,CUST00840,2025-03-07
SHOP0344,P00281,CUST00652,2025-03-17
SHOP0145,P00490,CUST00847,2025-03-28
SHOP0454,P00779,CUST00409,2025-04-25
SHOP0470,P00229,CUST00054,2025-02-26
SHOP0367,P00716,CUST00374,2025-04-11
SHOP0026,P00430,CUST00355,2025-01-28
SHOP0094,P00619,CUST00070,2025-04-11
SHOP0323,P00674,CUST00329,2025-04-04
SHOP0086,P00192,CUST00552,2025-01-17
SHOP0419,P00766,CUST00112,2025-04-10
SHOP0239,P00336,CUST00588,2025-01-07
SHOP0192,P00108,CUST00893,2025-02-24
SHOP0339,P00535,CUST00565,2025-02-01
SHOP0075,P00768,CUST00096,2025-02-27
SHOP0215,P00005,CUST00673,2025-03-12
SHOP0272,P00022,CUST00502,2025-03-11
SHOP0480,P00232,CUST00404,2025-03-19
SHOP0197,P00206,CUST00635,2025-03-10
SHOP0310,P00227,CUST00010,2025-04-08
SHOP0286,P00534,CUST00423,2025-01-24
SHOP0200,P00788,CUST00775,2025-01-11
SHOP0283,P00494,CUST00519,2025-02-11
SHOP0219,P00072,CUST00392,2025-01-27
SHOP0001,P00691,CUST00940,2025-04-28
SHOP0461,P00197,CUST00275,2025-03-04
SHOP0169,P00665,CUST00108,2025-02-25
SHOP0121,P00776,CUST00533,2025-03-15
SHOP0010,P00864,CUST00075,2025-02-08
SHOP0136,P00798,CUST00080,2025-04-03
SHOP0024,P00153,CUST00615,2025-04-14
SHOP0198,P00063,CUST00446,2025-04-22
SHOP0078,P00998,CUST00218,2025-04-24
SHOP0324,P00183,CUST00098,2025-03-20
SHOP0376,P00861,CUST00717,2025-03-31
SHOP0203,P00121,CUST00685,2025-01-20
SHOP0320,P00890,CUST00425,2025-04-11
SHOP0018,P00265,CUST00440,2025-01-25
SHOP0118,P00751,CUST00021,2025-01-13
SHOP0355,P00497,CUST00258,2025-03-24
SHOP0388,P00547,CUST00112,2025-01-25
SHOP0376,P00605,CUST00714,2025-01-16
SHOP0479,P00170,CUST00085,2025-04-22
SHOP0485,P00835,CUST00627,2025-01-20
SHOP0320,P00981,CUST00611,2025-01-03
SHOP0487,P00612,CUST00144,2025-04-13
SHOP0440,P00295,CUST00558,2025-03-31
SHOP0103,P00252,CUST00516,2025-04-02
SHOP0047,P00610,CUST00828,2025-02-14
SHOP0469,P00301,CUST00870,2025-02-07
SHOP0016,P00446,CUST00913,2025-04-16
SHOP0253,P00310,CUST00445,2025-02-27
SHOP0363,P00221,CUST00940,2025-01-31
SHOP0267,P00519,CUST00504,2025-02-13
SHOP0390,P00068,CUST00619,2025-01-08
SHOP0048,P00233,CUST00827,2025-03-29
SHOP0006,P00431,CUST00477,2025-04-14
SHOP0491,P00020,CUST00710,2025-03-03
SHOP0331,P00105,CUST00266,2025-03-19
SHOP0348,P00973,CUST00975,2025-03-22
SHOP0038,P00148,CUST00560,2025-02-13
SHOP0084,P00321,CUST00834,2025-02-14
SHOP0331,P00570,CUST00924,2025-02-19
SHOP0256,P00553,CUST00041,2025-04-13
SHOP0077,P00342,CUST00579,2025-02-22
SHOP0422,P00558,CUST00844,2025-03-13
SHOP0290,P00432,CUST00036,2025-05-10
SHOP0328,P00098,CUST00680,2025-03-25
SHOP0232,P00946,CUST00703,2025-03-24
SHOP0005,P00804,CUST00084,2025-02-07
SHOP0244,P00210,CUST00651,2025-02-18
SHOP0466,P00107,CUST00112,2025-03-06
SHOP0137,P00483,CUST00990,2025-01-15
SHOP0348,P00011,CUST00160,2025-04-06
SHOP0181,P00942,CUST00817,2025-05-03
SHOP0308,P00998,CUST00034,2025-04-12
SHOP0489,P00647,CUST00811,2025-02-19
SHOP0284,P00566,CUST00904,2025-03-05
SHOP0137,P00422,CUST00522,2025-01-30
SHOP0062,P00815,CUST00674,2025-02-27
SHOP0001,P00986,CUST00856,2025-03-20
SHOP0063,P00920,CUST00232,2025-05-09
SHOP0241,P00522,CUST00899,2025-05-05
SHOP0169,P00880,CUST00320,2025-04-16
SHOP0404,P00760,CUST00063,2025-03-12
SHOP0270,P00174,CUST00688,2025-05-04
SHOP0403,P00402,CUST00624,2025-05-01
SHOP0369,P00388,CUST00621,2025-02-15
SHOP0146,P00598,CUST00132,2025-02-26
SHOP0348,P00842,CUST00520,2025-05-04
SHOP0339,P00062,CUST00692,2025-02-08
SHOP0313,P00905,CUST00141,2025-04-22
SHOP0346,P00742,CUST00305,2025-04-21
SHOP0066,P00050,CUST00260,2025-05-06
SHOP0098,P00050,CUST00070,2025-01-22
SHOP0451,P00245,CUST00880,2025-03-16
SHOP0028,P00897,CUST00641,2025-04-27
SHOP0291,P00478,CUST00741,2025-03-26
SHOP0072,P00604,CUST00066,2025-01-20
SHOP0334,P00247,CUST00996,2025-04-15
SHOP0034,P00561,CUST00031,2025-03-27
SHOP0048,P00926,CUST00164,2025-03-02
SHOP0374,P00891,CUST00098,2025-01-10
SHOP0420,P00856,CUST00327,2025-04-19
SHOP0433,P00795,CUST00059,2025-01-25
SHOP0379,P00053,CUST00053,2025-02-19
SHOP0388,P00902,CUST00692,2025-01-11
SHOP0114,P00350,CUST00674,2025-01-19
SHOP0190,P00307,CUST00385,2025-02-05
SHOP0282,P00021,CUST00806,2025-04-18
SHOP0386,P00161,CUST00329,2025-02-05
SHOP0135,P00797,CUST00893,2025-05-06
SHOP0315,P00264,CUST00396,2025-01-22
SHOP0045,P00988,CUST00377,2025-01-30
SHOP0487,P00677,CUST00676,2025-03-16
SHOP0309,P00144,CUST00716,2025-03-05
SHOP0233,P00251,CUST00142,2025-02-20
SHOP0066,P00050,CUST00865,2025-01-14
SHOP0429,P00360,CUST00720,2025-05-10
SHOP0067,P00725,CUST00411,2025-02-22
SHOP0135,P00787,CUST00797,2025-04-27
SHOP0133,P00373,CUST00103,2025-03-22
SHOP0450,P00882,CUST00563,2025-01-07
SHOP0388,P00386,CUST00730,2025-04-18
SHOP0014,P00142,CUST00746,2025-03-19
SHOP0201,P00135,CUST00933,2025-04-10
SHOP0371,P00950,CUST00216,2025-02-22
SHOP0154,P00276,CUST00118,2025-04-26
SHOP0484,P00586,CUST00131,2025-03-08
SHOP0418,P00017,CUST00126,2025-05-10
SHOP0307,P00793,CUST00168,2025-04-07
SHOP0458,P00759,CUST00138,2025-01-11
SHOP0276,P00428,CUST00983,2025-03-02
SHOP0146,P00922,CUST00682,2025-03-25
SHOP0425,P00710,CUST00688,2025-05-07
SHOP0148,P00900,CUST00088,2025-01-05
SHOP0169,P00657,CUST00143,2025-01-20
SHOP0027,P00466,CUST00571,2025-02-15
SHOP0255,P00282,CUST00712,2025-04-01
SHOP0360,P00247,CUST00886,2025-03-06
SHOP0260,P00622,CUST00817,2025-03-17
SHOP0106,P00463,CUST00144,2025-01-01
SHOP0265,P00712,CUST00183,2025-01-27
SHOP0228,P00331,CUST00796,2025-04-07
SHOP0068,P00466,CUST00222,2025-01-31
SHOP0410,P00343,CUST00986,2025-01-07
SHOP0011,P00571,CUST00185,2025-04-07
SHOP0275,P00247,CUST00971,2025-02-14
SHOP0243,P00870,CUST00003,2025-04-26
SHOP0353,P00809,CUST00866,2025-05-03
SHOP0176,P00532,CUST00977,2025-01-10
SHOP0075,P00514,CUST00835,2025-05-01
SHOP0424,P00123,CUST00941,2025-01-27
SHOP0134,P00814,CUST00330,2025-05-06
SHOP0163,P00246,CUST00200,2025-03-05
SHOP0034,P00373,CUST00372,2025-05-06
SHOP0426,P00150,CUST00542,2025-03-17
SHOP0248,P00119,CUST00020,2025-02-07
SHOP0290,P00889,CUST00336,2025-02-02
SHOP0462,P00475,CUST00092,2025-02-05
SHOP0492,P00024,CUST00126,2025-04-17
SHOP0483,P00302,CUST00912,2025-01-15
SHOP0300,P00975,CUST00756,2025-01-15
SHOP0458,P00685,CUST00600,2025-03-12
SHOP0367,P00306,CUST00637,2025-03-03
SHOP0086,P00464,CUST00762,2025-03-29
SHOP0123,P00321,CUST00583,2025-01-09
SHOP0325,P00240,CUST00712,2025-03-24
SHOP0342,P00071,CUST00425,2025-03-04
SHOP0201,P00360,CUST00850,2025-03-14
SHOP0375,P00700,CUST00778,2025-02-04
SHOP0217,P00231,CUST00193,2025-03-30
SHOP0254,P00778,CUST00079,2025-01-13
SHOP0173,P00050,CUST00923,2025-02-22
SHOP0362,P00734,CUST00501,2025-03-05
SHOP0375,P00143,CUST00260,2025-02-15
SHOP0263,P00396,CUST00759,2025-03-31
SHOP0407,P00317,CUST00896,2025-02-23
SHOP0487,P00921,CUST00260,2025-01-28
SHOP0062,P00743,CUST00610,2025-04-14
SHOP0305,P00467,CUST00558,2025-03-30
SHOP0264,P00218,CUST00269,2025-04-23
SHOP0325,P00313,CUST00500,2025-03-29
SHOP0007,P00823,CUST00118,2025-02-21
SHOP0197,P00657,CUST00333,2025-03-21
SHOP0284,P00868,CUST00342,2025-03-25
SHOP0302,P00478,CUST00063,2025-01-10
SHOP0290,P00856,CUST00842,2025-01-02
SHOP0314,P00612,CUST00423,2025-05-05
SHOP0134,P00564,CUST00736,2025-03-19
SHOP0067,P00815,CUST00825,2025-02-12
SHOP0329,P00343,CUST00409,2025-02-10
SHOP0314,P00581,CUST00645,2025-05-10
SHOP0393,P00700,CUST00505,2025-03-22
SHOP0158,P00543,CUST00484,2025-03-06
SHOP0404,P00125,CUST00467,2025-02-22
SHOP0340,P00023,CUST00852,2025-01-01
SHOP0441,P00062,CUST00804,2025-03-15
SHOP0355,P00908,CUST00479,2025-03-24
SHOP0290,P00084,CUST00364,2025-02-05
SHOP0341,P00552,CUST00740,2025-03-16
SHOP0371,P00224,CUST00001,2025-03-13
SHOP0395,P00276,CUST00729,2025-01-04
SHOP0404,P00151,CUST00629,2025-02-24
SHOP0227,P00345,CUST00481,2025-03-10
SHOP0176,P00516,CUST00471,2025-01-21
SHOP0152,P00555,CUST00727,2025-01-25
SHOP0146,P00598,CUST00689,2025-01-31
SHOP0047,P00898,CUST00557,2025-01-05
SHOP0383,P00980,CUST00197,2025-04-08
SHOP0121,P00990,CUST00072,2025-03-19
SHOP0108,P00985,CUST00465,2025-04-12
SHOP0300,P00108,CUST00359,2025-01-02
SHOP0040,P00192,CUST00793,2025-04-21
SHOP0296,P00213,CUST00284,2025-04-12
SHOP0273,P00634,CUST00814,2025-04-26
SHOP0367,P00258,CUST00819,2025-01-20
SHOP0002,P00884,CUST00732,2025-03-17
SHOP0015,P00970,CUST00331,2025-03-17
SHOP0423,P00632,CUST00822,2025-03-04
SHOP0373,P00542,CUST00562,2025-01-09
SHOP0430,P00983,CUST00133,2025-02-01
SHOP0009,P00884,CUST00940,2025-03-15
SHOP0389,P00544,CUST00330,2025-03-26
SHOP0445,P00496,CUST00982,2025-05-08
SHOP0174,P00466,CUST00692,2025-03-19
SHOP0479,P00137,CUST00751,2025-04-01
SHOP0387,P00829,CUST00275,2025-04-02
SHOP0081,P00694,CUST00548,2025-01-01
SHOP0049,P00326,CUST00641,2025-01-14
SHOP0255,P00723,CUST00591,2025-02-15
SHOP0192,P00052,CUST00785,2025-03-27
SHOP0028,P00079,CUST00127,2025-01-20
SHOP0452,P00816,CUST00091,2025-05-08
SHOP0340,P00414,CUST00315,2025-04-01
SHOP0365,P00936,CUST00724,2025-04-15
SHOP0005,P00407,CUST00418,2025-04-29
SHOP0102,P00422,CUST00798,2025-03-10
SHOP0263,P00192,CUST00522,2025-03-21
SHOP0185,P00253,CUST00410,2025-05-09
SHOP0051,P00026,CUST00340,2025-02-10
SHOP0350,P00780,CUST00141,2025-02-23
SHOP0443,P00029,CUST00035,2025-02-21
SHOP0134,P00667,CUST00245,2025-01-28
SHOP0309,P00356,CUST00795,2025-05-07
SHOP0399,P00704,CUST00691,2025-04-23
SHOP0397,P00903,CUST00152,2025-03-11
SHOP0303,P00332,CUST00856,2025-04-20
SHOP0457,P00734,CUST00262,2025-03-19
SHOP0151,P00634,CUST00541,2025-04-18
SHOP0268,P00721,CUST00573,2025-02-24
SHOP0472,P00473,CUST00148,2025-04-13
SHOP0427,P00959,CUST00643,2025-05-04
SHOP0442,P00597,CUST00842,2025-01-31
SHOP0007,P00496,CUST00276,2025-03-03
SHOP0187,P00694,CUST00061,2025-05-02
SHOP0135,P00797,CUST00293,2025-04-30
SHOP0050,P00213,CUST00980,2025-03-19
SHOP0388,P00105,CUST00545,2025-04-27
SHOP0080,P00117,CUST00681,2025-03-27
SHOP0230,P00911,CUST00178,2025-02-06
SHOP0270,P00909,CUST00371,2025-02-05
SHOP0383,P00618,CUST00432,2025-04-29
SHOP0379,P00873,CUST00628,2025-04-03
SHOP0028,P00274,CUST00610,2025-03-19
SHOP0000,P00353,CUST00290,2025-02-28
SHOP0470,P00229,CUST00428,2025-04-08
SHOP0135,P00660,CUST00809,2025-03-26
SHOP0315,P00369,CUST00563,2025-01-31
SHOP0144,P00386,CUST00881,2025-03-02
SHOP0461,P00684,CUST00192,2025-02-11
SHOP0371,P00950,CUST00946,2025-03-25
SHOP0414,P00623,CUST00900,2025-01-30
SHOP0319,P00156,CUST00466,2025-01-25
SHOP0155,P00898,CUST00646,2025-03-01
SHOP0289,P00333,CUST00022,2025-03-05
SHOP0412,P00565,CUST00919,2025-01-02
SHOP0282,P00861,CUST00871,2025-01-07
SHOP0098,P00940,CUST00404,2025-04-25
SHOP0492,P00895,CUST00507,2025-03-08
SHOP0074,P00588,CUST00964,2025-02-20
SHOP0475,P00265,CUST00154,2025-02-04
SHOP0189,P00299,CUST00284,2025-03-12
SHOP0352,P00367,CUST00443,2025-02-06
SHOP0212,P00596,CUST00823,2025-03-01
SHOP0336,P00705,CUST00478,2025-01-19
SHOP0173,P00481,CUST00591,2025-03-26
SHOP0414,P00911,CUST00167,2025-01-17
SHOP0386,P00438,CUST00909,2025-04-16
SHOP0043,P00932,CUST00392,2025-03-29
SHOP0359,P00985,CUST00347,2025-01-27
SHOP0319,P00705,CUST00138,2025-03-26
SHOP0230,P00371,CUST00775,2025-01-21
SHOP0202,P00759,CUST00691,2025-03-15
SHOP0275,P00286,CUST00446,2025-02-28
SHOP0469,P00908,CUST00003,2025-04-22
SHOP0168,P00689,CUST00344,2025-04-16
SHOP0344,P00857,CUST00277,2025-01-13
SHOP0026,P00684,CUST00088,2025-04-23
SHOP0362,P00459,CUST00438,2025-02-04
SHOP0190,P00101,CUST00884,2025-02-03
SHOP0124,P00780,CUST00045,2025-02-16
SHOP0454,P00779,CUST00077,2025-05-07
SHOP0156,P00386,CUST00614,2025-01-19
SHOP0117,P00003,CUST00466,2025-03-26
SHOP0267,P00106,CUST00717,2025-04-20
SHOP0386,P00438,CUST00165,2025-04-11
SHOP0326,P00300,CUST00603,2025-04-25
SHOP0414,P00344,CUST00590,2025-02-06
SHOP0111,P00931,CUST00357,2025-01-04
SHOP0155,P00865,CUST00528,2025-02-28
SHOP0140,P00868,CUST00944,2025-03-11
SHOP0369,P00017,CUST00154,2025-03-25
SHOP0210,P00981,CUST00665,2025-03-03
SHOP0392,P00806,CUST00752,2025-02-13
SHOP0371,P00818,CUST00979,2025-01-12
SHOP0097,P00140,CUST00980,2025-02-04
SHOP0028,P00502,CUST00039,2025-02-10
SHOP0244,P00459,CUST00587,2025-04-02
SHOP0134,P00170,CUST00445,2025-01-01
SHOP0043,P00192,CUST00603,2025-01-29
SHOP0437,P00668,CUST00310,2025-03-25
SHOP0305,P00244,CUST00074,2025-01-24
SHOP0325,P00240,CUST00863,2025-03-09
SHOP0183,P00660,CUST00330,2025-02-28
SHOP0252,P00952,CUST00647,2025-05-09
SHOP0484,P00243,CUST00451,2025-01-22
SHOP0113,P00668,CUST00925,2025-01-06
SHOP0421,P00102,CUST00419,2025-02-01
SHOP0352,P00784,CUST00207,2025-02-07
SHOP0288,P00047,CUST00761,2025-01-16
SHOP0145,P00490,CUST00740,2025-03-19
SHOP0302,P00660,CUST00692,2025-02-02
SHOP0390,P00406,CUST00991,2025-01-03
SHOP0301,P00161,CUST00796,2025-02-27
SHOP0479,P00984,CUST00716,2025-03-02
SHOP0375,P00010,CUST00021,2025-02-25
SHOP0246,P00367,CUST00763,2025-03-04
SHOP0077,P00191,CUST00902,2025-01-26
SHOP0478,P00281,CUST00210,2025-02-03
SHOP0280,P00924,CUST00708,2025-01-09
SHOP0317,P00020,CUST00072,2025-03-18
SHOP0458,P00581,CUST00301,2025-01-27
SHOP0280,P00487,CUST00852,2025-04-03
SHOP0086,P00723,CUST00693,2025-01-09
SHOP0356,P00024,CUST00084,2025-03-24
SHOP0230,P00933,CUST00525,2025-04-16
SHOP0219,P00724,CUST00814,2025-03-13
SHOP0059,P00785,CUST00564,2025-05-09
SHOP0240,P00977,CUST00280,2025-03-06
SHOP0440,P00293,CUST00118,2025-04-20
SHOP0271,P00610,CUST00954,2025-02-19
SHOP0270,P00761,CUST00356,2025-01-06
SHOP0359,P00492,CUST00736,2025-01-30
SHOP0490,P00290,CUST00319,2025-04-22
SHOP0266,P00415,CUST00782,2025-04-29
SHOP0240,P00745,CUST00797,2025-02-07
SHOP0433,P00487,CUST00220,2025-04-24
SHOP0403,P00620,CUST00028,2025-01-13
SHOP0157,P00180,CUST00440,2025-03-16
SHOP0005,P00801,CUST00281,2025-02-26
SHOP0186,P00110,CUST00511,2025-04-14
SHOP0424,P00123,CUST00109,2025-04-30
SHOP0280,P00602,CUST00278,2025-01-14
SHOP0063,P00102,CUST00794,2025-04-28
SHOP0107,P00689,CUST00187,2025-01-10
SHOP0198,P00065,CUST00461,2025-04-25
SHOP0291,P00000,CUST00604,2025-04-07
SHOP0154,P00617,CUST00188,2025-02-16
SHOP0224,P00491,CUST00138,2025-02-10
SHOP0463,P00713,CUST00655,2025-04-08
SHOP0427,P00777,CUST00425,2025-03-29
SHOP0411,P00102,CUST00288,2025-01-28
SHOP0498,P00716,CUST00815,2025-03-26
SHOP0232,P00564,CUST00056,2025-01-26
SHOP0223,P00945,CUST00509,2025-04-19
SHOP0311,P00156,CUST00036,2025-02-25
SHOP0373,P00235,CUST00091,2025-01-11
SHOP0145,P00399,CUST00383,2025-05-02
SHOP0431,P00674,CUST00102,2025-01-10
SHOP0332,P00647,CUST00298,2025-04-18
SHOP0028,P00274,CUST00874,2025-03-28
SHOP0058,P00298,CUST00725,2025-03-10
SHOP0216,P00486,CUST00567,2025-01-31
SHOP0339,P00535,CUST00693,2025-03-02
SHOP0267,P00489,CUST00359,2025-05-10
SHOP0452,P00437,CUST00852,2025-01-24
SHOP0006,P00214,CUST00493,2025-04-19
SHOP0410,P00190,CUST00406,2025-02-28
SHOP0102,P00347,CUST00480,2025-03-13
SHOP0379,P00562,CUST00395,2025-01-06
SHOP0253,P00310,CUST00133,2025-02-18
SHOP0397,P00797,CUST00939,2025-03-23
SHOP0009,P00747,CUST00509,2025-01-02
SHOP0330,P00171,CUST00959,2025-03-01
SHOP0148,P00736,CUST00832,2025-02-04
SHOP0238,P00800,CUST00616,2025-04-21
SHOP0233,P00489,CUST00479,2025-01-06
SHOP0029,P00164,CUST00949,2025-04-12
SHOP0108,P00546,CUST00793,2025-04-27
SHOP0029,P00951,CUST00145,2025-03-04
SHOP0169,P00657,CUST00441,2025-04-26
SHOP0173,P00001,CUST00497,2025-01-07
SHOP0410,P00209,CUST00928,2025-01-16
SHOP0290,P00512,CUST00455,2025-02-04
SHOP0298,P00081,CUST00010,2025-04-04
SHOP0259,P00387,CUST00783,2025-01-28
SHOP0425,P00999,CUST00803,2025-02-26
SHOP0395,P00671,CUST00036,2025-05-03
SHOP0065,P00809,CUST00666,2025-03-19
SHOP0312,P00403,CUST00507,2025-02-01
SHOP0119,P00491,CUST00004,2025-01-19
SHOP0461,P00887,CUST00982,2025-03-20
SHOP0001,P00626,CUST00106,2025-04-19
SHOP0116,P00489,CUST00171,2025-04-18
SHOP0255,P00341,CUST00595,2025-03-09
SHOP0120,P00432,CUST00689,2025-04-28
SHOP0007,P00584,CUST00052,2025-02-12
SHOP0140,P00424,CUST00210,2025-03-07
SHOP0456,P00250,CUST00211,2025-01-19
SHOP0047,P00610,CUST00869,2025-01-15
SHOP0000,P00536,CUST00769,2025-03-03
SHOP0171,P00594,CUST00085,2025-01-16
SHOP0167,P00033,CUST00265,2025-04-11
SHOP0407,P00095,CUST00809,2025-03-21
SHOP0055,P00123,CUST00364,2025-05-05
SHOP0001,P00691,CUST00260,2025-01-30
SHOP0263,P00396,CUST00016,2025-02-18
SHOP0325,P00240,CUST00110,2025-04-28
SHOP0269,P00509,CUST00153,2025-01-16
SHOP0359,P00628,CUST00635,2025-03-08
SHOP0300,P00637,CUST00888,2025-04-19
SHOP0317,P00457,CUST00655,2025-03-20
SHOP0387,P00112,CUST00593,2025-01-21
SHOP0061,P00306,CUST00606,2025-03-12
SHOP0080,P00415,CUST00001,2025-04-21
SHOP0093,P00272,CUST00228,2025-03-23
SHOP0429,P00505,CUST00683,2025-03-19
SHOP0141,P00413,CUST00875,2025-03-13
SHOP0270,P00725,CUST00997,2025-05-09
SHOP0107,P00416,CUST00078,2025-01-13
SHOP0108,P00296,CUST00652,2025-04-05
SHOP0358,P00004,CUST00925,2025-03-09
SHOP0011,P00370,CUST00819,2025-03-18
SHOP0086,P00464,CUST00227,2025-04-07
SHOP0158,P00201,CUST00466,2025-05-10
SHOP0425,P00999,CUST00294,2025-04-27
SHOP0457,P00205,CUST00812,2025-01-30
SHOP0289,P00533,CUST00671,2025-01-07
SHOP0483,P00701,CUST00554,2025-03-22
SHOP0100,P00242,CUST00602,2025-01-11
SHOP0012,P00565,CUST00482,2025-04-05
SHOP0103,P00304,CUST00385,2025-04-28
SHOP0423,P00801,CUST00874,2025-04-11
SHOP0317,P00696,CUST00994,2025-03-09
SHOP0032,P00606,CUST00430,2025-03-19
SHOP0124,P00284,CUST00540,2025-03-05
SHOP0241,P00226,CUST00140,2025-01-05
SHOP0418,P00253,CUST00416,2025-01-01
SHOP0441,P00782,CUST00560,2025-03-25
SHOP0108,P00985,CUST00908,2025-02-16
SHOP0426,P00193,CUST00373,2025-02-04
SHOP0478,P00269,CUST00139,2025-01-27
SHOP0247,P00815,CUST00068,2025-04-16
SHOP0101,P00949,CUST00419,2025-02-02
SHOP0020,P00155,CUST00730,2025-04-05
SHOP0395,P00178,CUST00595,2025-04-16
SHOP0193,P00991,CUST00389,2025-01-25
SHOP0190,P00529,CUST00116,2025-01-08
SHOP0261,P00674,CUST00680,2025-02-28
SHOP0074,P00099,CUST00823,2025-01-09
SHOP0170,P00762,CUST00817,2025-02-07
SHOP0386,P00404,CUST00112,2025-05-06
SHOP0471,P00109,CUST00555,2025-03-22
SHOP0330,P00930,CUST00241,2025-04-25
SHOP0446,P00311,CUST00210,2025-02-18
SHOP0494,P00467,CUST00969,2025-05-02
SHOP0107,P00472,CUST00761,2025-02-11
SHOP0492,P00895,CUST00753,2025-01-23
SHOP0454,P00808,CUST00587,2025-04-23
SHOP0221,P00032,CUST00815,2025-01-01
SHOP0414,P00607,CUST00730,2025-04-16
SHOP0407,P00095,CUST00094,2025-01-10
SHOP0020,P00329,CUST00267,2025-01-28
SHOP0325,P00282,CUST00843,2025-03-17
SHOP0276,P00948,CUST00276,2025-03-15
SHOP0039,P00590,CUST00441,2025-03-22
SHOP0264,P00763,CUST00496,2025-05-10
SHOP0419,P00142,CUST00812,2025-02-12
SHOP0123,P00971,CUST00118,2025-01-13
SHOP0011,P00486,CUST00227,2025-01-28
SHOP0360,P00973,CUST00861,2025-04-26
SHOP0358,P00552,CUST00919,2025-02-20
SHOP0184,P00526,CUST00513,2025-02-11
SHOP0237,P00436,CUST00585,2025-03-29
SHOP0491,P00570,CUST00366,2025-04-17
SHOP0279,P00193,CUST00813,2025-05-09
SHOP0216,P00486,CUST00189,2025-03-01
SHOP0430,P00983,CUST00115,2025-02-27
SHOP0084,P00321,CUST00000,2025-04-20
SHOP0212,P00648,CUST00752,2025-02-05
SHOP0241,P00142,CUST00108,2025-01-31
SHOP0421,P00283,CUST00263,2025-03-25
SHOP0116,P00489,CUST00291,2025-03-19
SHOP0293,P00938,CUST00685,2025-02-16
SHOP0291,P00791,CUST00764,2025-03-19
SHOP0406,P00999,CUST00690,2025-05-07
SHOP0395,P00142,CUST00213,2025-04-25
SHOP0398,P00907,CUST00512,2025-04-04
SHOP0056,P00303,CUST00175,2025-05-07
SHOP0391,P00650,CUST00341,2025-04-18
SHOP0088,P00070,CUST00897,2025-03-16
SHOP0157,P00580,CUST00262,2025-01-05
SHOP0177,P00206,CUST00928,2025-04-18
SHOP0123,P00839,CUST00900,2025-04-18
SHOP0490,P00922,CUST00258,2025-03-10
SHOP0472,P00932,CUST00227,2025-03-01
SHOP0265,P00960,CUST00889,2025-01-28
SHOP0327,P00736,CUST00263,2025-02-26
SHOP0253,P00119,CUST00970,2025-03-13
SHOP0346,P00755,CUST00339,2025-04-14
SHOP0020,P00842,CUST00069,2025-03-02
SHOP0470,P00819,CUST00420,2025-03-07
SHOP0479,P00592,CUST00751,2025-01-18
SHOP0295,P00289,CUST00621,2025-01-31
SHOP0242,P00579,CUST00986,2025-03-10
SHOP0290,P00889,CUST00388,2025-04-19
SHOP0349,P00690,CUST00156,2025-01-23
SHOP0055,P00035,CUST00862,2025-04-13
SHOP0102,P00019,CUST00324,2025-03-03
SHOP0044,P00588,CUST00837,2025-02-17
SHOP0304,P00952,CUST00590,2025-04-26
SHOP0455,P00960,CUST00860,2025-01-14
SHOP0187,P00113,CUST00321,2025-04-21
SHOP0379,P00060,CUST00280,2025-01-04
SHOP0436,P00636,CUST00499,2025-04-22
SHOP0208,P00223,CUST00694,2025-04-15
SHOP0006,P00431,CUST00198,2025-03-26
SHOP0075,P00109,CUST00304,2025-02-26
SHOP0053,P00114,CUST00979,2025-01-01
SHOP0445,P00483,CUST00963,2025-03-10
SHOP0282,P00577,CUST00221,2025-03-23
SHOP0076,P00580,CUST00667,2025-02-21
SHOP0459,P00700,CUST00687,2025-02-23
SHOP0236,P00578,CUST00496,2025-01-10
SHOP0336,P00821,CUST00354,2025-02-06
SHOP0037,P00155,CUST00969,2025-01-17
SHOP0030,P00227,CUST00584,2025-02-07
SHOP0423,P00464,CUST00316,2025-02-26
SHOP0417,P00014,CUST00432,2025-01-24
SHOP0478,P00049,CUST00275,2025-02-18
SHOP0007,P00207,CUST00849,2025-01-30
SHOP0191,P00790,CUST00397,2025-04-17
SHOP0165,P00211,CUST00184,2025-01-20
SHOP0371,P00950,CUST00091,2025-02-16
SHOP0086,P00752,CUST00467,2025-05-05
SHOP0453,P00685,CUST00499,2025-02-28
SHOP0470,P00591,CUST00028,2025-02-21
SHOP0254,P00006,CUST00795,2025-04-13
SHOP0133,P00013,CUST00522,2025-03-05
SHOP0196,P00421,CUST00116,2025-01-26
SHOP0468,P00618,CUST00343,2025-01-31
SHOP0261,P00534,CUST00760,2025-01-16
SHOP0462,P00135,CUST00938,2025-05-03
SHOP0024,P00674,CUST00271,2025-04-24
SHOP0007,P00874,CUST00817,2025-01-29
SHOP0042,P00424,CUST00097,2025-01-18
SHOP0263,P00391,CUST00443,2025-02-25
SHOP0220,P00590,CUST00137,2025-02-18
SHOP0061,P00306,CUST00259,2025-03-25
SHOP0299,P00897,CUST00912,2025-03-25
SHOP0068,P00354,CUST00932,2025-05-04
SHOP0182,P00743,CUST00436,2025-03-11
SHOP0417,P00746,CUST00323,2025-01-23
SHOP0443,P00029,CUST00106,2025-04-04
SHOP0227,P00812,CUST00407,2025-03-07
SHOP0364,P00126,CUST00017,2025-04-05
SHOP0045,P00923,CUST00329,2025-03-05
SHOP0103,P00848,CUST00053,2025-03-29
SHOP0235,P00336,CUST00555,2025-03-05
SHOP0069,P00560,CUST00219,2025-03-16
SHOP0291,P00571,CUST00665,2025-04-30
SHOP0381,P00554,CUST00975,2025-04-14
SHOP0009,P00747,CUST00431,2025-01-30
SHOP0211,P00561,CUST00677,2025-04-13
SHOP0437,P00713,CUST00940,2025-05-05
SHOP0163,P00584,CUST00826,2025-02-10
SHOP0111,P00013,CUST00764,2025-03-06
SHOP0466,P00994,CUST00613,2025-05-08
SHOP0179,P00452,CUST00354,2025-03-23
SHOP0285,P00529,CUST00496,2025-03-01
SHOP0102,P00347,CUST00931,2025-04-21
SHOP0254,P00006,CUST00948,2025-02-13
SHOP0183,P00318,CUST00088,2025-05-08
SHOP0403,P00509,CUST00702,2025-01-23
SHOP0275,P00247,CUST00617,2025-04-26
SHOP0201,P00378,CUST00455,2025-03-26
SHOP0310,P00685,CUST00094,2025-04-06
SHOP0067,P00261,CUST00715,2025-02-22
SHOP0380,P00794,CUST00681,2025-03-19
SHOP0257,P00972,CUST00611,2025-03-31
SHOP0399,P00704,CUST00532,2025-02-11
SHOP0059,P00465,CUST00180,2025-04-27
SHOP0065,P00993,CUST00395,2025-04-25
SHOP0337,P00377,CUST00309,2025-03-24
SHOP0298,P00347,CUST00279,2025-04-08
SHOP0492,P00835,CUST00188,2025-03-17
SHOP0474,P00481,CUST00628,2025-03-21
SHOP0495,P00555,CUST00859,2025-01-15
SHOP0337,P00377,CUST00220,2025-01-01
SHOP0240,P00745,CUST00137,2025-01-26
SHOP0267,P00443,CUST00176,2025-05-04
SHOP0050,P00454,CUST00933,2025-04-19
SHOP0097,P00403,CUST00225,2025-04-14
SHOP0216,P00795,CUST00763,2025-01-28
SHOP0127,P00132,CUST00952,2025-01-18
SHOP0326,P00809,CUST00045,2025-02-09
SHOP0315,P00781,CUST00746,2025-01-02
SHOP0356,P00419,CUST00612,2025-02-14
SHOP0133,P00123,CUST00147,2025-04-11
SHOP0415,P00807,CUST00805,2025-03-23
SHOP0179,P00061,CUST00820,2025-01-14
SHOP0201,P00110,CUST00182,2025-02-21
SHOP0103,P00252,CUST00915,2025-03-24
SHOP0391,P00214,CUST00529,2025-05-05
SHOP0352,P00701,CUST00216,2025-01-30
SHOP0394,P00509,CUST00404,2025-01-16
SHOP0463,P00315,CUST00678,2025-01-16
SHOP0230,P00970,CUST00284,2025-04-13
SHOP0492,P00743,CUST00262,2025-03-14
SHOP0080,P00899,CUST00135,2025-03-25
SHOP0492,P00835,CUST00491,2025-02-14
SHOP0121,P00776,CUST00742,2025-04-24
SHOP0491,P00020,CUST00433,2025-04-03
SHOP0321,P00152,CUST00774,2025-04-08
SHOP0053,P00020,CUST00882,2025-02-18
SHOP0417,P00450,CUST00710,2025-01-14
SHOP0053,P00639,CUST00102,2025-05-07
SHOP0245,P00307,CUST00474,2025-01-11
SHOP0394,P00485,CUST00243,2025-02-15
SHOP0315,P00658,CUST00370,2025-01-23
SHOP0051,P00380,CUST00513,2025-02-24
SHOP0245,P00307,CUST00102,2025-01-01
SHOP0418,P00253,CUST00424,2025-01-18
SHOP0089,P00418,CUST00440,2025-04-17
SHOP0249,P00870,CUST00920,2025-02-13
SHOP0255,P00723,CUST00117,2025-02-16
SHOP0051,P00915,CUST00058,2025-03-30
SHOP0430,P00520,CUST00309,2025-04-11
SHOP0109,P00846,CUST00773,2025-03-14
SHOP0256,P00545,CUST00498,2025-04-04
SHOP0027,P00177,CUST00876,2025-05-09
SHOP0276,P00183,CUST00373,2025-05-09
SHOP0488,P00831,CUST00831,2025-02-16
SHOP0144,P00836,CUST00436,2025-02-16
SHOP0357,P00345,CUST00402,2025-04-29
SHOP0102,P00049,CUST00553,2025-01-15
SHOP0245,P00307,CUST00892,2025-04-22
SHOP0399,P00393,CUST00299,2025-02-14
SHOP0318,P00047,CUST00325,2025-04-12
SHOP0077,P00191,CUST00318,2025-01-10
SHOP0177,P00547,CUST00836,2025-05-02
SHOP0439,P00618,CUST00820,2025-01-10
SHOP0244,P00194,CUST00741,2025-03-13
SHOP0190,P00552,CUST00738,2025-03-18
SHOP0176,P00906,CUST00341,2025-03-12
SHOP0364,P00031,CUST00396,2025-04-15
SHOP0243,P00076,CUST00791,2025-01-29
SHOP0151,P00634,CUST00837,2025-02-18
SHOP0226,P00873,CUST00766,2025-04-03
SHOP0103,P00737,CUST00586,2025-02-12
SHOP0218,P00508,CUST00074,2025-04-11
SHOP0323,P00003,CUST00771,2025-04-04
SHOP0233,P00489,CUST00210,2025-02-19
SHOP0388,P00397,CUST00261,2025-02-21
SHOP0302,P00754,CUST00465,2025-04-20
SHOP0131,P00108,CUST00501,2025-04-25
SHOP0192,P00568,CUST00294,2025-04-18
SHOP0042,P00738,CUST00476,2025-01-13
SHOP0105,P00710,CUST00682,2025-04-05
SHOP0435,P00253,CUST00854,2025-04-01
SHOP0128,P00150,CUST00419,2025-01-10
SHOP0354,P00989,CUST00369,2025-03-27
SHOP0021,P00282,CUST00692,2025-04-14
SHOP0172,P00545,CUST00719,2025-01-26
SHOP0093,P00681,CUST00742,2025-04-13
SHOP0439,P00042,CUST00212,2025-05-03
SHOP0118,P00449,CUST00476,2025-03-04
SHOP0068,P00594,CUST00669,2025-04-18
SHOP0036,P00739,CUST00697,2025-02-08
SHOP0179,P00207,CUST00749,2025-01-19
SHOP0152,P00584,CUST00336,2025-04-06
SHOP0414,P00607,CUST00647,2025-03-10
SHOP0172,P00647,CUST00215,2025-01-11
SHOP0072,P00210,CUST00805,2025-03-30
SHOP0284,P00836,CUST00807,2025-02-03
SHOP0126,P00148,CUST00773,2025-01-07
SHOP0457,P00010,CUST00850,2025-04-23
SHOP0077,P00446,CUST00492,2025-04-18
SHOP0067,P00513,CUST00669,2025-01-10
SHOP0153,P00833,CUST00398,2025-03-28
SHOP0060,P00062,CUST00767,2025-01-23
SHOP0354,P00295,CUST00139,2025-03-01
SHOP0209,P00870,CUST00694,2025-04-20
SHOP0383,P00618,CUST00200,2025-03-29
SHOP0377,P00626,CUST00884,2025-03-06
SHOP0196,P00610,CUST00964,2025-01-11
SHOP0306,P00213,CUST00309,2025-01-14
SHOP0173,P00481,CUST00958,2025-01-26
SHOP0471,P00719,CUST00783,2025-01-13
SHOP0326,P00987,CUST00289,2025-02-17
SHOP0395,P00098,CUST00194,2025-01-27
SHOP0097,P00123,CUST00077,2025-01-30
SHOP0429,P00457,CUST00455,2025-01-31
SHOP0339,P00691,CUST00814,2025-03-03
SHOP0256,P00553,CUST00622,2025-02-01
SHOP0205,P00644,CUST00160,2025-04-10
SHOP0268,P00168,CUST00700,2025-03-20
SHOP0216,P00403,CUST00717,2025-01-15
SHOP0001,P00213,CUST00896,2025-04-22
SHOP0306,P00213,CUST00261,2025-05-05
SHOP0497,P00502,CUST00636,2025-04-11
SHOP0133,P00123,CUST00261,2025-03-04
SHOP0170,P00224,CUST00630,2025-03-23
SHOP0392,P00444,CUST00512,2025-01-09
SHOP0386,P00565,CUST00707,2025-02-11
SHOP0275,P00550,CUST00157,2025-01-24
SHOP0201,P00135,CUST00759,2025-02-12
SHOP0077,P00614,CUST00818,2025-02-18
SHOP0428,P00833,CUST00965,2025-02-10
SHOP0107,P00875,CUST00963,2025-03-13
SHOP0325,P00230,CUST00314,2025-02-17
SHOP0289,P00170,CUST00380,2025-05-07
SHOP0287,P00554,CUST00582,2025-03-08
SHOP0392,P00806,CUST00682,2025-05-03
SHOP0165,P00851,CUST00310,2025-02-15
SHOP0160,P00409,CUST00683,2025-03-14
SHOP0166,P00274,CUST00964,2025-02-09
SHOP0478,P00281,CUST00789,2025-02-14
SHOP0288,P00305,CUST00067,2025-01-24
SHOP0380,P00520,CUST00104,2025-02-08
SHOP0384,P00547,CUST00567,2025-01-25
SHOP0331,P00098,CUST00434,2025-02-10
SHOP0379,P00408,CUST00402,2025-01-14
SHOP0020,P00817,CUST00954,2025-02-21
SHOP0245,P00896,CUST00595,2025-02-18
SHOP0477,P00367,CUST00416,2025-02-25
SHOP0151,P00743,CUST00683,2025-03-21
SHOP0190,P00716,CUST00825,2025-01-29
SHOP0495,P00396,CUST00484,2025-02-28
SHOP0237,P00822,CUST00454,2025-03-12
SHOP0112,P00563,CUST00475,2025-02-14
SHOP0242,P00050,CUST00849,2025-01-15
SHOP0458,P00154,CUST00938,2025-02-16
SHOP0371,P00950,CUST00603,2025-03-26
SHOP0493,P00340,CUST00047,2025-01-09
SHOP0309,P00294,CUST00986,2025-05-05
SHOP0031,P00549,CUST00582,2025-04-09
SHOP0226,P00021,CUST00573,2025-02-01
SHOP0004,P00837,CUST00749,2025-02-22
SHOP0370,P00193,CUST00329,2025-01-15
SHOP0071,P00591,CUST00605,2025-01-21
SHOP0357,P00105,CUST00196,2025-05-09
SHOP0324,P00042,CUST00129,2025-02-20
SHOP0400,P00879,CUST00578,2025-02-15
SHOP0123,P00085,CUST00203,2025-01-27
SHOP0344,P00986,CUST00884,2025-04-19
SHOP0311,P00336,CUST00770,2025-05-02
SHOP0266,P00398,CUST00152,2025-03-02
SHOP0418,P00913,CUST00006,2025-02-07
SHOP0056,P00016,CUST00800,2025-03-06
SHOP0313,P00609,CUST00096,2025-04-29
SHOP0326,P00258,CUST00337,2025-04-08
SHOP0234,P00512,CUST00658,2025-03-24
SHOP0338,P00288,CUST00932,2025-01-16
SHOP0497,P00494,CUST00989,2025-01-23
SHOP0395,P00098,CUST00955,2025-02-19
SHOP0393,P00302,CUST00927,2025-03-20
SHOP0036,P00352,CUST00326,2025-04-25
SHOP0423,P00781,CUST00918,2025-02-18
SHOP0375,P00659,CUST00685,2025-03-12
SHOP0017,P00818,CUST00985,2025-03-19
SHOP0072,P00791,CUST00005,2025-03-11
SHOP0488,P00949,CUST00439,2025-04-04
SHOP0222,P00741,CUST00320,2025-04-03
SHOP0284,P00868,CUST00437,2025-04-20
SHOP0449,P00251,CUST00526,2025-01-06
SHOP0260,P00372,CUST00706,2025-01-18
SHOP0064,P00120,CUST00158,2025-04-21
SHOP0442,P00114,CUST00167,2025-04-14
SHOP0458,P00759,CUST00742,2025-02-22
SHOP0305,P00467,CUST00479,2025-04-09
SHOP0016,P00911,CUST00051,2025-01-11
SHOP0266,P00294,CUST00123,2025-04-01
SHOP0480,P00478,CUST00836,2025-03-24
SHOP0035,P00613,CUST00635,2025-03-07
SHOP0146,P00138,CUST00844,2025-01-11
SHOP0059,P00670,CUST00250,2025-01-23
SHOP0486,P00188,CUST00984,2025-05-04
SHOP0418,P00344,CUST00591,2025-02-17
SHOP0314,P00638,CUST00173,2025-04-24
SHOP0192,P00219,CUST00650,2025-02-28
SHOP0495,P00555,CUST00398,2025-02-21
SHOP0279,P00362,CUST00406,2025-01-21
SHOP0439,P00633,CUST00030,2025-02-16
SHOP0350,P00718,CUST00862,2025-04-27
SHOP0424,P00339,CUST00668,2025-04-13
SHOP0425,P00134,CUST00744,2025-02-06
SHOP0006,P00509,CUST00999,2025-02-21
SHOP0056,P00006,CUST00270,2025-01-28
SHOP0140,P00758,CUST00560,2025-04-14
SHOP0401,P00170,CUST00562,2025-04-10
SHOP0441,P00062,CUST00448,2025-01-18
SHOP0210,P00299,CUST00705,2025-04-24
SHOP0175,P00764,CUST00975,2025-03-12
SHOP0441,P00967,CUST00427,2025-01-03
SHOP0263,P00113,CUST00648,2025-01-12
SHOP0031,P00792,CUST00286,2025-02-03
SHOP0066,P00560,CUST00773,2025-04-03
SHOP0073,P00794,CUST00082,2025-03-01
SHOP0139,P00522,CUST00957,2025-01-29
SHOP0102,P00006,CUST00401,2025-02-08
SHOP0342,P00437,CUST00014,2025-03-03
SHOP0353,P00667,CUST00939,2025-04-27
SHOP0386,P00565,CUST00636,2025-05-04
SHOP0192,P00108,CUST00369,2025-04-21
SHOP0019,P00791,CUST00554,2025-04-26
SHOP0394,P00158,CUST00102,2025-04-19
SHOP0347,P00721,CUST00702,2025-01-27
SHOP0490,P00203,CUST00246,2025-02-17
SHOP0140,P00948,CUST00072,2025-02-03
SHOP0413,P00633,CUST00196,2025-02-03
SHOP0403,P00715,CUST00861,2025-03-24
SHOP0221,P00290,CUST00784,2025-02-25
SHOP0042,P00738,CUST00442,2025-01-31
SHOP0046,P00468,CUST00599,2025-02-20
SHOP0425,P00147,CUST00000,2025-01-25
SHOP0151,P00634,CUST00036,2025-04-16
SHOP0344,P00885,CUST00964,2025-01-15
SHOP0163,P00447,CUST00293,2025-05-03
SHOP0312,P00338,CUST00801,2025-04-07
SHOP0267,P00883,CUST00842,2025-05-08
SHOP0128,P00091,CUST00201,2025-01-15
SHOP0493,P00340,CUST00865,2025-02-17
SHOP0357,P00549,CUST00618,2025-03-13
SHOP0355,P00227,CUST00705,2025-02-12
SHOP0355,P00981,CUST00654,2025-02-25
SHOP0433,P00658,CUST00509,2025-05-09
SHOP0483,P00882,CUST00198,2025-03-22
SHOP0382,P00384,CUST00034,2025-03-23
SHOP0084,P00907,CUST00273,2025-03-11
SHOP0238,P00770,CUST00234,2025-04-05
SHOP0211,P00649,CUST00571,2025-03-05
SHOP0231,P00596,CUST00732,2025-03-20
SHOP0468,P00669,CUST00623,2025-03-03
SHOP0054,P00757,CUST00259,2025-01-04
SHOP0388,P00547,CUST00223,2025-01-27
SHOP0174,P00001,CUST00198,2025-02-19
SHOP0112,P00455,CUST00687,2025-03-20
SHOP0149,P00863,CUST00615,2025-02-11
SHOP0397,P00428,CUST00273,2025-03-01
SHOP0459,P00356,CUST00545,2025-01-11
SHOP0366,P00378,CUST00961,2025-04-09
SHOP0453,P00955,CUST00406,2025-05-10
SHOP0399,P00826,CUST00486,2025-04-22
SHOP0307,P00221,CUST00185,2025-03-22
SHOP0349,P00982,CUST00815,2025-01-17
SHOP0415,P00214,CUST00772,2025-03-25
SHOP0008,P00683,CUST00020,2025-04-10
SHOP0168,P00242,CUST00560,2025-03-12
SHOP0326,P00987,CUST00512,2025-03-26
SHOP0150,P00288,CUST00741,2025-02-25
SHOP0168,P00578,CUST00676,2025-03-20
SHOP0291,P00478,CUST00083,2025-01-08
SHOP0124,P00641,CUST00073,2025-01-16
SHOP0472,P00242,CUST00064,2025-01-17
SHOP0103,P00737,CUST00984,2025-01-30
SHOP0333,P00037,CUST00772,2025-01-02
SHOP0402,P00340,CUST00646,2025-03-29
SHOP0326,P00258,CUST00359,2025-02-03
SHOP0207,P00470,CUST00816,2025-04-13
SHOP0376,P00894,CUST00552,2025-02-13
SHOP0471,P00767,CUST00029,2025-01-18
SHOP0020,P00934,CUST00253,2025-04-28
SHOP0387,P00888,CUST00017,2025-04-26
SHOP0325,P00329,CUST00669,2025-03-06
SHOP0314,P00638,CUST00346,2025-03-07
SHOP0414,P00951,CUST00181,2025-02-24
SHOP0006,P00431,CUST00255,2025-01-01
SHOP0208,P00807,CUST00213,2025-02-19
SHOP0459,P00484,CUST00825,2025-02-13
SHOP0118,P00638,CUST00208,2025-01-11
SHOP0177,P00465,CUST00997,2025-04-29
SHOP0056,P00016,CUST00776,2025-02-24
SHOP0283,P00583,CUST00380,2025-01-15
SHOP0062,P00797,CUST00194,2025-02-19
SHOP0443,P00518,CUST00647,2025-03-16
SHOP0366,P00240,CUST00099,2025-01-04
SHOP0062,P00815,CUST00305,2025-04-14
SHOP0347,P00202,CUST00858,2025-01-13
SHOP0172,P00227,CUST00825,2025-04-08
SHOP0453,P00597,CUST00859,2025-02-02
SHOP0045,P00988,CUST00853,2025-02-01
SHOP0479,P00137,CUST00458,2025-01-24
SHOP0104,P00023,CUST00823,2025-04-09
SHOP0265,P00831,CUST00539,2025-03-17
SHOP0094,P00121,CUST00659,2025-03-30
SHOP0063,P00837,CUST00003,2025-01-06
SHOP0219,P00320,CUST00723,2025-03-21
SHOP0255,P00319,CUST00950,2025-04-17
SHOP0290,P00696,CUST00180,2025-02-03
SHOP0315,P00798,CUST00240,2025-02-13
SHOP0385,P00171,CUST00503,2025-04-15
SHOP0114,P00707,CUST00133,2025-02-22
SHOP0351,P00573,CUST00947,2025-01-07
SHOP0285,P00725,CUST00054,2025-04-23
SHOP0053,P00403,CUST00527,2025-04-13
SHOP0184,P00526,CUST00095,2025-01-21
SHOP0186,P00348,CUST00519,2025-02-19
SHOP0286,P00180,CUST00542,2025-04-07
SHOP0021,P00515,CUST00421,2025-01-25
SHOP0216,P00956,CUST00421,2025-02-10
SHOP0450,P00584,CUST00535,2025-01-01
SHOP0148,P00996,CUST00661,2025-03-24
SHOP0190,P00716,CUST00121,2025-05-07
SHOP0440,P00316,CUST00196,2025-03-12
SHOP0470,P00734,CUST00025,2025-01-26
SHOP0069,P00419,CUST00268,2025-04-18
SHOP0315,P00177,CUST00289,2025-05-07
SHOP0048,P00283,CUST00647,2025-04-06
SHOP0229,P00362,CUST00497,2025-04-29
SHOP0279,P00411,CUST00430,2025-04-13
SHOP0057,P00471,CUST00005,2025-04-19
SHOP0344,P00820,CUST00487,2025-04-26
SHOP0270,P00456,CUST00147,2025-04-05
SHOP0263,P00449,CUST00291,2025-02-21
SHOP0249,P00140,CUST00413,2025-04-07
SHOP0465,P00465,CUST00569,2025-02-23
SHOP0387,P00729,CUST00166,2025-02-23
SHOP0049,P00045,CUST00075,2025-03-25
SHOP0449,P00354,CUST00199,2025-02-01
SHOP0161,P00023,CUST00493,2025-01-25
SHOP0082,P00672,CUST00572,2025-02-01
SHOP0350,P00640,CUST00550,2025-04-16
SHOP0340,P00555,CUST00834,2025-05-08
SHOP0138,P00904,CUST00667,2025-03-31
SHOP0421,P00102,CUST00854,2025-03-07
SHOP0391,P00650,CUST00354,2025-02-06
SHOP0428,P00683,CUST00938,2025-03-28
SHOP0309,P00901,CUST00713,2025-01-08
SHOP0240,P00717,CUST00466,2025-05-03
SHOP0430,P00215,CUST00259,2025-02-11
SHOP0385,P00920,CUST00471,2025-01-18
SHOP0291,P00723,CUST00452,2025-04-14
SHOP0192,P00219,CUST00202,2025-05-08
SHOP0483,P00537,CUST00241,2025-01-04
SHOP0188,P00186,CUST00252,2025-02-28
SHOP0192,P00004,CUST00857,2025-01-28
SHOP0322,P00314,CUST00730,2025-01-01
SHOP0120,P00698,CUST00624,2025-02-02
SHOP0132,P00362,CUST00972,2025-02-05
SHOP0286,P00796,CUST00277,2025-04-02
SHOP0301,P00991,CUST00682,2025-02-24
SHOP0269,P00035,CUST00716,2025-02-23
SHOP0337,P00831,CUST00161,2025-02-25
SHOP0129,P00632,CUST00724,2025-03-27
SHOP0310,P00510,CUST00039,2025-03-14
SHOP0436,P00346,CUST00149,2025-02-19
SHOP0331,P00100,CUST00423,2025-03-01
SHOP0352,P00925,CUST00408,2025-03-21
SHOP0200,P00449,CUST00108,2025-02-11
SHOP0391,P00394,CUST00827,2025-05-09
SHOP0346,P00871,CUST00474,2025-04-16
SHOP0270,P00174,CUST00082,2025-03-18
SHOP0142,P00645,CUST00057,2025-04-08
SHOP0147,P00460,CUST00033,2025-04-05
SHOP0442,P00258,CUST00331,2025-01-08
SHOP0148,P00996,CUST00237,2025-01-25
SHOP0099,P00133,CUST00517,2025-04-15
SHOP0404,P00490,CUST00773,2025-03-22
SHOP0309,P00144,CUST00847,2025-03-24
SHOP0346,P00987,CUST00034,2025-05-03
SHOP0298,P00448,CUST00329,2025-01-30
SHOP0448,P00503,CUST00271,2025-01-16
SHOP0081,P00160,CUST00968,2025-03-25
SHOP0110,P00028,CUST00048,2025-03-13
SHOP0029,P00951,CUST00960,2025-02-10
SHOP0498,P00530,CUST00549,2025-04-29
SHOP0071,P00718,CUST00703,2025-04-27
SHOP0067,P00480,CUST00461,2025-03-31
SHOP0247,P00621,CUST00888,2025-04-24
SHOP0437,P00985,CUST00291,2025-02-13
SHOP0410,P00244,CUST00195,2025-02-02
SHOP0378,P00503,CUST00763,2025-05-07
SHOP0164,P00425,CUST00486,2025-03-27
SHOP0305,P00870,CUST00006,2025-04-03
SHOP0477,P00942,CUST00593,2025-01-11
SHOP0244,P00523,CUST00042,2025-02-26
SHOP0083,P00470,CUST00255,2025-02-26
SHOP0479,P00384,CUST00662,2025-04-10
SHOP0331,P00105,CUST00919,2025-05-02
SHOP0351,P00427,CUST00528,2025-01-23
SHOP0077,P00614,CUST00938,2025-03-08
SHOP0388,P00386,CUST00802,2025-02-27
SHOP0402,P00809,CUST00961,2025-01-09
SHOP0270,P00174,CUST00136,2025-04-11
SHOP0074,P00588,CUST00944,2025-01-24
SHOP0387,P00474,CUST00714,2025-02-04
SHOP0278,P00932,CUST00807,2025-02-22
SHOP0025,P00303,CUST00744,2025-03-10
SHOP0036,P00096,CUST00225,2025-04-13
SHOP0360,P00569,CUST00114,2025-01-20
SHOP0384,P00504,CUST00282,2025-03-25
SHOP0365,P00670,CUST00914,2025-04-24
SHOP0264,P00473,CUST00812,2025-04-25
SHOP0189,P00317,CUST00596,2025-03-18
SHOP0351,P00295,CUST00465,2025-03-21
SHOP0445,P00857,CUST00063,2025-03-12
SHOP0157,P00451,CUST00379,2025-04-24
SHOP0376,P00210,CUST00639,2025-03-23
SHOP0421,P00175,CUST00754,2025-03-07
SHOP0165,P00211,CUST00569,2025-03-04
SHOP0145,P00483,CUST00117,2025-03-28
SHOP0198,P00584,CUST00436,2025-02-14
SHOP0397,P00903,CUST00603,2025-05-09
SHOP0360,P00973,CUST00791,2025-04-11
SHOP0428,P00006,CUST00149,2025-03-06
SHOP0114,P00350,CUST00722,2025-01-21
SHOP0191,P00214,CUST00356,2025-03-21
SHOP0182,P00758,CUST00031,2025-05-07
SHOP0146,P00188,CUST00341,2025-04-21
SHOP0214,P00023,CUST00249,2025-02-21
SHOP0386,P00374,CUST00604,2025-03-07
SHOP0208,P00800,CUST00074,2025-02-22
SHOP0390,P00163,CUST00177,2025-04-02
SHOP0321,P00642,CUST00982,2025-03-25
SHOP0045,P00034,CUST00094,2025-01-25
SHOP0422,P00558,CUST00173,2025-02-08
SHOP0482,P00448,CUST00132,2025-03-01
SHOP0219,P00684,CUST00770,2025-02-01
SHOP0219,P00125,CUST00852,2025-05-05
SHOP0381,P00559,CUST00502,2025-01-11
SHOP0226,P00021,CUST00203,2025-01-13
SHOP0492,P00557,CUST00732,2025-04-07
SHOP0472,P00363,CUST00220,2025-04-16
SHOP0261,P00447,CUST00042,2025-02-27
SHOP0280,P00487,CUST00138,2025-02-12
SHOP0298,P00817,CUST00557,2025-03-13
SHOP0241,P00292,CUST00855,2025-04-15
SHOP0212,P00284,CUST00943,2025-03-26
SHOP0058,P00248,CUST00619,2025-01-30
SHOP0230,P00123,CUST00446,2025-04-13
SHOP0427,P00616,CUST00438,2025-01-04
SHOP0117,P00048,CUST00173,2025-04-09
SHOP0228,P00739,CUST00283,2025-04-20
SHOP0109,P00591,CUST00912,2025-05-04
SHOP0034,P00373,CUST00206,2025-03-16
SHOP0362,P00805,CUST00924,2025-02-08
SHOP0453,P00441,CUST00309,2025-03-11
SHOP0188,P00911,CUST00682,2025-03-24
SHOP0193,P00847,CUST00885,2025-01-26
SHOP0280,P00005,CUST00931,2025-01-02
SHOP0005,P00422,CUST00167,2025-03-02
SHOP0243,P00473,CUST00955,2025-05-02
SHOP0366,P00424,CUST00559,2025-02-18
SHOP0385,P00293,CUST00337,2025-01-28
SHOP0409,P00030,CUST00491,2025-03-24
SHOP0486,P00416,CUST00416,2025-03-12
SHOP0461,P00211,CUST00536,2025-02-08
SHOP0336,P00821,CUST00600,2025-03-22
SHOP0244,P00813,CUST00914,2025-04-05
SHOP0102,P00049,CUST00003,2025-01-08
SHOP0154,P00571,CUST00117,2025-01-16
SHOP0021,P00320,CUST00807,2025-05-08
SHOP0234,P00163,CUST00170,2025-05-02
SHOP0032,P00679,CUST00351,2025-04-23
SHOP0288,P00464,CUST00184,2025-02-12
SHOP0477,P00072,CUST00870,2025-02-08
SHOP0285,P00248,CUST00615,2025-01-29
SHOP0262,P00188,CUST00166,2025-04-16
SHOP0378,P00705,CUST00000,2025-04-16
SHOP0145,P00085,CUST00783,2025-03-17
SHOP0043,P00758,CUST00207,2025-05-04
SHOP0491,P00963,CUST00363,2025-01-17
SHOP0086,P00443,CUST00067,2025-04-28
SHOP0257,P00222,CUST00472,2025-01-05
SHOP0497,P00259,CUST00869,2025-04-16
SHOP0020,P00329,CUST00073,2025-01-23
SHOP0350,P00922,CUST00414,2025-05-10
SHOP0039,P00491,CUST00899,2025-03-04
SHOP0214,P00349,CUST00752,2025-02-07
SHOP0188,P00533,CUST00222,2025-02-22
SHOP0088,P00314,CUST00039,2025-02-25
SHOP0302,P00912,CUST00252,2025-01-04
SHOP0443,P00816,CUST00378,2025-04-22
SHOP0285,P00265,CUST00330,2025-02-04
SHOP0357,P00025,CUST00390,2025-01-10
SHOP0212,P00284,CUST00872,2025-04-25
SHOP0200,P00617,CUST00262,2025-05-02
SHOP0062,P00339,CUST00521,2025-05-10
SHOP0354,P00388,CUST00033,2025-05-02
SHOP0200,P00788,CUST00832,2025-03-18
SHOP0397,P00922,CUST00865,2025-03-17
SHOP0074,P00805,CUST00681,2025-01-20
SHOP0422,P00635,CUST00839,2025-03-22
SHOP0187,P00775,CUST00929,2025-01-04
SHOP0037,P00781,CUST00546,2025-01-02
SHOP0016,P00147,CUST00439,2025-01-17
SHOP0395,P00230,CUST00964,2025-02-06
SHOP0117,P00055,CUST00429,2025-03-27
SHOP0003,P00250,CUST00956,2025-02-13
SHOP0218,P00041,CUST00552,2025-01-11
SHOP0367,P00306,CUST00054,2025-05-07
SHOP0230,P00210,CUST00005,2025-01-20
SHOP0054,P00715,CUST00460,2025-02-01
SHOP0016,P00449,CUST00755,2025-03-15
SHOP0048,P00233,CUST00444,2025-03-14
SHOP0414,P00612,CUST00657,2025-01-05
SHOP0240,P00977,CUST00372,2025-02-01
SHOP0483,P00244,CUST00731,2025-03-23
SHOP0146,P00859,CUST00322,2025-05-06
SHOP0236,P00453,CUST00912,2025-05-01
SHOP0075,P00891,CUST00287,2025-04-29
SHOP0425,P00134,CUST00881,2025-02-19
SHOP0373,P00360,CUST00816,2025-02-23
SHOP0031,P00166,CUST00510,2025-05-04
SHOP0141,P00602,CUST00013,2025-03-07
SHOP0046,P00298,CUST00416,2025-01-01
SHOP0362,P00327,CUST00710,2025-01-08
SHOP0298,P00473,CUST00514,2025-02-12
SHOP0120,P00519,CUST00888,2025-05-10
SHOP0078,P00844,CUST00537,2025-02-21
SHOP0300,P00932,CUST00361,2025-02-11
SHOP0049,P00944,CUST00134,2025-03-17
SHOP0230,P00933,CUST00252,2025-04-03
SHOP0270,P00067,CUST00187,2025-04-07
SHOP0398,P00102,CUST00758,2025-05-10
SHOP0320,P00890,CUST00967,2025-03-14
SHOP0017,P00373,CUST00514,2025-05-07
SHOP0133,P00373,CUST00406,2025-02-20
SHOP0224,P00978,CUST00898,2025-01-20
SHOP0263,P00341,CUST00500,2025-02-11
SHOP0220,P00240,CUST00438,2025-04-01
SHOP0424,P00696,CUST00180,2025-03-17
SHOP0352,P00023,CUST00832,2025-01-02
SHOP0284,P00707,CUST00120,2025-05-07
SHOP0013,P00902,CUST00577,2025-02-28
SHOP0448,P00069,CUST00582,2025-03-13
SHOP0090,P00668,CUST00793,2025-02-13
SHOP0400,P00180,CUST00265,2025-01-29
SHOP0024,P00674,CUST00162,2025-03-14
SHOP0184,P00526,CUST00625,2025-04-21
SHOP0267,P00056,CUST00840,2025-01-08
SHOP0309,P00927,CUST00624,2025-03-14
SHOP0321,P00289,CUST00334,2025-04-13
SHOP0212,P00114,CUST00272,2025-01-18
SHOP0023,P00477,CUST00954,2025-02-27
SHOP0414,P00344,CUST00611,2025-01-13
SHOP0398,P00519,CUST00988,2025-03-04
SHOP0382,P00001,CUST00030,2025-01-02
SHOP0175,P00908,CUST00358,2025-04-21
SHOP0136,P00542,CUST00568,2025-03-12
SHOP0228,P00064,CUST00132,2025-01-20
SHOP0388,P00386,CUST00322,2025-04-14
SHOP0025,P00104,CUST00304,2025-01-14
SHOP0177,P00288,CUST00251,2025-02-01
SHOP0266,P00130,CUST00549,2025-03-11
SHOP0128,P00267,CUST00573,2025-02-17
SHOP0389,P00826,CUST00125,2025-03-05
SHOP0201,P00452,CUST00880,2025-03-27
SHOP0383,P00869,CUST00761,2025-02-13
SHOP0121,P00979,CUST00787,2025-04-11
SHOP0050,P00376,CUST00409,2025-05-07
SHOP0313,P00905,CUST00268,2025-01-26
SHOP0203,P00146,CUST00244,2025-04-13
SHOP0108,P00512,CUST00576,2025-04-19
SHOP0371,P00950,CUST00607,2025-03-14
SHOP0153,P00445,CUST00092,2025-03-24
SHOP0389,P00563,CUST00078,2025-01-17
SHOP0341,P00585,CUST00312,2025-03-26
SHOP0059,P00051,CUST00749,2025-01-28
SHOP0284,P00707,CUST00037,2025-01-11
SHOP0267,P00489,CUST00619,2025-01-24
SHOP0307,P00274,CUST00785,2025-05-07
SHOP0350,P00922,CUST00597,2025-03-03
SHOP0449,P00698,CUST00751,2025-04-19
SHOP0018,P00308,CUST00622,2025-04-12
SHOP0290,P00084,CUST00145,2025-01-24
SHOP0315,P00781,CUST00827,2025-04-18
SHOP0327,P00671,CUST00809,2025-04-07
SHOP0178,P00032,CUST00133,2025-03-31
SHOP0318,P00047,CUST00702,2025-04-20
SHOP0293,P00095,CUST00037,2025-04-17
SHOP0202,P00759,CUST00567,2025-04-19
SHOP0425,P00351,CUST00904,2025-04-28
SHOP0420,P00829,CUST00503,2025-04-25
SHOP0370,P00371,CUST00867,2025-02-23
SHOP0292,P00857,CUST00679,2025-01-10
SHOP0299,P00897,CUST00990,2025-01-05
SHOP0463,P00250,CUST00818,2025-03-07
SHOP0206,P00966,CUST00242,2025-05-07
SHOP0148,P00493,CUST00937,2025-01-05
SHOP0316,P00201,CUST00773,2025-03-15
SHOP0466,P00994,CUST00653,2025-01-06
SHOP0131,P00999,CUST00677,2025-01-19
SHOP0109,P00882,CUST00230,2025-03-02
SHOP0485,P00109,CUST00104,2025-01-06
SHOP0057,P00343,CUST00448,2025-03-30
SHOP0117,P00276,CUST00064,2025-05-01
SHOP0094,P00134,CUST00973,2025-04-07
SHOP0448,P00907,CUST00743,2025-03-31
SHOP0339,P00139,CUST00533,2025-01-02
SHOP0315,P00781,CUST00642,2025-03-29
SHOP0399,P00519,CUST00334,2025-04-29
SHOP0314,P00422,CUST00044,2025-03-10
SHOP0439,P00502,CUST00705,2025-03-31
SHOP0157,P00104,CUST00000,2025-02-13
SHOP0427,P00919,CUST00619,2025-03-06
SHOP0155,P00040,CUST00617,2025-01-12
SHOP0055,P00687,CUST00306,2025-04-05
SHOP0106,P00463,CUST00201,2025-04-09
SHOP0466,P00107,CUST00431,2025-05-06
SHOP0376,P00865,CUST00128,2025-03-15
SHOP0402,P00809,CUST00338,2025-01-05
SHOP0252,P00314,CUST00299,2025-01-01
SHOP0337,P00169,CUST00694,2025-03-20
SHOP0174,P00203,CUST00590,2025-01-01
SHOP0109,P00156,CUST00181,2025-04-07
SHOP0213,P00491,CUST00511,2025-01-23
SHOP0295,P00338,CUST00421,2025-01-07
SHOP0413,P00890,CUST00630,2025-05-02
SHOP0133,P00362,CUST00080,2025-03-24
SHOP0449,P00649,CUST00201,2025-01-18
SHOP0395,P00671,CUST00399,2025-05-06
SHOP0309,P00739,CUST00273,2025-01-06
SHOP0471,P00638,CUST00479,2025-04-10
SHOP0042,P00374,CUST00499,2025-04-16
SHOP0004,P00744,CUST00923,2025-03-19
SHOP0264,P00913,CUST00247,2025-03-28
SHOP0105,P00252,CUST00594,2025-01-31
SHOP0206,P00554,CUST00583,2025-03-11
SHOP0072,P00048,CUST00468,2025-04-17
SHOP0303,P00360,CUST00882,2025-04-21
SHOP0055,P00058,CUST00992,2025-02-02
SHOP0265,P00253,CUST00673,2025-01-22
SHOP0444,P00817,CUST00887,2025-01-23
SHOP0291,P00189,CUST00169,2025-03-31
SHOP0443,P00029,CUST00733,2025-03-07
SHOP0021,P00282,CUST00859,2025-02-06
SHOP0330,P00171,CUST00243,2025-02-14
SHOP0228,P00064,CUST00795,2025-02-24
SHOP0280,P00075,CUST00521,2025-01-29
SHOP0481,P00411,CUST00674,2025-04-16
SHOP0430,P00520,CUST00912,2025-01-10
SHOP0231,P00229,CUST00310,2025-02-14
SHOP0009,P00482,CUST00103,2025-03-29
SHOP0025,P00109,CUST00203,2025-01-09
SHOP0041,P00913,CUST00571,2025-01-05
SHOP0082,P00672,CUST00778,2025-01-17
SHOP0469,P00042,CUST00047,2025-04-07
SHOP0109,P00752,CUST00460,2025-05-05
SHOP0173,P00481,CUST00306,2025-01-12
SHOP0143,P00506,CUST00161,2025-03-18
SHOP0324,P00350,CUST00946,2025-01-18
SHOP0294,P00254,CUST00468,2025-02-03
SHOP0488,P00909,CUST00328,2025-02-08
SHOP0377,P00454,CUST00737,2025-03-20
SHOP0235,P00401,CUST00231,2025-03-07
SHOP0278,P00849,CUST00976,2025-04-13
SHOP0254,P00303,CUST00192,2025-04-12
SHOP0228,P00464,CUST00844,2025-05-08
SHOP0181,P00330,CUST00203,2025-04-29
SHOP0451,P00457,CUST00945,2025-01-30
SHOP0393,P00227,CUST00788,2025-03-05
SHOP0067,P00493,CUST00382,2025-04-06
SHOP0288,P00950,CUST00852,2025-03-02
SHOP0402,P00277,CUST00374,2025-02-21
SHOP0062,P00012,CUST00211,2025-01-08
SHOP0064,P00224,CUST00183,2025-03-29
SHOP0494,P00800,CUST00995,2025-04-19
SHOP0337,P00302,CUST00540,2025-03-06
SHOP0301,P00189,CUST00452,2025-02-23
SHOP0256,P00296,CUST00098,2025-03-23
SHOP0475,P00051,CUST00389,2025-03-27
SHOP0116,P00470,CUST00130,2025-02-24
SHOP0392,P00340,CUST00810,2025-05-06
SHOP0264,P00195,CUST00771,2025-05-08
SHOP0350,P00922,CUST00117,2025-03-03
SHOP0122,P00753,CUST00075,2025-01-28
SHOP0471,P00767,CUST00622,2025-03-03
SHOP0016,P00551,CUST00463,2025-05-05
SHOP0499,P00348,CUST00331,2025-02-28
SHOP0083,P00999,CUST00106,2025-03-11
SHOP0116,P00470,CUST00150,2025-01-22
SHOP0218,P00041,CUST00594,2025-02-04
SHOP0121,P00186,CUST00266,2025-01-15
SHOP0075,P00891,CUST00268,2025-02-27
SHOP0327,P00521,CUST00564,2025-02-26
SHOP0372,P00267,CUST00431,2025-01-15
SHOP0024,P00059,CUST00459,2025-01-04
SHOP0141,P00419,CUST00427,2025-04-05
SHOP0159,P00725,CUST00238,2025-04-25
SHOP0029,P00748,CUST00836,2025-01-31
SHOP0017,P00373,CUST00791,2025-05-08
SHOP0485,P00109,CUST00915,2025-01-19
SHOP0172,P00524,CUST00734,2025-01-01
SHOP0187,P00874,CUST00921,2025-03-03
SHOP0395,P00377,CUST00386,2025-01-15
SHOP0071,P00591,CUST00743,2025-03-08
SHOP0439,P00740,CUST00223,2025-04-22
SHOP0354,P00507,CUST00918,2025-03-24
SHOP0307,P00453,CUST00587,2025-02-12
SHOP0107,P00294,CUST00719,2025-02-01
SHOP0121,P00894,CUST00247,2025-01-20
SHOP0149,P00677,CUST00280,2025-04-02
SHOP0186,P00118,CUST00679,2025-03-18
SHOP0368,P00043,CUST00118,2025-05-05
SHOP0012,P00565,CUST00729,2025-03-13
SHOP0228,P00590,CUST00065,2025-04-18
SHOP0492,P00986,CUST00368,2025-01-26
SHOP0230,P00325,CUST00224,2025-02-11
SHOP0480,P00966,CUST00322,2025-03-18
SHOP0139,P00617,CUST00028,2025-04-23
SHOP0091,P00090,CUST00743,2025-01-24
SHOP0111,P00931,CUST00335,2025-03-08
SHOP0372,P00832,CUST00750,2025-02-23
SHOP0009,P00306,CUST00069,2025-05-01
SHOP0121,P00844,CUST00579,2025-04-05
SHOP0225,P00863,CUST00786,2025-03-16
SHOP0056,P00368,CUST00764,2025-03-26
SHOP0408,P00466,CUST00217,2025-04-04
SHOP0361,P00997,CUST00607,2025-04-01
SHOP0133,P00890,CUST00443,2025-01-20
SHOP0497,P00259,CUST00459,2025-03-04
SHOP0360,P00502,CUST00059,2025-02-22
SHOP0014,P00767,CUST00874,2025-02-05
SHOP0350,P00922,CUST00512,2025-01-15
SHOP0336,P00218,CUST00783,2025-04-01
SHOP0131,P00127,CUST00443,2025-01-07
SHOP0321,P00152,CUST00292,2025-03-29
SHOP0120,P00972,CUST00152,2025-01-20
SHOP0417,P00555,CUST00910,2025-03-24
SHOP0074,P00757,CUST00650,2025-01-18
SHOP0160,P00290,CUST00723,2025-03-10
SHOP0438,P00053,CUST00397,2025-05-09
SHOP0008,P00360,CUST00357,2025-03-06
SHOP0018,P00308,CUST00671,2025-04-21
SHOP0132,P00474,CUST00670,2025-03-20
SHOP0442,P00487,CUST00551,2025-04-20
SHOP0118,P00751,CUST00458,2025-01-16
SHOP0429,P00360,CUST00217,2025-04-23
SHOP0275,P00218,CUST00615,2025-03-23
SHOP0309,P00294,CUST00453,2025-01-28
SHOP0369,P00305,CUST00507,2025-02-12
SHOP0325,P00055,CUST00378,2025-01-14
SHOP0235,P00336,CUST00101,2025-04-28
SHOP0364,P00031,CUST00571,2025-04-25
SHOP0250,P00878,CUST00289,2025-02-08
SHOP0418,P00648,CUST00577,2025-03-17
SHOP0457,P00010,CUST00420,2025-02-19
SHOP0461,P00981,CUST00060,2025-01-23
SHOP0250,P00575,CUST00765,2025-03-10
SHOP0283,P00924,CUST00644,2025-01-08
SHOP0327,P00505,CUST00106,2025-02-16
SHOP0388,P00166,CUST00927,2025-04-24
SHOP0245,P00756,CUST00831,2025-04-28
SHOP0236,P00296,CUST00339,2025-02-14
SHOP0327,P00521,CUST00808,2025-02-25
SHOP0264,P00514,CUST00797,2025-05-08
SHOP0103,P00532,CUST00288,2025-04-21
SHOP0351,P00671,CUST00198,2025-01-11
SHOP0212,P00465,CUST00092,2025-05-09
SHOP0137,P00483,CUST00329,2025-01-10
SHOP0407,P00677,CUST00544,2025-04-03
SHOP0070,P00324,CUST00842,2025-02-24
SHOP0266,P00130,CUST00195,2025-02-09
SHOP0263,P00391,CUST00868,2025-01-31
SHOP0038,P00148,CUST00682,2025-01-04
SHOP0171,P00020,CUST00383,2025-02-08
SHOP0462,P00214,CUST00214,2025-05-04
SHOP0289,P00281,CUST00054,2025-01-29
SHOP0027,P00130,CUST00937,2025-01-13
SHOP0238,P00967,CUST00936,2025-02-14
SHOP0065,P00178,CUST00228,2025-04-23
SHOP0406,P00357,CUST00936,2025-02-14
SHOP0267,P00106,CUST00215,2025-04-14
SHOP0294,P00957,CUST00155,2025-03-21
SHOP0032,P00346,CUST00473,2025-01-10
SHOP0365,P00026,CUST00913,2025-01-25
SHOP0352,P00270,CUST00806,2025-02-22
SHOP0422,P00236,CUST00643,2025-01-01
SHOP0069,P00684,CUST00523,2025-03-23
SHOP0486,P00690,CUST00978,2025-03-24
SHOP0071,P00223,CUST00330,2025-04-05
SHOP0213,P00491,CUST00143,2025-03-30
SHOP0300,P00897,CUST00869,2025-04-17
SHOP0166,P00697,CUST00155,2025-04-22
SHOP0040,P00976,CUST00877,2025-04-30
SHOP0119,P00623,CUST00129,2025-04-27
SHOP0487,P00546,CUST00852,2025-01-09
SHOP0007,P00222,CUST00802,2025-02-07
SHOP0482,P00258,CUST00340,2025-04-07
SHOP0179,P00455,CUST00942,2025-04-28
SHOP0034,P00373,CUST00474,2025-04-04
SHOP0379,P00671,CUST00027,2025-03-01
SHOP0432,P00796,CUST00607,2025-02-09
SHOP0136,P00195,CUST00657,2025-03-20
SHOP0154,P00025,CUST00170,2025-04-28
SHOP0427,P00616,CUST00729,2025-03-08
SHOP0315,P00369,CUST00554,2025-01-23
SHOP0060,P00062,CUST00560,2025-02-08
SHOP0333,P00037,CUST00693,2025-01-24
SHOP0163,P00584,CUST00707,2025-02-12
SHOP0448,P00132,CUST00084,2025-03-03
SHOP0007,P00222,CUST00808,2025-01-12
SHOP0346,P00973,CUST00254,2025-03-24
SHOP0305,P00467,CUST00071,2025-02-08
SHOP0082,P00272,CUST00089,2025-01-27
