w_u_id,w_p_id,cc_u_id,cc_p_id,ammount,date
CUST00000,PAY00000,CUST00000,PAY00000,18,2025-04-03
CUST00001,PAY00001,CUST00001,PAY00001,38,2025-02-09
CUST00002,PAY00002,CUST00002,PAY00002,241,2025-03-26
CUST00003,PAY00003,CUST00003,PAY00003,467,2025-04-10
CUST00004,PAY00004,CUST00004,PAY00004,367,2025-03-08
CUST00005,PAY00005,CUST00005,PAY00005,476,2025-02-03
CUST00006,PAY00006,CUST00006,PAY00006,193,2025-05-06
CUST00007,PAY00007,CUST00007,PAY00007,206,2025-04-04
CUST00008,PAY00008,CUST00008,PAY00008,371,2025-01-08
CUST00009,PAY00009,CUST00009,PAY00009,97,2025-01-07
CUST00010,PAY00010,CUST00010,PAY00010,58,2025-03-29
CUST00011,PAY00011,CUST00011,PAY00011,463,2025-04-26
CUST00012,PAY00012,CUST00012,PAY00012,386,2025-02-22
CUST00013,PAY00013,CUST00013,PAY00013,79,2025-02-05
CUST00014,PAY00014,CUST00014,PAY00014,489,2025-05-01
CUST00015,PAY00015,CUST00015,PAY00015,330,2025-03-14
CUST00016,PAY00016,CUST00016,PAY00016,431,2025-04-20
CUST00017,PAY00017,CUST00017,PAY00017,477,2025-04-05
CUST00018,PAY00018,CUST00018,PAY00018,246,2025-03-30
CUST00019,PAY00019,CUST00019,PAY00019,478,2025-01-05
CUST00020,PAY00020,CUST00020,PAY00020,131,2025-01-17
CUST00021,PAY00021,CUST00021,PAY00021,211,2025-01-30
CUST00022,PAY00022,CUST00022,PAY00022,382,2025-01-23
CUST00023,PAY00023,CUST00023,PAY00023,200,2025-03-14
CUST00024,PAY00024,CUST00024,PAY00024,227,2025-02-09
CUST00025,PAY00025,CUST00025,PAY00025,21,2025-02-21
CUST00026,PAY00026,CUST00026,PAY00026,164,2025-04-25
CUST00027,PAY00027,CUST00027,PAY00027,114,2025-03-29
CUST00028,PAY00028,CUST00028,PAY00028,218,2025-02-03
CUST00029,PAY00029,CUST00029,PAY00029,71,2025-01-03
CUST00030,PAY00030,CUST00030,PAY00030,469,2025-02-23
CUST00031,PAY00031,CUST00031,PAY00031,375,2025-01-24
CUST00032,PAY00032,CUST00032,PAY00032,24,2025-01-04
CUST00033,PAY00033,CUST00033,PAY00033,325,2025-04-07
CUST00034,PAY00034,CUST00034,PAY00034,145,2025-02-14
CUST00035,PAY00035,CUST00035,PAY00035,41,2025-04-27
CUST00036,PAY00036,CUST00036,PAY00036,176,2025-01-04
CUST00037,PAY00037,CUST00037,PAY00037,237,2025-01-18
CUST00038,PAY00038,CUST00038,PAY00038,289,2025-02-13
CUST00039,PAY00039,CUST00039,PAY00039,222,2025-01-12
CUST00040,PAY00040,CUST00040,PAY00040,218,2025-05-08
CUST00041,PAY00041,CUST00041,PAY00041,327,2025-01-26
CUST00042,PAY00042,CUST00042,PAY00042,53,2025-03-26
CUST00043,PAY00043,CUST00043,PAY00043,36,2025-04-13
CUST00044,PAY00044,CUST00044,PAY00044,174,2025-01-23
CUST00045,PAY00045,CUST00045,PAY00045,340,2025-03-07
CUST00046,PAY00046,CUST00046,PAY00046,462,2025-04-09
CUST00047,PAY00047,CUST00047,PAY00047,309,2025-01-07
CUST00048,PAY00048,CUST00048,PAY00048,464,2025-01-02
CUST00049,PAY00049,CUST00049,PAY00049,186,2025-03-19
CUST00050,PAY00050,CUST00050,PAY00050,462,2025-03-14
CUST00051,PAY00051,CUST00051,PAY00051,489,2025-04-17
CUST00052,PAY00052,CUST00052,PAY00052,222,2025-03-01
CUST00053,PAY00053,CUST00053,PAY00053,128,2025-01-29
CUST00054,PAY00054,CUST00054,PAY00054,384,2025-03-10
CUST00055,PAY00055,CUST00055,PAY00055,249,2025-05-01
CUST00056,PAY00056,CUST00056,PAY00056,85,2025-05-01
CUST00057,PAY00057,CUST00057,PAY00057,258,2025-04-09
CUST00058,PAY00058,CUST00058,PAY00058,489,2025-04-05
CUST00059,PAY00059,CUST00059,PAY00059,229,2025-01-11
CUST00060,PAY00060,CUST00060,PAY00060,52,2025-02-24
CUST00061,PAY00061,CUST00061,PAY00061,481,2025-03-01
CUST00062,PAY00062,CUST00062,PAY00062,198,2025-03-01
CUST00063,PAY00063,CUST00063,PAY00063,299,2025-03-14
CUST00064,PAY00064,CUST00064,PAY00064,439,2025-01-17
CUST00065,PAY00065,CUST00065,PAY00065,73,2025-02-16
CUST00066,PAY00066,CUST00066,PAY00066,358,2025-02-11
CUST00067,PAY00067,CUST00067,PAY00067,304,2025-03-15
CUST00068,PAY00068,CUST00068,PAY00068,154,2025-01-21
CUST00069,PAY00069,CUST00069,PAY00069,317,2025-01-19
CUST00070,PAY00070,CUST00070,PAY00070,300,2025-04-18
CUST00071,PAY00071,CUST00071,PAY00071,490,2025-03-24
CUST00072,PAY00072,CUST00072,PAY00072,125,2025-02-05
CUST00073,PAY00073,CUST00073,PAY00073,465,2025-03-29
CUST00074,PAY00074,CUST00074,PAY00074,496,2025-01-24
CUST00075,PAY00075,CUST00075,PAY00075,371,2025-04-22
CUST00076,PAY00076,CUST00076,PAY00076,149,2025-01-22
CUST00077,PAY00077,CUST00077,PAY00077,111,2025-03-04
CUST00078,PAY00078,CUST00078,PAY00078,67,2025-04-14
CUST00079,PAY00079,CUST00079,PAY00079,202,2025-01-21
CUST00080,PAY00080,CUST00080,PAY00080,290,2025-01-13
CUST00081,PAY00081,CUST00081,PAY00081,152,2025-04-21
CUST00082,PAY00082,CUST00082,PAY00082,301,2025-02-20
CUST00083,PAY00083,CUST00083,PAY00083,177,2025-04-20
CUST00084,PAY00084,CUST00084,PAY00084,227,2025-02-21
CUST00085,PAY00085,CUST00085,PAY00085,347,2025-01-29
CUST00086,PAY00086,CUST00086,PAY00086,391,2025-01-06
CUST00087,PAY00087,CUST00087,PAY00087,393,2025-02-16
CUST00088,PAY00088,CUST00088,PAY00088,307,2025-01-11
CUST00089,PAY00089,CUST00089,PAY00089,335,2025-05-10
CUST00090,PAY00090,CUST00090,PAY00090,432,2025-05-10
CUST00091,PAY00091,CUST00091,PAY00091,158,2025-03-14
CUST00092,PAY00092,CUST00092,PAY00092,414,2025-04-09
CUST00093,PAY00093,CUST00093,PAY00093,349,2025-02-11
CUST00094,PAY00094,CUST00094,PAY00094,152,2025-02-06
CUST00095,PAY00095,CUST00095,PAY00095,210,2025-01-23
CUST00096,PAY00096,CUST00096,PAY00096,404,2025-03-12
CUST00097,PAY00097,CUST00097,PAY00097,347,2025-03-28
CUST00098,PAY00098,CUST00098,PAY00098,341,2025-04-29
CUST00099,PAY00099,CUST00099,PAY00099,54,2025-01-02
CUST00100,PAY00100,CUST00100,PAY00100,441,2025-01-24
CUST00101,PAY00101,CUST00101,PAY00101,250,2025-02-22
CUST00102,PAY00102,CUST00102,PAY00102,266,2025-02-08
CUST00103,PAY00103,CUST00103,PAY00103,96,2025-03-27
CUST00104,PAY00104,CUST00104,PAY00104,422,2025-02-07
CUST00105,PAY00105,CUST00105,PAY00105,153,2025-02-24
CUST00106,PAY00106,CUST00106,PAY00106,425,2025-05-01
CUST00107,PAY00107,CUST00107,PAY00107,95,2025-01-13
CUST00108,PAY00108,CUST00108,PAY00108,178,2025-04-01
CUST00109,PAY00109,CUST00109,PAY00109,129,2025-03-08
CUST00110,PAY00110,CUST00110,PAY00110,317,2025-03-09
CUST00111,PAY00111,CUST00111,PAY00111,280,2025-01-14
CUST00112,PAY00112,CUST00112,PAY00112,203,2025-05-02
CUST00113,PAY00113,CUST00113,PAY00113,15,2025-03-20
CUST00114,PAY00114,CUST00114,PAY00114,34,2025-03-12
CUST00115,PAY00115,CUST00115,PAY00115,454,2025-04-25
CUST00116,PAY00116,CUST00116,PAY00116,113,2025-02-22
CUST00117,PAY00117,CUST00117,PAY00117,204,2025-04-04
CUST00118,PAY00118,CUST00118,PAY00118,48,2025-01-18
CUST00119,PAY00119,CUST00119,PAY00119,182,2025-04-17
CUST00120,PAY00120,CUST00120,PAY00120,438,2025-01-23
CUST00121,PAY00121,CUST00121,PAY00121,489,2025-04-11
CUST00122,PAY00122,CUST00122,PAY00122,247,2025-05-03
CUST00123,PAY00123,CUST00123,PAY00123,232,2025-01-26
CUST00124,PAY00124,CUST00124,PAY00124,329,2025-04-20
CUST00125,PAY00125,CUST00125,PAY00125,219,2025-04-12
CUST00126,PAY00126,CUST00126,PAY00126,75,2025-03-15
CUST00127,PAY00127,CUST00127,PAY00127,105,2025-01-16
CUST00128,PAY00128,CUST00128,PAY00128,431,2025-01-02
CUST00129,PAY00129,CUST00129,PAY00129,224,2025-02-23
CUST00130,PAY00130,CUST00130,PAY00130,394,2025-01-24
CUST00131,PAY00131,CUST00131,PAY00131,259,2025-04-15
CUST00132,PAY00132,CUST00132,PAY00132,67,2025-01-07
CUST00133,PAY00133,CUST00133,PAY00133,33,2025-02-18
CUST00134,PAY00134,CUST00134,PAY00134,392,2025-04-04
CUST00135,PAY00135,CUST00135,PAY00135,179,2025-02-14
CUST00136,PAY00136,CUST00136,PAY00136,326,2025-03-26
CUST00137,PAY00137,CUST00137,PAY00137,426,2025-02-20
CUST00138,PAY00138,CUST00138,PAY00138,283,2025-05-04
CUST00139,PAY00139,CUST00139,PAY00139,19,2025-01-31
CUST00140,PAY00140,CUST00140,PAY00140,490,2025-04-22
CUST00141,PAY00141,CUST00141,PAY00141,13,2025-04-01
CUST00142,PAY00142,CUST00142,PAY00142,409,2025-05-09
CUST00143,PAY00143,CUST00143,PAY00143,39,2025-01-04
CUST00144,PAY00144,CUST00144,PAY00144,39,2025-01-26
CUST00145,PAY00145,CUST00145,PAY00145,3,2025-03-16
CUST00146,PAY00146,CUST00146,PAY00146,330,2025-05-10
CUST00147,PAY00147,CUST00147,PAY00147,383,2025-03-20
CUST00148,PAY00148,CUST00148,PAY00148,55,2025-01-13
CUST00149,PAY00149,CUST00149,PAY00149,167,2025-05-02
CUST00150,PAY00150,CUST00150,PAY00150,161,2025-04-11
CUST00151,PAY00151,CUST00151,PAY00151,303,2025-03-20
CUST00152,PAY00152,CUST00152,PAY00152,79,2025-02-21
CUST00153,PAY00153,CUST00153,PAY00153,388,2025-02-14
CUST00154,PAY00154,CUST00154,PAY00154,384,2025-01-02
CUST00155,PAY00155,CUST00155,PAY00155,497,2025-03-29
CUST00156,PAY00156,CUST00156,PAY00156,289,2025-03-05
CUST00157,PAY00157,CUST00157,PAY00157,443,2025-03-20
CUST00158,PAY00158,CUST00158,PAY00158,162,2025-05-07
CUST00159,PAY00159,CUST00159,PAY00159,351,2025-02-08
CUST00160,PAY00160,CUST00160,PAY00160,107,2025-05-03
CUST00161,PAY00161,CUST00161,PAY00161,63,2025-02-10
CUST00162,PAY00162,CUST00162,PAY00162,444,2025-02-10
CUST00163,PAY00163,CUST00163,PAY00163,182,2025-02-13
CUST00164,PAY00164,CUST00164,PAY00164,228,2025-02-23
CUST00165,PAY00165,CUST00165,PAY00165,63,2025-01-19
CUST00166,PAY00166,CUST00166,PAY00166,7,2025-04-01
CUST00167,PAY00167,CUST00167,PAY00167,47,2025-04-15
CUST00168,PAY00168,CUST00168,PAY00168,74,2025-03-30
CUST00169,PAY00169,CUST00169,PAY00169,46,2025-05-01
CUST00170,PAY00170,CUST00170,PAY00170,55,2025-04-24
CUST00171,PAY00171,CUST00171,PAY00171,86,2025-01-07
CUST00172,PAY00172,CUST00172,PAY00172,465,2025-01-22
CUST00173,PAY00173,CUST00173,PAY00173,287,2025-03-15
CUST00174,PAY00174,CUST00174,PAY00174,363,2025-04-01
CUST00175,PAY00175,CUST00175,PAY00175,234,2025-04-14
CUST00176,PAY00176,CUST00176,PAY00176,252,2025-01-05
CUST00177,PAY00177,CUST00177,PAY00177,19,2025-03-24
CUST00178,PAY00178,CUST00178,PAY00178,283,2025-03-24
CUST00179,PAY00179,CUST00179,PAY00179,214,2025-04-28
CUST00180,PAY00180,CUST00180,PAY00180,423,2025-03-25
CUST00181,PAY00181,CUST00181,PAY00181,78,2025-05-09
CUST00182,PAY00182,CUST00182,PAY00182,251,2025-02-09
CUST00183,PAY00183,CUST00183,PAY00183,461,2025-04-30
CUST00184,PAY00184,CUST00184,PAY00184,398,2025-02-05
CUST00185,PAY00185,CUST00185,PAY00185,256,2025-03-29
CUST00186,PAY00186,CUST00186,PAY00186,63,2025-05-05
CUST00187,PAY00187,CUST00187,PAY00187,60,2025-04-14
CUST00188,PAY00188,CUST00188,PAY00188,281,2025-05-05
CUST00189,PAY00189,CUST00189,PAY00189,167,2025-02-23
CUST00190,PAY00190,CUST00190,PAY00190,61,2025-03-12
CUST00191,PAY00191,CUST00191,PAY00191,125,2025-04-12
CUST00192,PAY00192,CUST00192,PAY00192,150,2025-03-10
CUST00193,PAY00193,CUST00193,PAY00193,440,2025-03-20
CUST00194,PAY00194,CUST00194,PAY00194,204,2025-02-18
CUST00195,PAY00195,CUST00195,PAY00195,121,2025-01-23
CUST00196,PAY00196,CUST00196,PAY00196,244,2025-01-07
CUST00197,PAY00197,CUST00197,PAY00197,236,2025-04-10
CUST00198,PAY00198,CUST00198,PAY00198,324,2025-01-26
CUST00199,PAY00199,CUST00199,PAY00199,210,2025-03-21
CUST00200,PAY00200,CUST00200,PAY00200,461,2025-03-30
CUST00201,PAY00201,CUST00201,PAY00201,305,2025-01-08
CUST00202,PAY00202,CUST00202,PAY00202,113,2025-04-11
CUST00203,PAY00203,CUST00203,PAY00203,459,2025-02-01
CUST00204,PAY00204,CUST00204,PAY00204,176,2025-02-05
CUST00205,PAY00205,CUST00205,PAY00205,279,2025-05-04
CUST00206,PAY00206,CUST00206,PAY00206,40,2025-02-24
CUST00207,PAY00207,CUST00207,PAY00207,9,2025-03-09
CUST00208,PAY00208,CUST00208,PAY00208,315,2025-02-12
CUST00209,PAY00209,CUST00209,PAY00209,297,2025-01-12
CUST00210,PAY00210,CUST00210,PAY00210,17,2025-04-05
CUST00211,PAY00211,CUST00211,PAY00211,172,2025-04-01
CUST00212,PAY00212,CUST00212,PAY00212,108,2025-02-24
CUST00213,PAY00213,CUST00213,PAY00213,293,2025-03-26
CUST00214,PAY00214,CUST00214,PAY00214,80,2025-01-19
CUST00215,PAY00215,CUST00215,PAY00215,336,2025-02-18
CUST00216,PAY00216,CUST00216,PAY00216,109,2025-03-26
CUST00217,PAY00217,CUST00217,PAY00217,25,2025-02-13
CUST00218,PAY00218,CUST00218,PAY00218,464,2025-04-03
CUST00219,PAY00219,CUST00219,PAY00219,325,2025-02-25
CUST00220,PAY00220,CUST00220,PAY00220,404,2025-01-30
CUST00221,PAY00221,CUST00221,PAY00221,392,2025-01-04
CUST00222,PAY00222,CUST00222,PAY00222,177,2025-01-15
CUST00223,PAY00223,CUST00223,PAY00223,65,2025-02-02
CUST00224,PAY00224,CUST00224,PAY00224,8,2025-01-27
CUST00225,PAY00225,CUST00225,PAY00225,200,2025-03-28
CUST00226,PAY00226,CUST00226,PAY00226,403,2025-01-06
CUST00227,PAY00227,CUST00227,PAY00227,286,2025-01-10
CUST00228,PAY00228,CUST00228,PAY00228,275,2025-02-25
CUST00229,PAY00229,CUST00229,PAY00229,219,2025-02-07
CUST00230,PAY00230,CUST00230,PAY00230,158,2025-02-27
CUST00231,PAY00231,CUST00231,PAY00231,270,2025-04-13
CUST00232,PAY00232,CUST00232,PAY00232,70,2025-01-15
CUST00233,PAY00233,CUST00233,PAY00233,7,2025-04-28
CUST00234,PAY00234,CUST00234,PAY00234,452,2025-04-08
CUST00235,PAY00235,CUST00235,PAY00235,255,2025-04-28
CUST00236,PAY00236,CUST00236,PAY00236,454,2025-03-23
CUST00237,PAY00237,CUST00237,PAY00237,334,2025-01-23
CUST00238,PAY00238,CUST00238,PAY00238,272,2025-04-12
CUST00239,PAY00239,CUST00239,PAY00239,239,2025-03-01
CUST00240,PAY00240,CUST00240,PAY00240,95,2025-05-09
CUST00241,PAY00241,CUST00241,PAY00241,210,2025-05-05
CUST00242,PAY00242,CUST00242,PAY00242,319,2025-02-28
CUST00243,PAY00243,CUST00243,PAY00243,172,2025-04-26
CUST00244,PAY00244,CUST00244,PAY00244,276,2025-01-26
CUST00245,PAY00245,CUST00245,PAY00245,313,2025-04-25
CUST00246,PAY00246,CUST00246,PAY00246,434,2025-04-10
CUST00247,PAY00247,CUST00247,PAY00247,384,2025-01-05
CUST00248,PAY00248,CUST00248,PAY00248,41,2025-03-29
CUST00249,PAY00249,CUST00249,PAY00249,277,2025-01-21
CUST00250,PAY00250,CUST00250,PAY00250,63,2025-01-25
CUST00251,PAY00251,CUST00251,PAY00251,124,2025-03-04
CUST00252,PAY00252,CUST00252,PAY00252,48,2025-04-18
CUST00253,PAY00253,CUST00253,PAY00253,455,2025-02-06
CUST00254,PAY00254,CUST00254,PAY00254,301,2025-03-18
CUST00255,PAY00255,CUST00255,PAY00255,463,2025-02-19
CUST00256,PAY00256,CUST00256,PAY00256,7,2025-04-02
CUST00257,PAY00257,CUST00257,PAY00257,459,2025-01-02
CUST00258,PAY00258,CUST00258,PAY00258,122,2025-01-18
CUST00259,PAY00259,CUST00259,PAY00259,183,2025-04-12
CUST00260,PAY00260,CUST00260,PAY00260,355,2025-05-04
CUST00261,PAY00261,CUST00261,PAY00261,397,2025-02-23
CUST00262,PAY00262,CUST00262,PAY00262,363,2025-02-09
CUST00263,PAY00263,CUST00263,PAY00263,193,2025-01-07
CUST00264,PAY00264,CUST00264,PAY00264,55,2025-05-02
CUST00265,PAY00265,CUST00265,PAY00265,460,2025-05-07
CUST00266,PAY00266,CUST00266,PAY00266,35,2025-01-12
CUST00267,PAY00267,CUST00267,PAY00267,305,2025-03-02
CUST00268,PAY00268,CUST00268,PAY00268,51,2025-01-12
CUST00269,PAY00269,CUST00269,PAY00269,330,2025-03-12
CUST00270,PAY00270,CUST00270,PAY00270,444,2025-04-17
CUST00271,PAY00271,CUST00271,PAY00271,297,2025-03-25
CUST00272,PAY00272,CUST00272,PAY00272,334,2025-02-17
CUST00273,PAY00273,CUST00273,PAY00273,280,2025-02-07
CUST00274,PAY00274,CUST00274,PAY00274,299,2025-01-13
CUST00275,PAY00275,CUST00275,PAY00275,295,2025-02-23
CUST00276,PAY00276,CUST00276,PAY00276,53,2025-01-20
CUST00277,PAY00277,CUST00277,PAY00277,136,2025-04-23
CUST00278,PAY00278,CUST00278,PAY00278,12,2025-03-22
CUST00279,PAY00279,CUST00279,PAY00279,9,2025-03-01
CUST00280,PAY00280,CUST00280,PAY00280,371,2025-02-06
CUST00281,PAY00281,CUST00281,PAY00281,288,2025-04-09
CUST00282,PAY00282,CUST00282,PAY00282,154,2025-03-23
CUST00283,PAY00283,CUST00283,PAY00283,54,2025-01-28
CUST00284,PAY00284,CUST00284,PAY00284,260,2025-03-04
CUST00285,PAY00285,CUST00285,PAY00285,181,2025-01-11
CUST00286,PAY00286,CUST00286,PAY00286,189,2025-04-15
CUST00287,PAY00287,CUST00287,PAY00287,216,2025-05-06
CUST00288,PAY00288,CUST00288,PAY00288,79,2025-01-04
CUST00289,PAY00289,CUST00289,PAY00289,52,2025-04-05
CUST00290,PAY00290,CUST00290,PAY00290,44,2025-03-09
CUST00291,PAY00291,CUST00291,PAY00291,454,2025-03-19
CUST00292,PAY00292,CUST00292,PAY00292,18,2025-04-21
CUST00293,PAY00293,CUST00293,PAY00293,361,2025-03-28
CUST00294,PAY00294,CUST00294,PAY00294,108,2025-03-01
CUST00295,PAY00295,CUST00295,PAY00295,346,2025-04-12
CUST00296,PAY00296,CUST00296,PAY00296,235,2025-01-02
CUST00297,PAY00297,CUST00297,PAY00297,404,2025-01-20
CUST00298,PAY00298,CUST00298,PAY00298,128,2025-01-27
CUST00299,PAY00299,CUST00299,PAY00299,192,2025-02-05
CUST00300,PAY00300,CUST00300,PAY00300,322,2025-03-08
CUST00301,PAY00301,CUST00301,PAY00301,145,2025-03-19
CUST00302,PAY00302,CUST00302,PAY00302,347,2025-02-19
CUST00303,PAY00303,CUST00303,PAY00303,409,2025-03-24
CUST00304,PAY00304,CUST00304,PAY00304,319,2025-02-02
CUST00305,PAY00305,CUST00305,PAY00305,325,2025-03-21
CUST00306,PAY00306,CUST00306,PAY00306,64,2025-05-10
CUST00307,PAY00307,CUST00307,PAY00307,351,2025-03-31
CUST00308,PAY00308,CUST00308,PAY00308,185,2025-03-23
CUST00309,PAY00309,CUST00309,PAY00309,72,2025-01-31
CUST00310,PAY00310,CUST00310,PAY00310,495,2025-01-26
CUST00311,PAY00311,CUST00311,PAY00311,164,2025-02-03
CUST00312,PAY00312,CUST00312,PAY00312,197,2025-05-04
CUST00313,PAY00313,CUST00313,PAY00313,133,2025-01-20
CUST00314,PAY00314,CUST00314,PAY00314,420,2025-01-08
CUST00315,PAY00315,CUST00315,PAY00315,415,2025-01-08
CUST00316,PAY00316,CUST00316,PAY00316,272,2025-02-27
CUST00317,PAY00317,CUST00317,PAY00317,118,2025-02-24
CUST00318,PAY00318,CUST00318,PAY00318,198,2025-03-21
CUST00319,PAY00319,CUST00319,PAY00319,42,2025-05-08
CUST00320,PAY00320,CUST00320,PAY00320,127,2025-04-07
CUST00321,PAY00321,CUST00321,PAY00321,360,2025-04-09
CUST00322,PAY00322,CUST00322,PAY00322,309,2025-02-08
CUST00323,PAY00323,CUST00323,PAY00323,275,2025-04-13
CUST00324,PAY00324,CUST00324,PAY00324,187,2025-02-14
CUST00325,PAY00325,CUST00325,PAY00325,37,2025-01-15
CUST00326,PAY00326,CUST00326,PAY00326,345,2025-04-26
CUST00327,PAY00327,CUST00327,PAY00327,243,2025-04-06
CUST00328,PAY00328,CUST00328,PAY00328,193,2025-01-09
CUST00329,PAY00329,CUST00329,PAY00329,442,2025-02-27
CUST00330,PAY00330,CUST00330,PAY00330,393,2025-02-18
CUST00331,PAY00331,CUST00331,PAY00331,499,2025-02-13
CUST00332,PAY00332,CUST00332,PAY00332,445,2025-02-12
CUST00333,PAY00333,CUST00333,PAY00333,36,2025-01-30
CUST00334,PAY00334,CUST00334,PAY00334,222,2025-01-20
CUST00335,PAY00335,CUST00335,PAY00335,164,2025-01-15
CUST00336,PAY00336,CUST00336,PAY00336,333,2025-01-04
CUST00337,PAY00337,CUST00337,PAY00337,339,2025-01-14
CUST00338,PAY00338,CUST00338,PAY00338,154,2025-01-03
CUST00339,PAY00339,CUST00339,PAY00339,302,2025-03-29
CUST00340,PAY00340,CUST00340,PAY00340,355,2025-01-17
CUST00341,PAY00341,CUST00341,PAY00341,425,2025-02-09
CUST00342,PAY00342,CUST00342,PAY00342,230,2025-01-20
CUST00343,PAY00343,CUST00343,PAY00343,271,2025-03-21
CUST00344,PAY00344,CUST00344,PAY00344,463,2025-03-28
CUST00345,PAY00345,CUST00345,PAY00345,82,2025-02-04
CUST00346,PAY00346,CUST00346,PAY00346,32,2025-01-21
CUST00347,PAY00347,CUST00347,PAY00347,500,2025-03-20
CUST00348,PAY00348,CUST00348,PAY00348,127,2025-02-07
CUST00349,PAY00349,CUST00349,PAY00349,421,2025-03-12
CUST00350,PAY00350,CUST00350,PAY00350,493,2025-03-02
CUST00351,PAY00351,CUST00351,PAY00351,413,2025-04-14
CUST00352,PAY00352,CUST00352,PAY00352,14,2025-01-27
CUST00353,PAY00353,CUST00353,PAY00353,468,2025-04-13
CUST00354,PAY00354,CUST00354,PAY00354,321,2025-04-05
CUST00355,PAY00355,CUST00355,PAY00355,64,2025-04-14
CUST00356,PAY00356,CUST00356,PAY00356,107,2025-02-20
CUST00357,PAY00357,CUST00357,PAY00357,148,2025-02-26
CUST00358,PAY00358,CUST00358,PAY00358,266,2025-03-07
CUST00359,PAY00359,CUST00359,PAY00359,46,2025-03-29
CUST00360,PAY00360,CUST00360,PAY00360,406,2025-03-14
CUST00361,PAY00361,CUST00361,PAY00361,370,2025-03-12
CUST00362,PAY00362,CUST00362,PAY00362,372,2025-04-08
CUST00363,PAY00363,CUST00363,PAY00363,395,2025-02-16
CUST00364,PAY00364,CUST00364,PAY00364,418,2025-01-18
CUST00365,PAY00365,CUST00365,PAY00365,207,2025-02-03
CUST00366,PAY00366,CUST00366,PAY00366,2,2025-02-26
CUST00367,PAY00367,CUST00367,PAY00367,342,2025-04-02
CUST00368,PAY00368,CUST00368,PAY00368,387,2025-03-09
CUST00369,PAY00369,CUST00369,PAY00369,110,2025-02-19
CUST00370,PAY00370,CUST00370,PAY00370,357,2025-02-01
CUST00371,PAY00371,CUST00371,PAY00371,407,2025-03-04
CUST00372,PAY00372,CUST00372,PAY00372,108,2025-04-11
CUST00373,PAY00373,CUST00373,PAY00373,126,2025-01-04
CUST00374,PAY00374,CUST00374,PAY00374,150,2025-03-02
CUST00375,PAY00375,CUST00375,PAY00375,272,2025-03-24
CUST00376,PAY00376,CUST00376,PAY00376,449,2025-02-05
CUST00377,PAY00377,CUST00377,PAY00377,23,2025-02-02
CUST00378,PAY00378,CUST00378,PAY00378,295,2025-03-14
CUST00379,PAY00379,CUST00379,PAY00379,451,2025-02-02
CUST00380,PAY00380,CUST00380,PAY00380,80,2025-01-10
CUST00381,PAY00381,CUST00381,PAY00381,55,2025-03-24
CUST00382,PAY00382,CUST00382,PAY00382,79,2025-04-12
CUST00383,PAY00383,CUST00383,PAY00383,457,2025-04-01
CUST00384,PAY00384,CUST00384,PAY00384,28,2025-01-08
CUST00385,PAY00385,CUST00385,PAY00385,60,2025-01-23
CUST00386,PAY00386,CUST00386,PAY00386,308,2025-02-12
CUST00387,PAY00387,CUST00387,PAY00387,73,2025-04-05
CUST00388,PAY00388,CUST00388,PAY00388,100,2025-01-14
CUST00389,PAY00389,CUST00389,PAY00389,187,2025-02-28
CUST00390,PAY00390,CUST00390,PAY00390,495,2025-02-25
CUST00391,PAY00391,CUST00391,PAY00391,496,2025-03-19
CUST00392,PAY00392,CUST00392,PAY00392,28,2025-05-10
CUST00393,PAY00393,CUST00393,PAY00393,96,2025-05-10
CUST00394,PAY00394,CUST00394,PAY00394,204,2025-04-07
CUST00395,PAY00395,CUST00395,PAY00395,130,2025-01-24
CUST00396,PAY00396,CUST00396,PAY00396,14,2025-01-08
CUST00397,PAY00397,CUST00397,PAY00397,182,2025-03-24
CUST00398,PAY00398,CUST00398,PAY00398,318,2025-02-19
CUST00399,PAY00399,CUST00399,PAY00399,59,2025-01-10
CUST00400,PAY00400,CUST00400,PAY00400,448,2025-03-24
CUST00401,PAY00401,CUST00401,PAY00401,148,2025-02-03
CUST00402,PAY00402,CUST00402,PAY00402,149,2025-03-26
CUST00403,PAY00403,CUST00403,PAY00403,31,2025-03-13
CUST00404,PAY00404,CUST00404,PAY00404,373,2025-05-07
CUST00405,PAY00405,CUST00405,PAY00405,45,2025-01-04
CUST00406,PAY00406,CUST00406,PAY00406,204,2025-04-04
CUST00407,PAY00407,CUST00407,PAY00407,443,2025-04-03
CUST00408,PAY00408,CUST00408,PAY00408,364,2025-03-12
CUST00409,PAY00409,CUST00409,PAY00409,241,2025-03-26
CUST00410,PAY00410,CUST00410,PAY00410,119,2025-02-17
CUST00411,PAY00411,CUST00411,PAY00411,319,2025-04-13
CUST00412,PAY00412,CUST00412,PAY00412,119,2025-03-01
CUST00413,PAY00413,CUST00413,PAY00413,195,2025-01-27
CUST00414,PAY00414,CUST00414,PAY00414,157,2025-04-17
CUST00415,PAY00415,CUST00415,PAY00415,329,2025-01-04
CUST00416,PAY00416,CUST00416,PAY00416,349,2025-04-07
CUST00417,PAY00417,CUST00417,PAY00417,466,2025-02-22
CUST00418,PAY00418,CUST00418,PAY00418,151,2025-02-28
CUST00419,PAY00419,CUST00419,PAY00419,30,2025-02-18
CUST00420,PAY00420,CUST00420,PAY00420,209,2025-04-12
CUST00421,PAY00421,CUST00421,PAY00421,224,2025-04-16
CUST00422,PAY00422,CUST00422,PAY00422,304,2025-05-06
CUST00423,PAY00423,CUST00423,PAY00423,132,2025-02-11
CUST00424,PAY00424,CUST00424,PAY00424,180,2025-03-13
CUST00425,PAY00425,CUST00425,PAY00425,388,2025-05-04
CUST00426,PAY00426,CUST00426,PAY00426,11,2025-04-26
CUST00427,PAY00427,CUST00427,PAY00427,363,2025-05-06
CUST00428,PAY00428,CUST00428,PAY00428,71,2025-02-08
CUST00429,PAY00429,CUST00429,PAY00429,466,2025-02-27
CUST00430,PAY00430,CUST00430,PAY00430,221,2025-01-28
CUST00431,PAY00431,CUST00431,PAY00431,474,2025-03-02
CUST00432,PAY00432,CUST00432,PAY00432,332,2025-02-22
CUST00433,PAY00433,CUST00433,PAY00433,459,2025-03-27
CUST00434,PAY00434,CUST00434,PAY00434,457,2025-05-03
CUST00435,PAY00435,CUST00435,PAY00435,10,2025-01-14
CUST00436,PAY00436,CUST00436,PAY00436,170,2025-04-15
CUST00437,PAY00437,CUST00437,PAY00437,437,2025-04-27
CUST00438,PAY00438,CUST00438,PAY00438,32,2025-02-20
CUST00439,PAY00439,CUST00439,PAY00439,103,2025-04-11
CUST00440,PAY00440,CUST00440,PAY00440,62,2025-05-06
CUST00441,PAY00441,CUST00441,PAY00441,344,2025-02-09
CUST00442,PAY00442,CUST00442,PAY00442,80,2025-04-22
CUST00443,PAY00443,CUST00443,PAY00443,125,2025-01-23
CUST00444,PAY00444,CUST00444,PAY00444,3,2025-01-09
CUST00445,PAY00445,CUST00445,PAY00445,18,2025-04-24
CUST00446,PAY00446,CUST00446,PAY00446,385,2025-01-17
CUST00447,PAY00447,CUST00447,PAY00447,334,2025-04-10
CUST00448,PAY00448,CUST00448,PAY00448,82,2025-04-10
CUST00449,PAY00449,CUST00449,PAY00449,454,2025-01-29
CUST00450,PAY00450,CUST00450,PAY00450,206,2025-04-03
CUST00451,PAY00451,CUST00451,PAY00451,175,2025-04-19
CUST00452,PAY00452,CUST00452,PAY00452,92,2025-02-22
CUST00453,PAY00453,CUST00453,PAY00453,285,2025-02-21
CUST00454,PAY00454,CUST00454,PAY00454,200,2025-03-28
CUST00455,PAY00455,CUST00455,PAY00455,210,2025-05-02
CUST00456,PAY00456,CUST00456,PAY00456,319,2025-03-24
CUST00457,PAY00457,CUST00457,PAY00457,384,2025-03-20
CUST00458,PAY00458,CUST00458,PAY00458,322,2025-04-21
CUST00459,PAY00459,CUST00459,PAY00459,121,2025-05-03
CUST00460,PAY00460,CUST00460,PAY00460,20,2025-02-19
CUST00461,PAY00461,CUST00461,PAY00461,233,2025-01-13
CUST00462,PAY00462,CUST00462,PAY00462,344,2025-01-06
CUST00463,PAY00463,CUST00463,PAY00463,184,2025-01-13
CUST00464,PAY00464,CUST00464,PAY00464,412,2025-03-26
CUST00465,PAY00465,CUST00465,PAY00465,435,2025-02-04
CUST00466,PAY00466,CUST00466,PAY00466,40,2025-03-27
CUST00467,PAY00467,CUST00467,PAY00467,315,2025-04-06
CUST00468,PAY00468,CUST00468,PAY00468,432,2025-03-27
CUST00469,PAY00469,CUST00469,PAY00469,385,2025-01-22
CUST00470,PAY00470,CUST00470,PAY00470,89,2025-02-08
CUST00471,PAY00471,CUST00471,PAY00471,140,2025-04-07
CUST00472,PAY00472,CUST00472,PAY00472,7,2025-03-21
CUST00473,PAY00473,CUST00473,PAY00473,416,2025-04-12
CUST00474,PAY00474,CUST00474,PAY00474,109,2025-05-07
CUST00475,PAY00475,CUST00475,PAY00475,377,2025-05-06
CUST00476,PAY00476,CUST00476,PAY00476,83,2025-03-06
CUST00477,PAY00477,CUST00477,PAY00477,483,2025-03-10
CUST00478,PAY00478,CUST00478,PAY00478,330,2025-01-15
CUST00479,PAY00479,CUST00479,PAY00479,345,2025-01-22
CUST00480,PAY00480,CUST00480,PAY00480,112,2025-02-21
CUST00481,PAY00481,CUST00481,PAY00481,194,2025-04-09
CUST00482,PAY00482,CUST00482,PAY00482,120,2025-05-03
CUST00483,PAY00483,CUST00483,PAY00483,444,2025-02-08
CUST00484,PAY00484,CUST00484,PAY00484,430,2025-03-26
CUST00485,PAY00485,CUST00485,PAY00485,259,2025-02-15
CUST00486,PAY00486,CUST00486,PAY00486,319,2025-01-25
CUST00487,PAY00487,CUST00487,PAY00487,237,2025-03-01
CUST00488,PAY00488,CUST00488,PAY00488,277,2025-02-06
CUST00489,PAY00489,CUST00489,PAY00489,143,2025-01-04
CUST00490,PAY00490,CUST00490,PAY00490,44,2025-02-24
CUST00491,PAY00491,CUST00491,PAY00491,57,2025-04-09
CUST00492,PAY00492,CUST00492,PAY00492,417,2025-02-19
CUST00493,PAY00493,CUST00493,PAY00493,93,2025-03-30
CUST00494,PAY00494,CUST00494,PAY00494,372,2025-04-09
CUST00495,PAY00495,CUST00495,PAY00495,196,2025-04-19
CUST00496,PAY00496,CUST00496,PAY00496,85,2025-01-24
CUST00497,PAY00497,CUST00497,PAY00497,262,2025-02-12
CUST00498,PAY00498,CUST00498,PAY00498,199,2025-01-22
CUST00499,PAY00499,CUST00499,PAY00499,204,2025-03-09
CUST00500,PAY00500,CUST00500,PAY00500,397,2025-03-15
CUST00501,PAY00501,CUST00501,PAY00501,440,2025-02-08
CUST00502,PAY00502,CUST00502,PAY00502,455,2025-04-02
CUST00503,PAY00503,CUST00503,PAY00503,53,2025-01-01
CUST00504,PAY00504,CUST00504,PAY00504,246,2025-03-21
CUST00505,PAY00505,CUST00505,PAY00505,428,2025-01-27
CUST00506,PAY00506,CUST00506,PAY00506,112,2025-04-12
CUST00507,PAY00507,CUST00507,PAY00507,200,2025-01-16
CUST00508,PAY00508,CUST00508,PAY00508,53,2025-03-02
CUST00509,PAY00509,CUST00509,PAY00509,347,2025-03-23
CUST00510,PAY00510,CUST00510,PAY00510,111,2025-01-15
CUST00511,PAY00511,CUST00511,PAY00511,275,2025-05-02
CUST00512,PAY00512,CUST00512,PAY00512,263,2025-04-22
CUST00513,PAY00513,CUST00513,PAY00513,295,2025-01-22
CUST00514,PAY00514,CUST00514,PAY00514,370,2025-04-16
CUST00515,PAY00515,CUST00515,PAY00515,262,2025-03-05
CUST00516,PAY00516,CUST00516,PAY00516,484,2025-03-05
CUST00517,PAY00517,CUST00517,PAY00517,357,2025-02-23
CUST00518,PAY00518,CUST00518,PAY00518,305,2025-03-10
CUST00519,PAY00519,CUST00519,PAY00519,173,2025-05-01
CUST00520,PAY00520,CUST00520,PAY00520,252,2025-02-07
CUST00521,PAY00521,CUST00521,PAY00521,144,2025-02-15
CUST00522,PAY00522,CUST00522,PAY00522,450,2025-03-10
CUST00523,PAY00523,CUST00523,PAY00523,478,2025-05-06
CUST00524,PAY00524,CUST00524,PAY00524,84,2025-03-30
CUST00525,PAY00525,CUST00525,PAY00525,418,2025-03-28
CUST00526,PAY00526,CUST00526,PAY00526,452,2025-02-25
CUST00527,PAY00527,CUST00527,PAY00527,271,2025-03-12
CUST00528,PAY00528,CUST00528,PAY00528,124,2025-01-08
CUST00529,PAY00529,CUST00529,PAY00529,310,2025-02-08
CUST00530,PAY00530,CUST00530,PAY00530,318,2025-03-10
CUST00531,PAY00531,CUST00531,PAY00531,134,2025-04-05
CUST00532,PAY00532,CUST00532,PAY00532,48,2025-03-03
CUST00533,PAY00533,CUST00533,PAY00533,274,2025-01-30
CUST00534,PAY00534,CUST00534,PAY00534,145,2025-01-17
CUST00535,PAY00535,CUST00535,PAY00535,419,2025-02-24
CUST00536,PAY00536,CUST00536,PAY00536,272,2025-04-01
CUST00537,PAY00537,CUST00537,PAY00537,377,2025-03-06
CUST00538,PAY00538,CUST00538,PAY00538,98,2025-04-18
CUST00539,PAY00539,CUST00539,PAY00539,454,2025-01-24
CUST00540,PAY00540,CUST00540,PAY00540,119,2025-03-10
CUST00541,PAY00541,CUST00541,PAY00541,428,2025-03-11
CUST00542,PAY00542,CUST00542,PAY00542,185,2025-03-16
CUST00543,PAY00543,CUST00543,PAY00543,97,2025-05-09
CUST00544,PAY00544,CUST00544,PAY00544,181,2025-02-08
CUST00545,PAY00545,CUST00545,PAY00545,279,2025-04-28
CUST00546,PAY00546,CUST00546,PAY00546,326,2025-03-16
CUST00547,PAY00547,CUST00547,PAY00547,326,2025-04-29
CUST00548,PAY00548,CUST00548,PAY00548,110,2025-03-11
CUST00549,PAY00549,CUST00549,PAY00549,267,2025-03-05
CUST00550,PAY00550,CUST00550,PAY00550,380,2025-01-11
CUST00551,PAY00551,CUST00551,PAY00551,277,2025-02-24
CUST00552,PAY00552,CUST00552,PAY00552,260,2025-03-09
CUST00553,PAY00553,CUST00553,PAY00553,206,2025-04-01
CUST00554,PAY00554,CUST00554,PAY00554,176,2025-02-12
CUST00555,PAY00555,CUST00555,PAY00555,459,2025-04-23
CUST00556,PAY00556,CUST00556,PAY00556,499,2025-04-23
CUST00557,PAY00557,CUST00557,PAY00557,128,2025-03-02
CUST00558,PAY00558,CUST00558,PAY00558,24,2025-03-27
CUST00559,PAY00559,CUST00559,PAY00559,98,2025-02-20
CUST00560,PAY00560,CUST00560,PAY00560,479,2025-02-21
CUST00561,PAY00561,CUST00561,PAY00561,467,2025-03-23
CUST00562,PAY00562,CUST00562,PAY00562,479,2025-01-03
CUST00563,PAY00563,CUST00563,PAY00563,453,2025-05-09
CUST00564,PAY00564,CUST00564,PAY00564,281,2025-03-10
CUST00565,PAY00565,CUST00565,PAY00565,277,2025-01-18
CUST00566,PAY00566,CUST00566,PAY00566,288,2025-04-01
CUST00567,PAY00567,CUST00567,PAY00567,474,2025-02-15
CUST00568,PAY00568,CUST00568,PAY00568,450,2025-01-01
CUST00569,PAY00569,CUST00569,PAY00569,377,2025-03-23
CUST00570,PAY00570,CUST00570,PAY00570,350,2025-04-13
CUST00571,PAY00571,CUST00571,PAY00571,487,2025-04-16
CUST00572,PAY00572,CUST00572,PAY00572,139,2025-02-24
CUST00573,PAY00573,CUST00573,PAY00573,45,2025-05-06
CUST00574,PAY00574,CUST00574,PAY00574,438,2025-04-18
CUST00575,PAY00575,CUST00575,PAY00575,11,2025-04-03
CUST00576,PAY00576,CUST00576,PAY00576,368,2025-05-04
CUST00577,PAY00577,CUST00577,PAY00577,431,2025-02-25
CUST00578,PAY00578,CUST00578,PAY00578,322,2025-04-14
CUST00579,PAY00579,CUST00579,PAY00579,32,2025-03-14
CUST00580,PAY00580,CUST00580,PAY00580,192,2025-04-13
CUST00581,PAY00581,CUST00581,PAY00581,343,2025-01-26
CUST00582,PAY00582,CUST00582,PAY00582,75,2025-01-04
CUST00583,PAY00583,CUST00583,PAY00583,464,2025-05-01
CUST00584,PAY00584,CUST00584,PAY00584,87,2025-03-12
CUST00585,PAY00585,CUST00585,PAY00585,183,2025-02-13
CUST00586,PAY00586,CUST00586,PAY00586,134,2025-03-26
CUST00587,PAY00587,CUST00587,PAY00587,257,2025-03-07
CUST00588,PAY00588,CUST00588,PAY00588,2,2025-01-18
CUST00589,PAY00589,CUST00589,PAY00589,355,2025-01-11
CUST00590,PAY00590,CUST00590,PAY00590,124,2025-02-12
CUST00591,PAY00591,CUST00591,PAY00591,424,2025-01-02
CUST00592,PAY00592,CUST00592,PAY00592,247,2025-04-01
CUST00593,PAY00593,CUST00593,PAY00593,494,2025-02-17
CUST00594,PAY00594,CUST00594,PAY00594,258,2025-02-19
CUST00595,PAY00595,CUST00595,PAY00595,263,2025-03-26
CUST00596,PAY00596,CUST00596,PAY00596,66,2025-03-20
CUST00597,PAY00597,CUST00597,PAY00597,474,2025-01-20
CUST00598,PAY00598,CUST00598,PAY00598,42,2025-03-24
CUST00599,PAY00599,CUST00599,PAY00599,11,2025-05-10
CUST00600,PAY00600,CUST00600,PAY00600,475,2025-02-27
CUST00601,PAY00601,CUST00601,PAY00601,238,2025-05-01
CUST00602,PAY00602,CUST00602,PAY00602,376,2025-03-20
CUST00603,PAY00603,CUST00603,PAY00603,215,2025-03-13
CUST00604,PAY00604,CUST00604,PAY00604,420,2025-04-26
CUST00605,PAY00605,CUST00605,PAY00605,180,2025-04-14
CUST00606,PAY00606,CUST00606,PAY00606,374,2025-04-10
CUST00607,PAY00607,CUST00607,PAY00607,388,2025-03-03
CUST00608,PAY00608,CUST00608,PAY00608,307,2025-02-08
CUST00609,PAY00609,CUST00609,PAY00609,449,2025-04-03
CUST00610,PAY00610,CUST00610,PAY00610,262,2025-03-28
CUST00611,PAY00611,CUST00611,PAY00611,208,2025-01-02
CUST00612,PAY00612,CUST00612,PAY00612,361,2025-01-04
CUST00613,PAY00613,CUST00613,PAY00613,386,2025-01-30
CUST00614,PAY00614,CUST00614,PAY00614,213,2025-04-25
CUST00615,PAY00615,CUST00615,PAY00615,97,2025-05-03
CUST00616,PAY00616,CUST00616,PAY00616,362,2025-03-21
CUST00617,PAY00617,CUST00617,PAY00617,82,2025-03-04
CUST00618,PAY00618,CUST00618,PAY00618,310,2025-01-07
CUST00619,PAY00619,CUST00619,PAY00619,77,2025-04-05
CUST00620,PAY00620,CUST00620,PAY00620,268,2025-04-24
CUST00621,PAY00621,CUST00621,PAY00621,18,2025-03-02
CUST00622,PAY00622,CUST00622,PAY00622,455,2025-01-18
CUST00623,PAY00623,CUST00623,PAY00623,410,2025-03-08
CUST00624,PAY00624,CUST00624,PAY00624,376,2025-02-05
CUST00625,PAY00625,CUST00625,PAY00625,80,2025-02-15
CUST00626,PAY00626,CUST00626,PAY00626,91,2025-03-19
CUST00627,PAY00627,CUST00627,PAY00627,240,2025-02-14
CUST00628,PAY00628,CUST00628,PAY00628,200,2025-01-23
CUST00629,PAY00629,CUST00629,PAY00629,146,2025-03-05
CUST00630,PAY00630,CUST00630,PAY00630,152,2025-01-07
CUST00631,PAY00631,CUST00631,PAY00631,173,2025-03-14
CUST00632,PAY00632,CUST00632,PAY00632,64,2025-02-28
CUST00633,PAY00633,CUST00633,PAY00633,114,2025-03-24
CUST00634,PAY00634,CUST00634,PAY00634,170,2025-01-20
CUST00635,PAY00635,CUST00635,PAY00635,205,2025-04-16
CUST00636,PAY00636,CUST00636,PAY00636,161,2025-04-07
CUST00637,PAY00637,CUST00637,PAY00637,114,2025-02-22
CUST00638,PAY00638,CUST00638,PAY00638,228,2025-04-25
CUST00639,PAY00639,CUST00639,PAY00639,123,2025-02-19
CUST00640,PAY00640,CUST00640,PAY00640,76,2025-05-07
CUST00641,PAY00641,CUST00641,PAY00641,42,2025-01-13
CUST00642,PAY00642,CUST00642,PAY00642,383,2025-04-10
CUST00643,PAY00643,CUST00643,PAY00643,219,2025-04-26
CUST00644,PAY00644,CUST00644,PAY00644,407,2025-01-25
CUST00645,PAY00645,CUST00645,PAY00645,65,2025-02-22
CUST00646,PAY00646,CUST00646,PAY00646,303,2025-02-15
CUST00647,PAY00647,CUST00647,PAY00647,263,2025-03-25
CUST00648,PAY00648,CUST00648,PAY00648,188,2025-04-18
CUST00649,PAY00649,CUST00649,PAY00649,299,2025-01-16
CUST00650,PAY00650,CUST00650,PAY00650,486,2025-01-25
CUST00651,PAY00651,CUST00651,PAY00651,148,2025-03-10
CUST00652,PAY00652,CUST00652,PAY00652,320,2025-04-20
CUST00653,PAY00653,CUST00653,PAY00653,78,2025-01-30
CUST00654,PAY00654,CUST00654,PAY00654,481,2025-03-09
CUST00655,PAY00655,CUST00655,PAY00655,407,2025-04-28
CUST00656,PAY00656,CUST00656,PAY00656,209,2025-01-07
CUST00657,PAY00657,CUST00657,PAY00657,429,2025-05-04
CUST00658,PAY00658,CUST00658,PAY00658,435,2025-01-14
CUST00659,PAY00659,CUST00659,PAY00659,143,2025-03-26
CUST00660,PAY00660,CUST00660,PAY00660,284,2025-05-10
CUST00661,PAY00661,CUST00661,PAY00661,340,2025-01-28
CUST00662,PAY00662,CUST00662,PAY00662,32,2025-02-07
CUST00663,PAY00663,CUST00663,PAY00663,223,2025-03-18
CUST00664,PAY00664,CUST00664,PAY00664,426,2025-01-20
CUST00665,PAY00665,CUST00665,PAY00665,410,2025-01-22
CUST00666,PAY00666,CUST00666,PAY00666,415,2025-03-30
CUST00667,PAY00667,CUST00667,PAY00667,153,2025-02-11
CUST00668,PAY00668,CUST00668,PAY00668,121,2025-02-25
CUST00669,PAY00669,CUST00669,PAY00669,282,2025-01-14
CUST00670,PAY00670,CUST00670,PAY00670,471,2025-01-30
CUST00671,PAY00671,CUST00671,PAY00671,436,2025-01-14
CUST00672,PAY00672,CUST00672,PAY00672,436,2025-04-04
CUST00673,PAY00673,CUST00673,PAY00673,212,2025-04-17
CUST00674,PAY00674,CUST00674,PAY00674,42,2025-05-10
CUST00675,PAY00675,CUST00675,PAY00675,148,2025-04-16
CUST00676,PAY00676,CUST00676,PAY00676,182,2025-01-05
CUST00677,PAY00677,CUST00677,PAY00677,397,2025-01-01
CUST00678,PAY00678,CUST00678,PAY00678,82,2025-03-14
CUST00679,PAY00679,CUST00679,PAY00679,428,2025-02-18
CUST00680,PAY00680,CUST00680,PAY00680,468,2025-04-28
CUST00681,PAY00681,CUST00681,PAY00681,206,2025-04-09
CUST00682,PAY00682,CUST00682,PAY00682,181,2025-05-02
CUST00683,PAY00683,CUST00683,PAY00683,39,2025-01-17
CUST00684,PAY00684,CUST00684,PAY00684,386,2025-01-07
CUST00685,PAY00685,CUST00685,PAY00685,115,2025-03-27
CUST00686,PAY00686,CUST00686,PAY00686,7,2025-05-01
CUST00687,PAY00687,CUST00687,PAY00687,384,2025-03-06
CUST00688,PAY00688,CUST00688,PAY00688,17,2025-01-19
CUST00689,PAY00689,CUST00689,PAY00689,196,2025-04-11
CUST00690,PAY00690,CUST00690,PAY00690,228,2025-03-14
CUST00691,PAY00691,CUST00691,PAY00691,357,2025-01-07
CUST00692,PAY00692,CUST00692,PAY00692,227,2025-05-01
CUST00693,PAY00693,CUST00693,PAY00693,256,2025-04-14
CUST00694,PAY00694,CUST00694,PAY00694,473,2025-02-01
CUST00695,PAY00695,CUST00695,PAY00695,399,2025-02-01
CUST00696,PAY00696,CUST00696,PAY00696,266,2025-04-07
CUST00697,PAY00697,CUST00697,PAY00697,482,2025-03-20
CUST00698,PAY00698,CUST00698,PAY00698,464,2025-03-03
CUST00699,PAY00699,CUST00699,PAY00699,99,2025-01-11
CUST00700,PAY00700,CUST00700,PAY00700,261,2025-01-11
CUST00701,PAY00701,CUST00701,PAY00701,35,2025-01-17
CUST00702,PAY00702,CUST00702,PAY00702,250,2025-04-01
CUST00703,PAY00703,CUST00703,PAY00703,201,2025-03-15
CUST00704,PAY00704,CUST00704,PAY00704,246,2025-03-14
CUST00705,PAY00705,CUST00705,PAY00705,110,2025-01-17
CUST00706,PAY00706,CUST00706,PAY00706,467,2025-04-14
CUST00707,PAY00707,CUST00707,PAY00707,343,2025-01-17
CUST00708,PAY00708,CUST00708,PAY00708,281,2025-01-18
CUST00709,PAY00709,CUST00709,PAY00709,291,2025-05-05
CUST00710,PAY00710,CUST00710,PAY00710,159,2025-01-27
CUST00711,PAY00711,CUST00711,PAY00711,71,2025-01-07
CUST00712,PAY00712,CUST00712,PAY00712,485,2025-03-29
CUST00713,PAY00713,CUST00713,PAY00713,452,2025-01-07
CUST00714,PAY00714,CUST00714,PAY00714,412,2025-04-25
CUST00715,PAY00715,CUST00715,PAY00715,388,2025-04-25
CUST00716,PAY00716,CUST00716,PAY00716,479,2025-04-28
CUST00717,PAY00717,CUST00717,PAY00717,354,2025-03-15
CUST00718,PAY00718,CUST00718,PAY00718,283,2025-03-26
CUST00719,PAY00719,CUST00719,PAY00719,149,2025-04-30
CUST00720,PAY00720,CUST00720,PAY00720,110,2025-03-18
CUST00721,PAY00721,CUST00721,PAY00721,456,2025-04-12
CUST00722,PAY00722,CUST00722,PAY00722,3,2025-04-12
CUST00723,PAY00723,CUST00723,PAY00723,354,2025-04-24
CUST00724,PAY00724,CUST00724,PAY00724,98,2025-05-02
CUST00725,PAY00725,CUST00725,PAY00725,134,2025-04-19
CUST00726,PAY00726,CUST00726,PAY00726,44,2025-05-10
CUST00727,PAY00727,CUST00727,PAY00727,25,2025-02-10
CUST00728,PAY00728,CUST00728,PAY00728,458,2025-04-03
CUST00729,PAY00729,CUST00729,PAY00729,386,2025-02-19
CUST00730,PAY00730,CUST00730,PAY00730,293,2025-05-07
CUST00731,PAY00731,CUST00731,PAY00731,303,2025-03-31
CUST00732,PAY00732,CUST00732,PAY00732,22,2025-04-03
CUST00733,PAY00733,CUST00733,PAY00733,410,2025-02-17
CUST00734,PAY00734,CUST00734,PAY00734,2,2025-01-24
CUST00735,PAY00735,CUST00735,PAY00735,90,2025-02-23
CUST00736,PAY00736,CUST00736,PAY00736,439,2025-03-22
CUST00737,PAY00737,CUST00737,PAY00737,252,2025-02-17
CUST00738,PAY00738,CUST00738,PAY00738,88,2025-03-29
CUST00739,PAY00739,CUST00739,PAY00739,145,2025-04-07
CUST00740,PAY00740,CUST00740,PAY00740,485,2025-03-10
CUST00741,PAY00741,CUST00741,PAY00741,372,2025-04-14
CUST00742,PAY00742,CUST00742,PAY00742,227,2025-03-07
CUST00743,PAY00743,CUST00743,PAY00743,112,2025-03-19
CUST00744,PAY00744,CUST00744,PAY00744,6,2025-01-01
CUST00745,PAY00745,CUST00745,PAY00745,402,2025-02-12
CUST00746,PAY00746,CUST00746,PAY00746,202,2025-02-23
CUST00747,PAY00747,CUST00747,PAY00747,329,2025-02-07
CUST00748,PAY00748,CUST00748,PAY00748,348,2025-03-30
CUST00749,PAY00749,CUST00749,PAY00749,499,2025-01-27
CUST00750,PAY00750,CUST00750,PAY00750,36,2025-03-20
CUST00751,PAY00751,CUST00751,PAY00751,421,2025-03-01
CUST00752,PAY00752,CUST00752,PAY00752,382,2025-04-30
CUST00753,PAY00753,CUST00753,PAY00753,398,2025-02-02
CUST00754,PAY00754,CUST00754,PAY00754,178,2025-05-02
CUST00755,PAY00755,CUST00755,PAY00755,397,2025-04-22
CUST00756,PAY00756,CUST00756,PAY00756,368,2025-04-08
CUST00757,PAY00757,CUST00757,PAY00757,139,2025-04-13
CUST00758,PAY00758,CUST00758,PAY00758,66,2025-04-21
CUST00759,PAY00759,CUST00759,PAY00759,61,2025-04-10
CUST00760,PAY00760,CUST00760,PAY00760,69,2025-03-16
CUST00761,PAY00761,CUST00761,PAY00761,386,2025-02-20
CUST00762,PAY00762,CUST00762,PAY00762,464,2025-01-04
CUST00763,PAY00763,CUST00763,PAY00763,490,2025-02-01
CUST00764,PAY00764,CUST00764,PAY00764,414,2025-04-21
CUST00765,PAY00765,CUST00765,PAY00765,250,2025-03-23
CUST00766,PAY00766,CUST00766,PAY00766,9,2025-04-03
CUST00767,PAY00767,CUST00767,PAY00767,301,2025-05-01
CUST00768,PAY00768,CUST00768,PAY00768,272,2025-02-04
CUST00769,PAY00769,CUST00769,PAY00769,392,2025-02-26
CUST00770,PAY00770,CUST00770,PAY00770,85,2025-01-29
CUST00771,PAY00771,CUST00771,PAY00771,166,2025-01-18
CUST00772,PAY00772,CUST00772,PAY00772,483,2025-05-07
CUST00773,PAY00773,CUST00773,PAY00773,282,2025-04-03
CUST00774,PAY00774,CUST00774,PAY00774,35,2025-04-17
CUST00775,PAY00775,CUST00775,PAY00775,192,2025-01-05
CUST00776,PAY00776,CUST00776,PAY00776,120,2025-02-16
CUST00777,PAY00777,CUST00777,PAY00777,208,2025-01-28
CUST00778,PAY00778,CUST00778,PAY00778,33,2025-02-12
CUST00779,PAY00779,CUST00779,PAY00779,60,2025-04-16
CUST00780,PAY00780,CUST00780,PAY00780,239,2025-05-07
CUST00781,PAY00781,CUST00781,PAY00781,344,2025-03-02
CUST00782,PAY00782,CUST00782,PAY00782,306,2025-02-11
CUST00783,PAY00783,CUST00783,PAY00783,259,2025-05-02
CUST00784,PAY00784,CUST00784,PAY00784,389,2025-04-24
CUST00785,PAY00785,CUST00785,PAY00785,487,2025-04-24
CUST00786,PAY00786,CUST00786,PAY00786,391,2025-03-30
CUST00787,PAY00787,CUST00787,PAY00787,140,2025-02-13
CUST00788,PAY00788,CUST00788,PAY00788,280,2025-04-24
CUST00789,PAY00789,CUST00789,PAY00789,459,2025-02-20
CUST00790,PAY00790,CUST00790,PAY00790,210,2025-02-25
CUST00791,PAY00791,CUST00791,PAY00791,470,2025-04-10
CUST00792,PAY00792,CUST00792,PAY00792,82,2025-05-06
CUST00793,PAY00793,CUST00793,PAY00793,489,2025-02-19
CUST00794,PAY00794,CUST00794,PAY00794,92,2025-02-28
CUST00795,PAY00795,CUST00795,PAY00795,41,2025-01-03
CUST00796,PAY00796,CUST00796,PAY00796,28,2025-03-14
CUST00797,PAY00797,CUST00797,PAY00797,271,2025-01-26
CUST00798,PAY00798,CUST00798,PAY00798,180,2025-04-17
CUST00799,PAY00799,CUST00799,PAY00799,339,2025-01-10
CUST00800,PAY00800,CUST00800,PAY00800,87,2025-04-17
CUST00801,PAY00801,CUST00801,PAY00801,398,2025-04-04
CUST00802,PAY00802,CUST00802,PAY00802,244,2025-03-25
CUST00803,PAY00803,CUST00803,PAY00803,214,2025-02-09
CUST00804,PAY00804,CUST00804,PAY00804,410,2025-02-15
CUST00805,PAY00805,CUST00805,PAY00805,140,2025-03-17
CUST00806,PAY00806,CUST00806,PAY00806,388,2025-01-18
CUST00807,PAY00807,CUST00807,PAY00807,440,2025-03-27
CUST00808,PAY00808,CUST00808,PAY00808,463,2025-02-05
CUST00809,PAY00809,CUST00809,PAY00809,21,2025-04-09
CUST00810,PAY00810,CUST00810,PAY00810,262,2025-02-02
CUST00811,PAY00811,CUST00811,PAY00811,245,2025-04-14
CUST00812,PAY00812,CUST00812,PAY00812,148,2025-05-05
CUST00813,PAY00813,CUST00813,PAY00813,354,2025-03-04
CUST00814,PAY00814,CUST00814,PAY00814,68,2025-05-08
CUST00815,PAY00815,CUST00815,PAY00815,369,2025-04-09
CUST00816,PAY00816,CUST00816,PAY00816,254,2025-02-07
CUST00817,PAY00817,CUST00817,PAY00817,383,2025-01-25
CUST00818,PAY00818,CUST00818,PAY00818,399,2025-01-30
CUST00819,PAY00819,CUST00819,PAY00819,415,2025-03-16
CUST00820,PAY00820,CUST00820,PAY00820,364,2025-04-20
CUST00821,PAY00821,CUST00821,PAY00821,375,2025-02-08
CUST00822,PAY00822,CUST00822,PAY00822,57,2025-03-20
CUST00823,PAY00823,CUST00823,PAY00823,460,2025-03-20
CUST00824,PAY00824,CUST00824,PAY00824,187,2025-03-29
CUST00825,PAY00825,CUST00825,PAY00825,219,2025-03-07
CUST00826,PAY00826,CUST00826,PAY00826,35,2025-01-15
CUST00827,PAY00827,CUST00827,PAY00827,63,2025-04-18
CUST00828,PAY00828,CUST00828,PAY00828,268,2025-01-31
CUST00829,PAY00829,CUST00829,PAY00829,77,2025-01-16
CUST00830,PAY00830,CUST00830,PAY00830,88,2025-02-05
CUST00831,PAY00831,CUST00831,PAY00831,422,2025-02-22
CUST00832,PAY00832,CUST00832,PAY00832,243,2025-05-01
CUST00833,PAY00833,CUST00833,PAY00833,121,2025-04-07
CUST00834,PAY00834,CUST00834,PAY00834,37,2025-02-26
CUST00835,PAY00835,CUST00835,PAY00835,32,2025-03-16
CUST00836,PAY00836,CUST00836,PAY00836,128,2025-05-02
CUST00837,PAY00837,CUST00837,PAY00837,383,2025-04-03
CUST00838,PAY00838,CUST00838,PAY00838,426,2025-04-20
CUST00839,PAY00839,CUST00839,PAY00839,157,2025-01-23
CUST00840,PAY00840,CUST00840,PAY00840,337,2025-05-09
CUST00841,PAY00841,CUST00841,PAY00841,18,2025-04-24
CUST00842,PAY00842,CUST00842,PAY00842,31,2025-04-04
CUST00843,PAY00843,CUST00843,PAY00843,198,2025-02-06
CUST00844,PAY00844,CUST00844,PAY00844,271,2025-01-05
CUST00845,PAY00845,CUST00845,PAY00845,84,2025-01-23
CUST00846,PAY00846,CUST00846,PAY00846,495,2025-05-03
CUST00847,PAY00847,CUST00847,PAY00847,235,2025-02-04
CUST00848,PAY00848,CUST00848,PAY00848,291,2025-04-07
CUST00849,PAY00849,CUST00849,PAY00849,359,2025-02-05
CUST00850,PAY00850,CUST00850,PAY00850,420,2025-01-25
CUST00851,PAY00851,CUST00851,PAY00851,64,2025-03-28
CUST00852,PAY00852,CUST00852,PAY00852,13,2025-04-23
CUST00853,PAY00853,CUST00853,PAY00853,239,2025-03-06
CUST00854,PAY00854,CUST00854,PAY00854,349,2025-03-18
CUST00855,PAY00855,CUST00855,PAY00855,82,2025-05-02
CUST00856,PAY00856,CUST00856,PAY00856,457,2025-02-11
CUST00857,PAY00857,CUST00857,PAY00857,263,2025-04-06
CUST00858,PAY00858,CUST00858,PAY00858,172,2025-03-14
CUST00859,PAY00859,CUST00859,PAY00859,412,2025-01-12
CUST00860,PAY00860,CUST00860,PAY00860,80,2025-04-24
CUST00861,PAY00861,CUST00861,PAY00861,348,2025-05-06
CUST00862,PAY00862,CUST00862,PAY00862,189,2025-04-26
CUST00863,PAY00863,CUST00863,PAY00863,11,2025-04-17
CUST00864,PAY00864,CUST00864,PAY00864,172,2025-02-05
CUST00865,PAY00865,CUST00865,PAY00865,281,2025-02-20
CUST00866,PAY00866,CUST00866,PAY00866,379,2025-03-16
CUST00867,PAY00867,CUST00867,PAY00867,226,2025-04-22
CUST00868,PAY00868,CUST00868,PAY00868,96,2025-02-12
CUST00869,PAY00869,CUST00869,PAY00869,359,2025-03-09
CUST00870,PAY00870,CUST00870,PAY00870,279,2025-03-21
CUST00871,PAY00871,CUST00871,PAY00871,319,2025-05-08
CUST00872,PAY00872,CUST00872,PAY00872,430,2025-04-26
CUST00873,PAY00873,CUST00873,PAY00873,388,2025-02-06
CUST00874,PAY00874,CUST00874,PAY00874,383,2025-01-07
CUST00875,PAY00875,CUST00875,PAY00875,23,2025-01-06
CUST00876,PAY00876,CUST00876,PAY00876,158,2025-04-19
CUST00877,PAY00877,CUST00877,PAY00877,402,2025-02-06
CUST00878,PAY00878,CUST00878,PAY00878,135,2025-01-15
CUST00879,PAY00879,CUST00879,PAY00879,414,2025-02-15
CUST00880,PAY00880,CUST00880,PAY00880,12,2025-04-13
CUST00881,PAY00881,CUST00881,PAY00881,426,2025-04-20
CUST00882,PAY00882,CUST00882,PAY00882,321,2025-01-21
CUST00883,PAY00883,CUST00883,PAY00883,30,2025-01-05
CUST00884,PAY00884,CUST00884,PAY00884,44,2025-01-13
CUST00885,PAY00885,CUST00885,PAY00885,457,2025-02-10
CUST00886,PAY00886,CUST00886,PAY00886,432,2025-02-10
CUST00887,PAY00887,CUST00887,PAY00887,336,2025-03-08
CUST00888,PAY00888,CUST00888,PAY00888,20,2025-03-25
CUST00889,PAY00889,CUST00889,PAY00889,168,2025-02-11
CUST00890,PAY00890,CUST00890,PAY00890,499,2025-01-26
CUST00891,PAY00891,CUST00891,PAY00891,384,2025-04-02
CUST00892,PAY00892,CUST00892,PAY00892,244,2025-02-28
CUST00893,PAY00893,CUST00893,PAY00893,438,2025-04-03
CUST00894,PAY00894,CUST00894,PAY00894,500,2025-04-28
CUST00895,PAY00895,CUST00895,PAY00895,38,2025-01-24
CUST00896,PAY00896,CUST00896,PAY00896,58,2025-04-18
CUST00897,PAY00897,CUST00897,PAY00897,36,2025-01-27
CUST00898,PAY00898,CUST00898,PAY00898,122,2025-01-02
CUST00899,PAY00899,CUST00899,PAY00899,90,2025-01-26
CUST00900,PAY00900,CUST00900,PAY00900,223,2025-02-25
CUST00901,PAY00901,CUST00901,PAY00901,367,2025-01-14
CUST00902,PAY00902,CUST00902,PAY00902,167,2025-03-02
CUST00903,PAY00903,CUST00903,PAY00903,489,2025-03-04
CUST00904,PAY00904,CUST00904,PAY00904,35,2025-04-30
CUST00905,PAY00905,CUST00905,PAY00905,47,2025-01-19
CUST00906,PAY00906,CUST00906,PAY00906,334,2025-02-08
CUST00907,PAY00907,CUST00907,PAY00907,81,2025-01-21
CUST00908,PAY00908,CUST00908,PAY00908,278,2025-03-28
CUST00909,PAY00909,CUST00909,PAY00909,258,2025-04-20
CUST00910,PAY00910,CUST00910,PAY00910,28,2025-01-29
CUST00911,PAY00911,CUST00911,PAY00911,206,2025-03-24
CUST00912,PAY00912,CUST00912,PAY00912,47,2025-01-23
CUST00913,PAY00913,CUST00913,PAY00913,211,2025-01-18
CUST00914,PAY00914,CUST00914,PAY00914,15,2025-01-17
CUST00915,PAY00915,CUST00915,PAY00915,249,2025-05-10
CUST00916,PAY00916,CUST00916,PAY00916,191,2025-01-30
CUST00917,PAY00917,CUST00917,PAY00917,366,2025-01-31
CUST00918,PAY00918,CUST00918,PAY00918,270,2025-03-10
CUST00919,PAY00919,CUST00919,PAY00919,31,2025-04-29
CUST00920,PAY00920,CUST00920,PAY00920,248,2025-01-22
CUST00921,PAY00921,CUST00921,PAY00921,289,2025-02-25
CUST00922,PAY00922,CUST00922,PAY00922,346,2025-04-23
CUST00923,PAY00923,CUST00923,PAY00923,115,2025-02-25
CUST00924,PAY00924,CUST00924,PAY00924,378,2025-03-10
CUST00925,PAY00925,CUST00925,PAY00925,127,2025-05-05
CUST00926,PAY00926,CUST00926,PAY00926,306,2025-02-05
CUST00927,PAY00927,CUST00927,PAY00927,417,2025-02-09
CUST00928,PAY00928,CUST00928,PAY00928,500,2025-01-15
CUST00929,PAY00929,CUST00929,PAY00929,338,2025-03-21
CUST00930,PAY00930,CUST00930,PAY00930,135,2025-01-29
CUST00931,PAY00931,CUST00931,PAY00931,96,2025-02-05
CUST00932,PAY00932,CUST00932,PAY00932,396,2025-02-06
CUST00933,PAY00933,CUST00933,PAY00933,377,2025-04-28
CUST00934,PAY00934,CUST00934,PAY00934,144,2025-03-04
CUST00935,PAY00935,CUST00935,PAY00935,301,2025-04-07
CUST00936,PAY00936,CUST00936,PAY00936,381,2025-04-15
CUST00937,PAY00937,CUST00937,PAY00937,321,2025-05-08
CUST00938,PAY00938,CUST00938,PAY00938,163,2025-01-09
CUST00939,PAY00939,CUST00939,PAY00939,390,2025-04-06
CUST00940,PAY00940,CUST00940,PAY00940,382,2025-03-08
CUST00941,PAY00941,CUST00941,PAY00941,485,2025-03-23
CUST00942,PAY00942,CUST00942,PAY00942,29,2025-04-20
CUST00943,PAY00943,CUST00943,PAY00943,17,2025-03-02
CUST00944,PAY00944,CUST00944,PAY00944,380,2025-01-22
CUST00945,PAY00945,CUST00945,PAY00945,116,2025-01-21
CUST00946,PAY00946,CUST00946,PAY00946,51,2025-01-24
CUST00947,PAY00947,CUST00947,PAY00947,464,2025-02-14
CUST00948,PAY00948,CUST00948,PAY00948,10,2025-01-04
CUST00949,PAY00949,CUST00949,PAY00949,327,2025-01-26
CUST00950,PAY00950,CUST00950,PAY00950,495,2025-04-10
CUST00951,PAY00951,CUST00951,PAY00951,239,2025-02-18
CUST00952,PAY00952,CUST00952,PAY00952,282,2025-02-27
CUST00953,PAY00953,CUST00953,PAY00953,273,2025-03-18
CUST00954,PAY00954,CUST00954,PAY00954,470,2025-02-21
CUST00955,PAY00955,CUST00955,PAY00955,376,2025-03-09
CUST00956,PAY00956,CUST00956,PAY00956,237,2025-05-06
CUST00957,PAY00957,CUST00957,PAY00957,7,2025-02-17
CUST00958,PAY00958,CUST00958,PAY00958,255,2025-01-24
CUST00959,PAY00959,CUST00959,PAY00959,337,2025-02-01
CUST00960,PAY00960,CUST00960,PAY00960,407,2025-04-13
CUST00961,PAY00961,CUST00961,PAY00961,322,2025-02-24
CUST00962,PAY00962,CUST00962,PAY00962,405,2025-01-01
CUST00963,PAY00963,CUST00963,PAY00963,387,2025-04-05
CUST00964,PAY00964,CUST00964,PAY00964,131,2025-02-18
CUST00965,PAY00965,CUST00965,PAY00965,416,2025-04-17
CUST00966,PAY00966,CUST00966,PAY00966,390,2025-04-02
CUST00967,PAY00967,CUST00967,PAY00967,248,2025-03-30
CUST00968,PAY00968,CUST00968,PAY00968,474,2025-04-08
CUST00969,PAY00969,CUST00969,PAY00969,375,2025-02-10
CUST00970,PAY00970,CUST00970,PAY00970,321,2025-05-10
CUST00971,PAY00971,CUST00971,PAY00971,364,2025-04-28
CUST00972,PAY00972,CUST00972,PAY00972,316,2025-02-21
CUST00973,PAY00973,CUST00973,PAY00973,417,2025-04-23
CUST00974,PAY00974,CUST00974,PAY00974,338,2025-04-19
CUST00975,PAY00975,CUST00975,PAY00975,432,2025-03-20
CUST00976,PAY00976,CUST00976,PAY00976,438,2025-01-04
CUST00977,PAY00977,CUST00977,PAY00977,120,2025-02-23
CUST00978,PAY00978,CUST00978,PAY00978,12,2025-03-19
CUST00979,PAY00979,CUST00979,PAY00979,402,2025-05-09
CUST00980,PAY00980,CUST00980,PAY00980,18,2025-05-10
CUST00981,PAY00981,CUST00981,PAY00981,50,2025-01-23
CUST00982,PAY00982,CUST00982,PAY00982,152,2025-05-04
CUST00983,PAY00983,CUST00983,PAY00983,142,2025-04-09
CUST00984,PAY00984,CUST00984,PAY00984,36,2025-01-23
CUST00985,PAY00985,CUST00985,PAY00985,248,2025-01-17
CUST00986,PAY00986,CUST00986,PAY00986,262,2025-03-02
CUST00987,PAY00987,CUST00987,PAY00987,68,2025-04-09
CUST00988,PAY00988,CUST00988,PAY00988,262,2025-05-09
CUST00989,PAY00989,CUST00989,PAY00989,51,2025-02-03
CUST00990,PAY00990,CUST00990,PAY00990,57,2025-03-16
CUST00991,PAY00991,CUST00991,PAY00991,119,2025-03-26
CUST00992,PAY00992,CUST00992,PAY00992,373,2025-01-02
CUST00993,PAY00993,CUST00993,PAY00993,245,2025-04-03
CUST00994,PAY00994,CUST00994,PAY00994,176,2025-01-12
CUST00995,PAY00995,CUST00995,PAY00995,74,2025-03-26
CUST00996,PAY00996,CUST00996,PAY00996,187,2025-01-04
CUST00997,PAY00997,CUST00997,PAY00997,200,2025-02-10
CUST00998,PAY00998,CUST00998,PAY00998,332,2025-04-12
CUST00999,PAY00999,CUST00999,PAY00999,140,2025-02-08
